Timestamp;ortsnetztrafo_Strom_L1;ortsnetztrafo_Strom_L2;ortsnetztrafo_Strom_L3;ortsnetztrafo_Spannung_L1N;ortsnetztrafo_Spannung_L2N;ortsnetztrafo_Spannung_L3N;ortsnetztrafo_Spannung_L12;ortsnetztrafo_Spannung_L23;ortsnetztrafo_Spannung_L31;ortsnetztrafo_Scheinleistung_L1;ortsnetztrafo_Scheinleistung_L2;ortsnetztrafo_Scheinleistung_L3;ortsnetztrafo_Wirkleistung_L1;ortsnetztrafo_Wirkleistung_L2;ortsnetztrafo_Wirkleistung_L3;ortsnetztrafo_Blindleistung_L1;ortsnetztrafo_Blindleistung_L2;ortsnetztrafo_Blindleistung_L3;ortsnetztrafo_Leistungsfaktor_L1;ortsnetztrafo_Leistungsfaktor_L2;ortsnetztrafo_Leistungsfaktor_L3;ortsnetztrafo_Frequenz;ortsnetztrafo_Scheinleistung_gesamt;ortsnetztrafo_Wirkleistung_gesamt;ortsnetztrafo_Blindleistung_gesamt;ortsnetztrafo_Leistungsfaktor_gesamt;smartmeter_Strom Phase L1;smartmeter_Strom Phase L2;smartmeter_Strom Phase L3;smartmeter_Strom gesamt;smartmeter_Spannung U1-N;smartmeter_Spannung U2-N;smartmeter_Spannung U3-N;smartmeter_Spannung U12;smartmeter_Spannung U23;smartmeter_Spannung U31;smartmeter_Wirkleistung gesamt;smartmeter_Wirkleistung Phase 1;smartmeter_Wirkleistung Phase 2;smartmeter_Wirkleistung Phase 3;smartmeter_Blindleistung gesamt;smartmeter_Blindleistung Phase 1;smartmeter_Blindleistung Phase 2;smartmeter_Blindleistung Phase 3;smartmeter_Scheinleistung gesamt;smartmeter_Scheinleistung Phase 1;smartmeter_Scheinleistung Phase 2;smartmeter_Scheinleistung Phase 3;smartmeter_Powerfactor gesamt;smartmeter_Powerfactor Phase 1;smartmeter_Powerfactor Phase 2;smartmeter_Powerfactor Phase 3;smartmeter_Frequenz;wechselrichter_Status;wechselrichter_Frequenz [Hz];wechselrichter_Strom Phase L1 [A];wechselrichter_Strom Phase L2 [A];wechselrichter_Strom Phase L3 [A];wechselrichter_Spannung U1-N [V];wechselrichter_Spannung U2-N [V];wechselrichter_Spannung U3-N [V];wechselrichter_Spannung U12 [V];wechselrichter_Spannung U23 [V];wechselrichter_Spannung U31 [V];wechselrichter_Wirkleistung gesamt [W];wechselrichter_Blindleistung gesamt [var];wechselrichter_Scheinleistung gesamt [VA];wechselrichter_Powerfactor gesamt;wechselrichter_Lebensdauer Energie [Wh];wechselrichter_DC Leistung gesamt [W];sim_data_timestamp;sim_data_pv_power_mpp;sim_data_voltage_mpp;sim_data_amps_mpp;sim_data_load_power_total;sim_data_load_power_phase;sim_data_expected_power;sim_data_expected_power_wr
2026-04-24 18:01:14;0.3908669948577881;0.2652796804904938;0.256633460521698;233.88589477539062;234.28953552246094;234.71640014648438;405.43255615234375;406.15032958984375;406.02783203125;93.29276275634766;61.3022346496582;59.12775421142578;20.20285415649414;16.26877784729004;13.62085247039795;-45.11740493774414;16.426101684570312;20.86607551574707;0.21394412219524384;0.286790668964386;0.2552795112133026;50.051788330078125;211.2156524658203;54.16156768798828;8.770334243774414;0.24639613926410675;-0.41200000047683716;-0.07800000160932541;-0.23999999463558197;-0.7300000190734863;251.8000030517578;249.39999389648438;248.6999969482422;434.0;431.29998779296875;433.3999938964844;-12.399999618530273;-0.5;-5.199999809265137;-8.199999809265137;-18.399999618530273;-58.900001525878906;19.100000381469727;21.299999237060547;101.69999694824219;58.900001525878906;19.799999237060547;22.899999618530273;-0.5529999732971191;-0.010999999940395355;0.2160000056028366;0.31200000643730164;50.0;MPPT;50.06879425048828;0.24606698751449585;0.24017633497714996;0.25135162472724915;250.67991638183594;248.1631317138672;247.5522918701172;431.8125305175781;428.7543640136719;432.2348327636719;182.00704956054688;-17.679996490478516;182.86373901367188;99.5315170288086;242805.265625;222.5217742919922;2016-07-11 05:15:00;220.30264732938107;580.474911754369;0.37952139337695145;161.9019203645438;53;-53.99467401824964;-215.89659438279344
2026-04-24 18:01:43;0.4021758437156677;0.25725865364074707;0.25587931275367737;233.56280517578125;233.98712158203125;234.63522338867188;404.7499084472656;405.87939453125;405.449462890625;94.43289947509766;64.23133087158203;67.27436828613281;-17.438566207885742;-24.99028778076172;-29.572052001953125;-33.081573486328125;30.511898040771484;32.96894836425781;0.21552343666553497;0.30669906735420227;0.4274216294288635;50.057796478271484;225.6658935546875;-70.43202209472656;11.924766540527344;0.26645374298095703;-0.4779999852180481;-0.33899998664855957;-0.3319999873638153;-1.1490000486373901;251.5;249.0;248.3000030517578;433.3999938964844;430.6000061035156;432.79998779296875;-159.5;-49.79999923706055;-53.5;-56.099998474121094;-44.79999923706055;-66.0999984741211;11.800000190734863;9.399999618530273;194.60000610351562;82.80000305175781;54.79999923706055;56.900001525878906;-0.9440000057220459;-0.5550000071525574;0.9879999756813049;0.9879999756813049;50.0;MPPT;50.063926696777344;0.5395873188972473;0.5327768921852112;0.5434182286262512;250.36671447753906;248.02133178710938;247.26995849609375;431.36505126953125;428.4514465332031;431.7063903808594;401.09881591796875;14.84488296508789;401.3734130859375;-99.93158721923828;242805.265625;435.7804870605469;2016-07-11 05:30:00;440.60529465876215;581.9685320918671;0.7570947059199586;219.0449712487794;73;-212.74821751680747;-431.7931887655869
2026-04-24 18:02:10;0.45826491713523865;0.3843066394329071;0.39775627851486206;233.3328857421875;233.73500061035156;234.4722442626953;404.61126708984375;405.586669921875;405.1056823730469;109.16730499267578;90.34770965576172;93.12359619140625;-65.06240844726562;-66.09693145751953;-73.338134765625;-33.306392669677734;32.69845199584961;30.448556900024414;0.5985561609268188;0.745216429233551;0.7921659350395203;50.05479431152344;291.4773254394531;-204.18495178222656;19.621074676513672;0.7005571722984314;-0.5740000009536743;-0.4749999940395355;-0.47099998593330383;-1.5199999809265137;251.6999969482422;249.10000610351562;248.39999389648438;433.70001220703125;430.79998779296875;433.1000061035156;-306.5;-98.5999984741211;-101.5;-104.30000305175781;-45.70000076293945;-66.30000305175781;11.899999618530273;8.600000381469727;325.0;118.0;102.19999694824219;104.69999694824219;-0.9829999804496765;-0.8059999942779541;0.9980000257492065;0.996999979019165;50.0;MPPT;50.061492919921875;0.8131167888641357;0.8060003519058228;0.8165996074676514;250.5991668701172;247.74966430664062;247.51715087890625;431.490478515625;428.2997131347656;432.0957336425781;605.1109619140625;15.338606834411621;605.3053588867188;-99.96788787841797;242805.265625;652.1913452148438;2016-07-11 05:45:00;660.9079419881433;583.4621524293653;1.1327348984613936;304.76293804925683;101;-342.9268450991236;-647.6897831483805
2026-04-24 18:02:40;0.7060822248458862;0.6842868328094482;0.7092638611793518;233.4423828125;233.97967529296875;234.53883361816406;404.811767578125;405.7696228027344;405.3799743652344;162.45126342773438;160.12449645996094;166.3533477783203;-140.06854248046875;-143.73162841796875;-153.82310485839844;-23.79659652709961;45.003143310546875;39.51045608520508;0.8667463660240173;0.9078145027160645;0.9299074411392212;50.057044982910156;484.707275390625;-440.7784423828125;37.2214241027832;0.9000651240348816;-0.8500000238418579;-0.7929999828338623;-0.7990000247955322;-2.441999912261963;252.3000030517578;249.8000030517578;249.10000610351562;434.79998779296875;432.0;434.20001220703125;-557.0;-182.60000610351562;-188.39999389648438;-191.10000610351562;-57.900001525878906;-72.19999694824219;6.5;7.699999809265137;578.7000122070312;198.8000030517578;188.5;191.3000030517578;-0.9950000047683716;-0.9419999718666077;0.9980000257492065;0.996999979019165;50.0;MPPT;50.05663299560547;1.107437252998352;1.1005785465240479;1.1114141941070557;250.94190979003906;248.52911376953125;247.8331756591797;432.30792236328125;429.3433837890625;432.7240295410156;826.8306884765625;-1.1955039501190186;826.83154296875;99.99989318847656;242805.265625;874.4710693359375;2016-07-11 06:00:00;881.2105893175243;584.9557727668634;1.5064567790302574;266.66757079309974;88;-596.918806738074;-863.5863775311738
2026-04-24 18:03:11;1.9625499248504639;1.9893014430999756;2.0435075759887695;233.55078125;234.09869384765625;234.62786865234375;405.0204162597656;405.9159851074219;405.4030456542969;458.6399841308594;465.2944641113281;478.039794921875;-453.62445068359375;-457.7389221191406;-475.6754455566406;-1.8368762731552124;63.67036437988281;53.04042053222656;0.9897719025611877;0.9849434494972229;0.992146909236908;50.04352569580078;1404.8394775390625;-1385.5472412109375;122.55332946777344;0.9881333708763123;-2.124000072479248;-2.124000072479248;-2.132999897003174;-6.38100004196167;252.89999389648438;250.39999389648438;249.6999969482422;435.79998779296875;433.0;435.20001220703125;-1581.300048828125;-525.2000122070312;-527.2999877929688;-528.7000122070312;-47.099998474121094;-68.0999984741211;11.600000381469727;11.100000381469727;1587.800048828125;530.2000122070312;528.0999755859375;529.2999877929688;1.0;-0.9919999837875366;1.0;1.0;50.0;MPPT;50.05086135864258;2.3491244316101074;2.341737985610962;2.3530118465423584;251.848388671875;249.32354736328125;248.77195739746094;433.7880859375;430.7743835449219;434.38330078125;1760.78173828125;1.3046501874923706;1760.7822265625;-99.99996948242188;242805.265625;1827.543701171875;2016-07-11 06:15:00;1838.3871942515707;591.4452928023145;3.10829626446285;190.4768362807855;63;-1611.1426140857538;-1801.6194503665392
2026-04-24 18:03:43;3.276134729385376;3.3007137775421143;3.3783912658691406;233.3323211669922;234.03042602539062;234.6477813720703;404.4493408203125;405.5252685546875;404.83160400390625;763.5692749023438;771.9710693359375;791.7286376953125;-763.1122436523438;-766.1156005859375;-789.4785766601562;22.633243560791016;94.62261199951172;73.88191986083984;0.9988722205162048;0.9915938973426819;0.9961685538291931;50.0510368347168;2328.242919921875;-2317.8779296875;175.7630615234375;0.9964293241500854;-3.428999900817871;-3.444000005722046;-3.4519999027252197;-10.324999809265137;253.10000610351562;250.89999389648438;250.1999969482422;436.3999938964844;433.8999938964844;435.79998779296875;-2581.5;-859.9000244140625;-860.5999755859375;-860.9000244140625;-58.900001525878906;-71.80000305175781;8.899999618530273;3.9000000953674316;2584.60009765625;862.9000244140625;860.5999755859375;860.9000244140625;1.0;-0.9959999918937683;1.0;1.0;50.0;MPPT;50.04933166503906;3.5773305892944336;3.5697760581970215;3.581157684326172;252.28952026367188;250.14767456054688;249.4712677001953;434.81475830078125;432.1211242675781;435.41229248046875;2688.81640625;5.954237461090088;2688.822998046875;-99.999755859375;242805.265625;2774.75732421875;2016-07-11 06:30:00;2795.57281449662;597.9348739602806;4.675380106165749;133.33378539654987;44;-2606.3275728101376;-2739.6613582066875
2026-04-24 18:04:10;4.473506450653076;4.495802402496338;4.594517230987549;233.07073974609375;233.86766052246094;234.47634887695312;404.3384094238281;405.62884521484375;404.8435974121094;1043.0364990234375;1051.26513671875;1077.29931640625;-1043.8778076171875;-1045.877685546875;-1075.73681640625;38.811397552490234;112.86846923828125;88.87726593017578;1.0;0.9935815930366516;0.9978541731834412;50.04502487182617;3172.71337890625;-3163.35986328125;248.80694580078125;0.9969760775566101;-4.611999988555908;-4.644000053405762;-4.6519999504089355;-13.907999992370605;254.1999969482422;251.89999389648438;251.1999969482422;438.20001220703125;435.6000061035156;437.6000061035156;-3499.699951171875;-1167.5;-1166.300048828125;-1166.199951171875;-26.200000762939453;-61.400001525878906;21.299999237060547;13.800000190734863;3501.800048828125;1168.800048828125;1166.5;1166.300048828125;1.0;-0.9980000257492065;1.0;1.0;50.0;MPPT;50.051334381103516;4.801061630249023;4.7931671142578125;4.804478168487549;253.1800994873047;251.08885192871094;250.38238525390625;436.43035888671875;433.7433776855469;436.92437744140625;3621.8935546875;-9.20020866394043;3621.9052734375;99.99967956542969;242805.265625;3731.30859375;2016-07-11 06:45:00;3752.7584347416696;604.4244551182466;6.208813033561818;161.9019203645438;53;-3515.8013456822923;-3677.7032660468362
2026-04-24 18:04:37;5.646542072296143;5.6674113273620605;5.781193256378174;233.2267303466797;233.95362854003906;234.39991760253906;404.4771728515625;405.5355224609375;405.21929931640625;1318.853515625;1325.6807861328125;1354.9647216796875;-1319.57763671875;-1319.6510009765625;-1353.991943359375;61.26506042480469;133.95753479003906;106.80081176757812;1.0;0.9953233003616333;0.9998558759689331;50.021751403808594;3998.503173828125;-3992.806884765625;290.3044128417969;0.9982669353485107;-5.783999919891357;-5.817999839782715;-5.822999954223633;-17.424999237060547;255.10000610351562;252.8000030517578;252.0;439.79998779296875;437.1000061035156;439.1000061035156;-4397.7001953125;-1467.699951171875;-1468.0999755859375;-1465.5999755859375;-49.599998474121094;-70.30000305175781;14.300000190734863;6.300000190734863;4405.39990234375;1471.5;1468.0999755859375;1465.699951171875;1.0;-0.9990000128746033;1.0;1.0;50.0;MPPT;50.028656005859375;6.011455535888672;6.003239154815674;6.014529228210449;254.0132293701172;251.78529357910156;251.11883544921875;437.8277282714844;435.0972900390625;438.10076904296875;4548.708984375;1.2722952365875244;4548.70947265625;-99.99999237060547;242805.265625;4681.55517578125;2016-07-11 07:00:00;4709.944054986719;610.9140362762126;7.709667441422496;199.9972876207009;66;-4415.747886266283;-4615.745173886984
2026-04-24 18:05:04;5.250713348388672;5.271984100341797;5.380433082580566;233.35377502441406;233.99790954589844;234.664306640625;404.7616882324219;406.0660400390625;405.48602294921875;1226.95947265625;1233.5721435546875;1262.5010986328125;-1227.683349609375;-1228.33349609375;-1261.61962890625;53.17805480957031;125.67428588867188;100.9935302734375;1.0;0.9948892593383789;0.9990286231040955;50.01350021362305;3723.499755859375;-3717.9560546875;272.3162841796875;0.9980391263961792;-5.381999969482422;-5.416999816894531;-5.427000045776367;-16.22599983215332;255.10000610351562;252.8000030517578;252.0;439.79998779296875;437.1000061035156;439.1000061035156;-4102.89990234375;-1369.0999755859375;-1367.0;-1365.300048828125;-48.0;-69.19999694824219;13.899999618530273;7.300000190734863;4102.39990234375;1369.9000244140625;1367.0999755859375;1365.300048828125;1.0;-0.9990000128746033;1.0;1.0;50.0;MPPT;50.02948760986328;5.587442874908447;5.579237461090088;5.590696811676025;254.38302612304688;252.16754150390625;251.456787109375;438.47515869140625;435.76678466796875;438.6728820800781;4233.92724609375;-15.540447235107422;4233.9560546875;99.99932098388672;242805.265625;4359.11865234375;2016-07-11 07:15:00;4389.074110864952;608.7385840969403;7.210113216950285;180.94960399262234;60;-4120.34302465503;-4301.292628647652
2026-04-24 18:05:32;4.889122486114502;4.912824630737305;5.01491117477417;233.66278076171875;234.32054138183594;234.74826049804688;404.7822570800781;405.9671936035156;405.501953125;1142.94384765625;1151.8349609375;1178.4903564453125;-1143.5054931640625;-1145.6766357421875;-1176.5621337890625;38.57313919067383;111.61676788330078;86.71977233886719;1.0;0.9941418766975403;0.9978368282318115;49.99325180053711;3477.333740234375;-3467.9033203125;248.63986206054688;0.9972643256187439;-5.045000076293945;-5.072999954223633;-5.073999881744385;-15.192000389099121;254.5;252.1999969482422;251.39999389648438;438.79998779296875;436.1000061035156;438.1000061035156;-3825.60009765625;-1276.199951171875;-1276.800048828125;-1274.5;-59.20000076293945;-72.69999694824219;10.0;3.4000000953674316;3830.699951171875;1279.300048828125;1276.800048828125;1274.5;1.0;-0.9980000257492065;1.0;1.0;50.0;MPPT;50.00676727294922;5.18953275680542;5.18186092376709;5.193687438964844;253.69876098632812;251.4760284423828;250.83010864257812;437.2375793457031;434.6349182128906;437.5738830566406;3922.36767578125;-14.689779281616211;3922.395263671875;99.99929809570312;242805.265625;4041.818603515625;2016-07-11 07:30:00;4068.204166743186;606.563131917668;6.70697566777828;142.85423673646523;47;-3843.985846671857;-3986.8400834083222
2026-04-24 18:06:04;4.417107105255127;4.433892250061035;4.5248565673828125;233.72718811035156;234.33096313476562;234.9390869140625;405.6051330566406;406.6742858886719;405.9953918457031;1033.0377197265625;1042.052734375;1066.711669921875;-1032.255615234375;-1034.2305908203125;-1062.7679443359375;37.75722122192383;110.16045379638672;87.2418212890625;0.999954879283905;0.994215726852417;0.9973775148391724;49.98875427246094;3137.180908203125;-3128.912109375;223.9237060546875;0.997271716594696;-4.556000232696533;-4.583000183105469;-4.589000225067139;-13.727999687194824;254.5;252.1999969482422;251.39999389648438;438.79998779296875;436.1000061035156;438.1000061035156;-3461.199951171875;-1154.300048828125;-1153.800048828125;-1152.199951171875;-54.599998474121094;-71.19999694824219;11.0;5.5;3462.300048828125;1156.199951171875;1153.800048828125;1152.199951171875;1.0;-0.9980000257492065;1.0;1.0;50.0;MPPT;49.99742889404297;4.786575794219971;4.778952121734619;4.790684700012207;253.63385009765625;251.3932647705078;250.69427490234375;437.1413269042969;434.4457702636719;437.36822509765625;3616.42822265625;-4.933597564697266;3616.431640625;99.99990844726562;242805.265625;3726.38525390625;2016-07-11 07:45:00;3747.349248139758;604.3877816092539;6.200239915773938;190.4768362807855;63;-3481.925426896177;-3672.4022631769626
2026-04-24 18:06:34;3.9614226818084717;3.982024908065796;4.070058822631836;233.9713592529297;234.22097778320312;235.10458374023438;405.64447021484375;406.6748962402344;406.2017517089844;926.8013916015625;933.711181640625;956.6702270507812;-926.6666259765625;-928.1824340820312;-954.8837890625;27.725139617919922;101.60890197753906;77.93824768066406;0.9997367262840271;0.9943233132362366;0.9987144470214844;49.99325180053711;2815.6484375;-2809.41357421875;208.50660705566406;0.9973600506782532;-4.109000205993652;-4.13100004196167;-4.13700008392334;-12.376999855041504;254.39999389648438;251.8000030517578;251.39999389648438;438.29998779296875;435.70001220703125;438.0;-3113.800048828125;-1038.0999755859375;-1038.300048828125;-1037.300048828125;-54.599998474121094;-71.5;11.100000381469727;7.800000190734863;3119.800048828125;1041.800048828125;1039.0;1039.0;1.0;-0.9980000257492065;1.0;1.0;50.0;MPPT;49.99946594238281;4.368600368499756;4.361075401306152;4.372628211975098;253.5506134033203;251.2723388671875;250.63417053222656;436.9840087890625;434.2549743652344;437.2582702636719;3299.41650390625;-2.3009839057922363;3299.41748046875;99.99996948242188;242805.265625;3401.188720703125;2016-07-11 08:00:00;3426.4793040179907;602.2123294299817;5.689819249069995;219.0449712487794;73;-3138.9047466888514;-3357.949717937631
2026-04-24 18:07:04;2.6231541633605957;2.642855405807495;2.708796739578247;233.680419921875;234.0690460205078;234.9958038330078;404.9247741699219;406.0369873046875;405.82177734375;612.464599609375;618.8565063476562;635.9185791015625;-608.0374145507812;-611.0689086914062;-630.7039184570312;0.0;76.04335021972656;60.39290237426758;0.9946792721748352;0.9897403120994568;0.9962785840034485;49.98875427246094;1864.35205078125;-1851.811767578125;143.93133544921875;0.9936296939849854;-2.7790000438690186;-2.7850000858306885;-2.7920000553131104;-8.355999946594238;253.10000610351562;250.60000610351562;250.1999969482422;436.20001220703125;433.70001220703125;435.79998779296875;-2085.0;-694.2999877929688;-694.7000122070312;-695.5;-54.29999923706055;-71.9000015258789;10.600000381469727;6.900000095367432;2087.800048828125;697.4000244140625;694.7000122070312;695.5999755859375;1.0;-0.9950000047683716;1.0;1.0;49.900001525878906;MPPT;49.99824905395508;4.52767276763916;4.520172595977783;4.531149864196777;252.42660522460938;250.0443572998047;249.69967651367188;435.052490234375;432.3170471191406;435.43402099609375;3404.40869140625;-8.557207107543945;3404.41943359375;99.99968719482422;242805.265625;3511.870361328125;2016-07-11 08:15:00;3531.0569116549605;602.9213506038395;5.856579648603464;1352.3787566453293;450;-2108.057016776532;-3460.435773421861
2026-04-24 18:07:33;2.510725736618042;2.535701274871826;2.6002707481384277;233.43072509765625;234.15428161621094;234.605712890625;404.76934814453125;405.868408203125;405.2312316894531;587.7938842773438;594.8056640625;611.4296875;-585.1294555664062;-588.2669677734375;-608.1005859375;0.0;72.97271728515625;57.7773323059082;0.9950395226478577;0.9907631278038025;0.9974038600921631;49.97976303100586;1793.280517578125;-1781.107421875;128.13534545898438;0.9938739538192749;-2.6760001182556152;-2.681999921798706;-2.687999963760376;-8.045999526977539;253.3000030517578;251.1999969482422;250.1999969482422;436.8999938964844;434.20001220703125;436.0;-2003.800048828125;-666.5;-670.0;-670.0;-62.29999923706055;-73.69999694824219;7.300000190734863;4.0;2011.699951171875;671.5999755859375;670.0;670.0;-0.9990000128746033;-0.9929999709129333;1.0;1.0;50.0;MPPT;49.986087799072266;4.660719871520996;4.653221607208252;4.664233684539795;252.45504760742188;250.47581481933594;249.5843505859375;435.32666015625;432.6487121582031;435.423583984375;3506.1708984375;6.916247844696045;3506.177734375;-99.99980163574219;242805.265625;3614.22802734375;2016-07-11 08:30:00;3635.6194937735922;603.6302699068391;6.02292442082915;1533.3351415861996;511;-2029.5719623119205;-3562.90710389812
2026-04-24 18:08:03;2.949570655822754;2.967756748199463;3.0385682582855225;233.73934936523438;234.3980712890625;234.9781036376953;405.4499816894531;406.524169921875;405.9327392578125;689.53173828125;695.6290893554688;714.2564697265625;-687.2314453125;-689.8428955078125;-713.6284790039062;6.137758731842041;82.8956527709961;64.9451904296875;0.9982784390449524;0.9924110770225525;0.9962047338485718;49.977516174316406;2100.78369140625;-2092.487548828125;156.34165954589844;0.9945363998413086;-3.109999895095825;-3.124000072479248;-3.128000020980835;-9.362000465393066;253.39999389648438;250.8000030517578;250.60000610351562;436.6000061035156;434.20001220703125;436.3999938964844;-2338.800048828125;-778.5999755859375;-780.4000244140625;-781.0999755859375;-56.099998474121094;-72.19999694824219;10.199999809265137;5.800000190734863;2344.800048828125;783.0999755859375;780.5;781.0999755859375;1.0;-0.9959999918937683;1.0;1.0;49.900001525878906;MPPT;49.9836540222168;4.79178524017334;4.784413814544678;4.79546594619751;252.5967559814453;250.38784790039062;249.81417846679688;435.35589599609375;432.75469970703125;435.7819519042969;3606.185302734375;-9.321450233459473;3606.197265625;99.99967193603516;242805.265625;3716.497802734375;2016-07-11 08:45:00;3740.1971014105625;604.339291080697;6.188902751502776;1304.762938049257;434;-2360.6302213330946;-3665.3931593823513
2026-04-24 18:08:34;2.1835825443267822;2.1955065727233887;2.2487049102783203;233.36865234375;233.63487243652344;235.01158142089844;404.5308532714844;405.9477233886719;405.6754150390625;509.4952392578125;513.787109375;529.8346557617188;-505.9045715332031;-507.80401611328125;-526.3267211914062;0.0;71.80492401123047;54.87907791137695;0.9914087057113647;0.9860298037528992;0.9944319725036621;49.96104431152344;1551.544189453125;-1535.285888671875;115.51122283935547;0.9907424449920654;-2.3389999866485596;-2.3340001106262207;-2.3359999656677246;-7.008999824523926;253.0;250.5;250.10000610351562;436.0;433.5;435.5;-1740.699951171875;-578.7000122070312;-580.7000122070312;-581.2000122070312;-79.69999694824219;-79.69999694824219;0.0;0.0;1746.199951171875;584.2000122070312;580.7000122070312;581.2000122070312;-0.9990000128746033;-0.9909999966621399;1.0;1.0;49.900001525878906;MPPT;49.96906280517578;4.94022274017334;4.932462215423584;4.943893909454346;252.0142364501953;249.57435607910156;249.3189697265625;434.4404296875;431.6044921875;434.74774169921875;3708.31640625;-9.420165061950684;3708.328369140625;99.99967956542969;242805.265625;3821.507568359375;2016-07-11 09:00:00;3844.7747090475327;605.048312254555;6.354492081336416;2000.0;666;-1767.879214866582;-3767.879214866582
2026-04-24 18:09:06;4.64877462387085;4.675500392913818;4.771198272705078;233.93783569335938;234.21653747558594;235.2389373779297;405.5463562011719;406.8014221191406;406.5880432128906;1087.6864013671875;1094.60888671875;1121.5712890625;-1087.9705810546875;-1087.7965087890625;-1119.65185546875;38.486900329589844;118.14875793457031;89.49852752685547;1.0;0.9935359358787537;0.998136043548584;49.955055236816406;3306.4111328125;-3297.669921875;245.88885498046875;0.9975332617759705;-4.791999816894531;-4.818999767303467;-4.822999954223633;-14.435999870300293;255.10000610351562;252.89999389648438;252.3000030517578;439.8999938964844;437.5;439.3999938964844;-3644.89990234375;-1215.5999755859375;-1214.9000244140625;-1214.199951171875;-51.900001525878906;-70.19999694824219;13.5;6.599999904632568;3649.60009765625;1218.300048828125;1215.9000244140625;1215.300048828125;1.0;-0.9980000257492065;1.0;1.0;49.900001525878906;MPPT;49.9669075012207;5.3533101081848145;5.345528602600098;5.357851505279541;254.42300415039062;252.19606018066406;251.6819610595703;438.5420837402344;435.9735412597656;438.9071044921875;4058.935546875;-21.453535079956055;4058.9921875;99.99860382080078;242805.265625;4179.830078125;2016-07-11 09:15:00;4205.882991280191;607.4965745923893;6.923303220437422;457.14440707388525;152;-3664.6209243807016;-4121.765331454587
2026-04-24 18:09:37;5.296112060546875;5.323123455047607;5.429998397827148;234.44090270996094;235.09764099121094;235.61178588867188;406.51324462890625;407.50445556640625;406.9443359375;1244.24755859375;1250.413818359375;1279.58740234375;-1243.56005859375;-1244.4847412109375;-1277.0216064453125;49.735164642333984;126.44889068603516;99.81790924072266;1.0;0.9947670102119446;0.998456597328186;49.963287353515625;3775.1318359375;-3766.57177734375;280.4490966796875;0.9979281425476074;-5.441999912261963;-5.473999977111816;-5.482999801635742;-16.39900016784668;255.8000030517578;253.39999389648438;252.8000030517578;440.8999938964844;438.29998779296875;440.3999938964844;-4154.5;-1386.5;-1385.0999755859375;-1383.800048828125;-51.0;-71.0999984741211;14.100000381469727;6.0;4157.7001953125;1388.5999755859375;1385.0999755859375;1383.800048828125;1.0;-0.9990000128746033;1.0;1.0;49.900001525878906;MPPT;49.96297836303711;5.806828022003174;5.798738479614258;5.810361385345459;254.94985961914062;252.637939453125;252.11392211914062;439.41668701171875;436.6575012207031;439.7732238769531;4410.23388671875;7.993391036987305;4410.2412109375;-99.99983215332031;242805.265625;4541.2412109375;2016-07-11 09:30:00;4566.991273512849;609.9448369302236;7.487548048603784;304.76293804925683;101;-4170.888509993335;-4475.651448042592
2026-04-24 18:10:06;5.82570743560791;5.842983722686768;5.959406852722168;234.1459197998047;234.76112365722656;235.67068481445312;406.0323486328125;407.2991027832031;406.6201477050781;1365.853759765625;1372.2921142578125;1404.0103759765625;-1366.1337890625;-1365.7230224609375;-1403.20556640625;61.19596481323242;136.02532958984375;107.00987243652344;1.0;0.9949890375137329;0.9987631440162659;49.94383239746094;4143.34033203125;-4136.55126953125;288.3265686035156;0.9984709620475769;-5.958000183105469;-5.993000030517578;-6.000999927520752;-17.95199966430664;256.0;253.5;253.0;441.20001220703125;438.6000061035156;440.79998779296875;-4558.10009765625;-1521.5999755859375;-1517.199951171875;-1516.300048828125;-68.0999984741211;-76.5;8.300000190734863;0.0;4555.89990234375;1522.199951171875;1517.199951171875;1516.300048828125;1.0;-0.9990000128746033;1.0;1.0;49.900001525878906;MPPT;49.9508171081543;6.255802154541016;6.247807025909424;6.259211540222168;255.29183959960938;252.85386657714844;252.5400848388672;439.8360900878906;437.2239990234375;440.49212646484375;4757.3212890625;6.953461170196533;4757.326171875;-99.9999008178711;242805.265625;4897.78173828125;2016-07-11 09:45:00;4928.099555745508;612.3930992680579;8.04728133226134;257.14033850493655;85;-4572.397226125661;-4829.537564630597
2026-04-24 18:10:36;6.321863174438477;6.339650630950928;6.461206436157227;233.97499084472656;234.85696411132812;235.56854248046875;406.2030944824219;407.46746826171875;406.8618469238281;1481.6851806640625;1486.769287109375;1520.3397216796875;-1482.038330078125;-1482.0826416015625;-1519.6214599609375;69.83343505859375;143.9573211669922;114.89614868164062;1.0;0.9962969422340393;0.9994469881057739;49.95206069946289;4484.7509765625;-4480.60986328125;331.9462585449219;0.9981388449668884;-6.440000057220459;-6.48199987411499;-6.485000133514404;-19.406999588012695;256.3999938964844;254.10000610351562;253.39999389648438;442.1000061035156;439.5;441.5;-4934.39990234375;-1647.300048828125;-1644.9000244140625;-1642.0;-40.20000076293945;-67.0999984741211;17.600000381469727;9.300000190734863;4935.89990234375;1648.699951171875;1645.4000244140625;1642.5999755859375;1.0;-0.9990000128746033;1.0;1.0;49.900001525878906;MPPT;49.961761474609375;6.699307441711426;6.6913981437683105;6.703152179718018;255.96351623535156;253.71481323242188;253.12777709960938;441.1218566894531;438.561767578125;441.54205322265625;5109.197265625;-13.898571968078613;5109.21630859375;99.99962615966797;242805.265625;5257.34228515625;2016-07-11 10:00:00;5289.207837978167;614.8413616058922;8.602556965529105;228.57220353694262;76;-4954.851477681661;-5183.423681218604
2026-04-24 18:11:08;5.893490314483643;5.910065650939941;6.030255317687988;234.42591857910156;235.255615234375;235.74807739257812;406.69671630859375;407.8883361816406;407.206298828125;1383.085693359375;1391.6434326171875;1421.85693359375;-1383.2728271484375;-1383.775390625;-1420.0155029296875;62.201988220214844;134.8236541748047;104.65560913085938;1.0;0.995545506477356;0.9991815090179443;49.950565338134766;4201.1455078125;-4193.00390625;293.610107421875;0.998127281665802;-6.041999816894531;-6.072000026702881;-6.085000038146973;-18.198999404907227;255.89999389648438;253.89999389648438;253.10000610351562;441.5;439.0;440.79998779296875;-4620.2998046875;-1541.300048828125;-1540.0;-1537.9000244140625;-56.099998474121094;-70.4000015258789;11.199999809265137;3.0;4620.7001953125;1542.5999755859375;1540.0;1537.9000244140625;1.0;-0.9990000128746033;1.0;1.0;49.900001525878906;MPPT;49.954959869384766;6.290994644165039;6.282897472381592;6.294211387634277;255.42686462402344;253.4285888671875;252.78025817871094;440.26837158203125;437.994140625;440.9337463378906;4790.12255859375;-1.3131868839263916;4790.12255859375;100.0;242805.265625;4931.3623046875;2016-07-11 10:15:00;4958.105515867783;612.5965353721087;8.093590527501249;219.0449712487794;73;-4639.898434301647;-4858.943405550427
2026-04-24 18:11:38;5.515875339508057;5.541094779968262;5.654407501220703;234.428466796875;235.29112243652344;235.74876403808594;406.705810546875;407.714599609375;407.1180419921875;1296.2674560546875;1303.5865478515625;1332.7742919921875;-1295.6640625;-1297.56494140625;-1331.389892578125;57.618797302246094;129.66993713378906;103.72236633300781;1.0;0.9953125715255737;0.9984778761863708;49.955055236816406;3931.69189453125;-3924.41015625;264.65216064453125;0.9985365867614746;-5.664000034332275;-5.701000213623047;-5.704999923706055;-17.06999969482422;255.6999969482422;253.3000030517578;252.89999389648438;440.79998779296875;438.29998779296875;440.3999938964844;-4326.7998046875;-1443.4000244140625;-1441.4000244140625;-1440.199951171875;-73.30000305175781;-79.30000305175781;5.900000095367432;0.0;4327.0;1445.300048828125;1441.4000244140625;1440.199951171875;1.0;-0.9990000128746033;1.0;1.0;49.900001525878906;MPPT;49.95203399658203;5.875026226043701;5.867301940917969;5.87852144241333;255.14065551757812;253.0842742919922;252.36941528320312;439.818359375;437.4034423828125;440.1716003417969;4469.783203125;10.398595809936523;4469.79541015625;-99.99972534179688;242805.265625;4601.81201171875;2016-07-11 10:30:00;4627.018219275737;610.3518110091836;7.58090356384003;190.4768362807855;63;-4344.001018609436;-4534.477854890221
2026-04-24 18:12:11;5.111797332763672;5.132419109344482;5.237781047821045;234.2725067138672;234.9530487060547;235.57542419433594;406.32452392578125;407.5458068847656;407.0484313964844;1198.4793701171875;1206.1341552734375;1235.7464599609375;-1199.3743896484375;-1201.230712890625;-1234.0018310546875;42.16440963745117;115.19535827636719;90.06708526611328;1.0;0.9952969551086426;0.9990018606185913;49.93784713745117;3639.34521484375;-3633.209716796875;266.123779296875;0.9981107711791992;-5.248000144958496;-5.28000020980835;-5.2870001792907715;-15.8149995803833;255.8000030517578;253.60000610351562;252.89999389648438;441.1000061035156;438.6000061035156;440.5;-4008.60009765625;-1336.699951171875;-1336.5999755859375;-1334.800048828125;-50.29999923706055;-69.80000305175781;12.800000190734863;6.599999904632568;4010.300048828125;1338.699951171875;1336.5999755859375;1334.9000244140625;1.0;-0.9990000128746033;1.0;1.0;49.900001525878906;MPPT;49.947174072265625;5.453400611877441;5.445516109466553;5.4570770263671875;255.13758850097656;252.9953155517578;252.3198699951172;439.7356872558594;437.243896484375;440.16778564453125;4145.8134765625;-10.886306762695312;4145.82763671875;99.9996566772461;242805.265625;4269.958984375;2016-07-11 10:45:00;4295.930922683691;608.1070866462585;7.064431605913309;180.94960399262234;60;-4029.062700237395;-4210.012304230017
2026-04-24 18:12:42;4.690352916717529;4.709104537963867;4.808984756469727;234.296875;235.0921630859375;235.7809295654297;406.1940002441406;407.51751708984375;406.8897399902344;1099.7244873046875;1105.6044921875;1132.765869140625;-1097.9031982421875;-1099.3582763671875;-1131.5189208984375;40.11506652832031;113.58910369873047;91.11832427978516;1.0;0.9948830008506775;0.9984225034713745;49.950565338134766;3342.43505859375;-3334.0029296875;268.1199645996094;0.9974125027656555;-4.835999965667725;-4.869999885559082;-4.876999855041504;-14.583999633789062;255.3000030517578;253.10000610351562;252.39999389648438;440.20001220703125;437.70001220703125;439.6000061035156;-3687.5;-1229.5999755859375;-1229.5;-1228.4000244140625;-27.700000762939453;-61.79999923706055;19.899999618530273;14.100000381469727;3689.300048828125;1231.0999755859375;1229.5999755859375;1228.5;1.0;-0.9990000128746033;1.0;1.0;49.900001525878906;MPPT;49.962982177734375;5.043488025665283;5.035813808441162;5.047271251678467;254.52035522460938;252.35104370117188;251.77972412109375;438.5953063964844;436.2100524902344;439.2223205566406;3825.09326171875;-30.112476348876953;3825.211669921875;99.99690246582031;242805.265625;3941.320068359375;2016-07-11 11:00:00;3964.8286005733075;605.862260412475;6.544108883550571;180.94960399262234;60;-3704.582424569219;-3885.5320285618413
2026-04-24 18:13:14;4.712193012237549;4.7335944175720215;4.835893154144287;234.41177368164062;235.00926208496094;235.72254943847656;406.5013122558594;407.64404296875;407.06842041015625;1104.8436279296875;1112.6478271484375;1139.6165771484375;-1105.3128662109375;-1107.708740234375;-1137.264404296875;41.349090576171875;114.96419525146484;90.61417388916016;1.0;0.9946420192718506;0.9980124235153198;49.9617919921875;3357.37255859375;-3347.07666015625;247.50656127929688;0.9975571036338806;-4.855000019073486;-4.88100004196167;-4.88700008392334;-14.623000144958496;255.5;253.10000610351562;252.5;440.3999938964844;437.79998779296875;439.8999938964844;-3700.300048828125;-1234.0999755859375;-1233.300048828125;-1232.4000244140625;-49.599998474121094;-68.80000305175781;12.800000190734863;6.300000190734863;3701.60009765625;1235.699951171875;1233.4000244140625;1232.4000244140625;1.0;-0.9980000257492065;1.0;1.0;49.900001525878906;MPPT;49.96662902832031;5.095169544219971;5.087521076202393;5.098904609680176;254.7671356201172;252.48916625976562;251.96847534179688;438.9100036621094;436.4405212402344;439.6700439453125;3867.27490234375;-6.982275485992432;3867.28125;99.99983215332031;242805.265625;3985.13720703125;2016-07-11 11:15:00;4009.15387967231;606.1627794444983;6.613988874979081;209.52451990886405;69;-3719.4462821699994;-3928.9708020788635
2026-04-24 18:13:47;4.852959156036377;4.874209403991699;4.976521968841553;234.55230712890625;235.39793395996094;235.99923706054688;406.9890441894531;408.1770324707031;407.352783203125;1137.8734130859375;1146.065673828125;1172.92578125;-1138.3402099609375;-1139.5701904296875;-1171.3494873046875;49.971580505371094;121.97242736816406;95.37911224365234;1.0;0.9946164488792419;0.9976800084114075;49.97526931762695;3459.451171875;-3448.74658203125;274.1038818359375;0.9973382353782654;-4.992000102996826;-5.025000095367432;-5.033999919891357;-15.050999641418457;255.89999389648438;253.60000610351562;252.8000030517578;441.20001220703125;438.5;440.5;-3811.5;-1271.5999755859375;-1271.199951171875;-1269.800048828125;-28.100000381469727;-62.20000076293945;20.399999618530273;13.600000381469727;3815.199951171875;1273.800048828125;1271.4000244140625;1269.9000244140625;1.0;-0.9990000128746033;1.0;1.0;50.0;MPPT;49.9909553527832;5.14652156829834;5.139047145843506;5.150792598724365;255.11941528320312;252.89805603027344;252.17381286621094;439.6122741699219;436.96734619140625;440.1183776855469;3911.337646484375;-29.563152313232422;3911.449462890625;99.99713897705078;242805.265625;4029.339599609375;2016-07-11 11:30:00;4053.479158771313;606.4632984765213;6.683799611541109;142.85423673646523;47;-3829.555338859421;-3972.4095755958865
2026-04-24 18:14:18;4.879271030426025;4.905808925628662;5.006434917449951;234.8632354736328;235.1412811279297;235.79827880859375;406.87579345703125;407.79071044921875;407.2781677246094;1147.7783203125;1154.040771484375;1181.092529296875;-1146.7999267578125;-1146.7288818359375;-1178.8995361328125;45.35930252075195;119.83786010742188;95.47621154785156;1.0;0.9948439598083496;0.9988787174224854;49.97526931762695;3479.3623046875;-3473.5322265625;243.7669677734375;0.9981796145439148;-5.0289998054504395;-5.059000015258789;-5.065000057220459;-15.152999877929688;256.1000061035156;253.5;252.8000030517578;441.29998779296875;438.3999938964844;440.70001220703125;-3835.699951171875;-1280.0;-1279.5999755859375;-1278.5999755859375;-65.80000305175781;-74.19999694824219;8.300000190734863;0.0;3841.800048828125;1283.5;1279.5999755859375;1278.5999755859375;1.0;-0.9980000257492065;1.0;1.0;49.900001525878906;MPPT;49.976356506347656;5.1948089599609375;5.186764240264893;5.198304653167725;255.31466674804688;252.83499145507812;252.17767333984375;439.7803955078125;436.88818359375;440.2661437988281;3948.500732421875;9.670225143432617;3948.5126953125;-99.99969482421875;242805.265625;4069.184326171875;2016-07-11 11:45:00;4097.804437870316;606.7638175085444;6.753541196138662;161.9019203645438;53;-3853.946428748366;-4015.84834911291
2026-04-24 18:14:49;4.939539909362793;4.956809043884277;5.062201499938965;234.8236541748047;235.27224731445312;235.75949096679688;406.9483947753906;407.7718811035156;407.6734619140625;1159.8360595703125;1166.751708984375;1194.43212890625;-1159.8441162109375;-1160.953369140625;-1192.125;48.94178771972656;119.91126251220703;93.93832397460938;1.0;0.9947991371154785;0.9988123774528503;49.97377395629883;3520.6328125;-3514.349853515625;259.62646484375;0.9979425668716431;-5.079999923706055;-5.113999843597412;-5.122000217437744;-15.315999984741211;256.0;253.39999389648438;252.6999969482422;441.1000061035156;438.20001220703125;440.5;-3880.0;-1294.9000244140625;-1293.4000244140625;-1292.199951171875;-48.900001525878906;-69.30000305175781;13.600000381469727;6.699999809265137;3882.699951171875;1296.9000244140625;1293.5;1292.199951171875;1.0;-0.9990000128746033;1.0;1.0;49.900001525878906;MPPT;49.9791259765625;5.260459899902344;5.252597332000732;5.264425754547119;255.2914581298828;252.53610229492188;252.28106689453125;439.54571533203125;436.6908874511719;440.3184814453125;3997.451416015625;-9.941646575927734;3997.4638671875;99.99968719482422;242805.265625;4117.4609375;2016-07-11 12:00:00;4142.12971696932;607.0643365405675;6.82321373146999;161.9019203645438;53;-3897.3852022653896;-4059.2871226299335
2026-04-24 18:15:19;5.477766513824463;5.502935409545898;5.613789081573486;234.7930908203125;235.31065368652344;235.88363647460938;407.0997009277344;408.1150207519531;407.8348388671875;1291.1397705078125;1295.2818603515625;1325.3486328125;-1291.1944580078125;-1290.98828125;-1325.3902587890625;60.795013427734375;134.919189453125;108.4652099609375;1.0;0.99556565284729;0.9984387755393982;50.00600051879883;3907.6083984375;-3899.62158203125;311.8819580078125;0.9982005953788757;-5.611999988555908;-5.650000095367432;-5.65500020980835;-16.91699981689453;256.5;253.89999389648438;253.3000030517578;442.1000061035156;439.29998779296875;441.5;-4297.0;-1434.5;-1432.0;-1430.4000244140625;-24.299999237060547;-61.099998474121094;22.100000381469727;14.699999809265137;4298.5;1439.699951171875;1435.699951171875;1434.300048828125;1.0;-0.9990000128746033;1.0;1.0;50.0;MPPT;50.02649688720703;5.8566365242004395;5.849240779876709;5.860716819763184;255.75;252.962158203125;252.8049774169922;440.2928466796875;437.4927978515625;441.2082214355469;4458.7685546875;-40.99226760864258;4458.95703125;99.99577331542969;242805.265625;4591.98876953125;2016-07-11 12:15:00;4618.198240010952;610.2920128153539;7.567194298851498;199.9972876207009;66;-4325.836987590032;-4525.834275210733
2026-04-24 18:15:50;6.114896297454834;6.1385297775268555;6.259407043457031;234.72657775878906;235.15762329101562;235.81033325195312;406.9053039550781;407.8794860839844;407.5113525390625;1439.32421875;1444.0877685546875;1476.8570556640625;-1439.2783203125;-1438.2049560546875;-1474.86376953125;65.4168472290039;139.46739196777344;112.62738800048828;1.0;0.9955593943595886;0.9994044303894043;50.02100372314453;4360.89892578125;-4350.70166015625;332.47332763671875;0.9978404641151428;-6.251999855041504;-6.293000221252441;-6.301000118255615;-18.84600067138672;256.70001220703125;254.1999969482422;253.39999389648438;442.3999938964844;439.5;441.70001220703125;-4792.39990234375;-1600.199951171875;-1597.300048828125;-1595.0;-29.600000381469727;-63.20000076293945;21.0;12.5;4794.10009765625;1601.5999755859375;1597.4000244140625;1595.0999755859375;1.0;-0.9990000128746033;1.0;1.0;50.0;MPPT;50.04277420043945;6.455358982086182;6.4472246170043945;6.45920467376709;256.10980224609375;253.60891723632812;253.02685546875;441.17901611328125;438.2959899902344;441.6469421386719;4922.498046875;-32.503761291503906;4922.60546875;99.99781799316406;242805.265625;5065.431640625;2016-07-11 12:30:00;5094.266763052584;613.5196890901404;8.303346825930662;180.94960399262234;60;-4811.431823798909;-4992.381427791532
2026-04-24 18:16:20;6.743799686431885;6.7615885734558105;6.891055583953857;234.88853454589844;235.3323211669922;236.06155395507812;407.25030517578125;408.2296447753906;407.90521240234375;1587.108154296875;1588.878173828125;1626.48779296875;-1587.731689453125;-1585.4444580078125;-1626.1854248046875;71.53497314453125;145.887451171875;113.23797607421875;1.0;0.9968622326850891;1.0;50.0262565612793;4806.0556640625;-4799.982421875;324.5352783203125;0.9987803101539612;-6.875;-6.916999816894531;-6.923999786376953;-20.715999603271484;257.3999938964844;254.8000030517578;254.10000610351562;443.5;440.70001220703125;442.8999938964844;-5281.89990234375;-1764.5999755859375;-1760.5999755859375;-1757.5999755859375;-70.30000305175781;-78.0;7.599999904632568;0.0;5284.89990234375;1766.699951171875;1760.5999755859375;1757.5999755859375;1.0;-0.9990000128746033;1.0;1.0;50.0;MPPT;50.03473663330078;7.04335355758667;7.035152435302734;7.046652793884277;256.6775817871094;253.81214904785156;253.7711181640625;441.9726257324219;439.05108642578125;442.72412109375;5381.5869140625;0.7231845855712891;5383.1591796875;-100.0;242805.265625;5539.3623046875;2016-07-11 12:45:00;5570.335286094217;616.7473653649268;9.031794214148402;161.9019203645438;53;-5297.026660007788;-5458.928580372332
2026-04-24 18:16:50;7.139945030212402;7.126852512359619;7.263244152069092;234.7456817626953;235.25820922851562;235.83651733398438;406.9266052246094;407.8056945800781;407.4463806152344;1692.7603759765625;1691.35009765625;1724.713134765625;-1684.553466796875;-1681.29248046875;-1724.0968017578125;75.81642150878906;152.48101806640625;122.2080307006836;1.0;0.9965848922729492;0.9999369978904724;50.01350021362305;5174.42431640625;-5167.3603515625;348.245361328125;0.9987825751304626;-7.396999835968018;-7.442999839782715;-7.448999881744385;-22.288999557495117;257.29998779296875;254.89999389648438;254.10000610351562;443.5;440.79998779296875;442.79998779296875;-5672.2001953125;-1894.5;-1890.4000244140625;-1887.199951171875;-67.69999694824219;-76.4000015258789;8.600000381469727;0.0;5673.7998046875;1896.0999755859375;1890.4000244140625;1887.199951171875;1.0;-0.9990000128746033;1.0;1.0;50.0;MPPT;50.01527786254883;7.585377216339111;7.5768208503723145;7.588656902313232;256.66339111328125;254.31736755371094;253.75143432617188;442.2021179199219;439.5572204589844;442.8019104003906;5799.25927734375;1.8532211780548096;5799.259765625;-99.99999237060547;242805.265625;5966.68115234375;2016-07-11 13:00:00;6046.40380913585;619.9750416397134;9.75265680557767;152.38146902462842;50;-5386.147636783858;-5538.529105808486
2026-04-24 18:17:22;6.593132972717285;6.61294412612915;6.7386956214904785;234.1201629638672;234.87818908691406;235.603759765625;406.49127197265625;407.613037109375;407.0797424316406;1547.695556640625;1552.18115234375;1585.86962890625;-1547.937744140625;-1546.269287109375;-1585.365478515625;71.0851058959961;144.96043395996094;114.19587707519531;1.0;0.9966983199119568;0.9995312094688416;50.0052490234375;4689.01416015625;-4682.76953125;313.1259765625;0.9985498189926147;-6.72599983215332;-6.76200008392334;-6.769999980926514;-20.253000259399414;256.79998779296875;254.3000030517578;253.5;442.6000061035156;439.70001220703125;441.8999938964844;-5153.7998046875;-1721.300048828125;-1717.800048828125;-1714.5999755859375;-69.4000015258789;-76.9000015258789;7.400000095367432;0.0;5149.7998046875;1721.0999755859375;1715.5999755859375;1713.0;1.0;-0.9990000128746033;1.0;1.0;50.0;MPPT;49.99961471557617;7.024293899536133;7.01664400100708;7.027475357055664;256.133056640625;253.89535522460938;253.15516662597656;441.4185791015625;438.63299560546875;441.827392578125;5359.525390625;8.960212707519531;5359.53271484375;-99.99986267089844;242805.265625;5514.66748046875;2016-07-11 13:15:00;5545.648359463823;616.5799915447187;8.994207459717112;266.66757079309974;88;-5168.067821481446;-5434.735392274546
2026-04-24 18:17:51;5.983599662780762;6.00953483581543;6.130299091339111;234.3341064453125;234.97230529785156;235.60061645507812;406.56805419921875;407.4957580566406;407.0379943847656;1406.7169189453125;1413.0247802734375;1444.493408203125;-1406.9976806640625;-1406.2047119140625;-1442.4193115234375;63.083438873291016;136.58261108398438;108.4227066040039;1.0;0.9955148696899414;0.998930811882019;50.01199722290039;4263.1357421875;-4254.83984375;308.6663513183594;0.998138427734375;-6.129000186920166;-6.164999961853027;-6.173999786376953;-18.468000411987305;256.1000061035156;253.6999969482422;252.89999389648438;441.5;438.70001220703125;440.79998779296875;-4685.60009765625;-1564.199951171875;-1562.0999755859375;-1559.800048828125;-45.79999923706055;-68.19999694824219;15.399999618530273;7.0;4688.39990234375;1566.300048828125;1562.199951171875;1559.9000244140625;1.0;-0.9990000128746033;1.0;1.0;50.0;MPPT;50.018924713134766;6.408518314361572;6.4007248878479;6.41198205947876;255.29962158203125;252.98829650878906;252.32937622070312;439.9161376953125;437.1872253417969;440.33251953125;4873.15234375;-12.411462783813477;4873.16796875;99.99967956542969;242805.265625;5016.046875;2016-07-11 13:30:00;5044.907935310135;613.1850433205825;8.227382566264879;238.09265487685795;79;-4705.917121727075;-4944.009776603933
2026-04-24 18:18:21;5.367696285247803;5.385941505432129;5.495499610900879;234.0241241455078;234.84820556640625;235.27198791503906;405.9485778808594;406.9329833984375;406.2279052734375;1260.1746826171875;1265.9312744140625;1295.4638671875;-1260.60693359375;-1261.578125;-1294.1092529296875;46.7643928527832;119.7943344116211;94.45083618164062;1.0;0.9948106408119202;0.9983012676239014;50.010498046875;3819.563232421875;-3808.326416015625;279.7657470703125;0.99791419506073;-5.50600004196167;-5.539999961853027;-5.548999786376953;-16.594999313354492;255.39999389648438;253.1999969482422;252.3000030517578;440.3999938964844;437.70001220703125;439.6000061035156;-4200.89990234375;-1401.5999755859375;-1400.699951171875;-1397.800048828125;-47.599998474121094;-69.4000015258789;14.300000190734863;7.400000095367432;4201.89990234375;1403.199951171875;1400.800048828125;1397.9000244140625;1.0;-0.9990000128746033;1.0;1.0;50.0;MPPT;50.01649475097656;5.781089782714844;5.773496627807617;5.784696578979492;254.62583923339844;252.51292419433594;251.66415405273438;438.93487548828125;436.2500305175781;439.1078796386719;4385.6181640625;-8.10352897644043;4385.62548828125;99.99983215332031;242805.265625;4517.47216796875;2016-07-11 13:45:00;4544.167511156447;609.7900950964463;7.452019223824434;228.57220353694262;76;-4224.7119573963755;-4453.284160933318
2026-04-24 18:18:49;4.797390460968018;4.817636013031006;4.921200275421143;234.05215454101562;235.01895141601562;235.343994140625;406.066162109375;407.19964599609375;406.3813171386719;1124.6319580078125;1131.9365234375;1157.929443359375;-1124.6080322265625;-1126.6392822265625;-1156.930908203125;40.80421829223633;113.7118911743164;92.09136962890625;1.0;0.9944809675216675;0.998559296131134;50.00824737548828;3413.4541015625;-3406.54248046875;253.36643981933594;0.9974702000617981;-4.943999767303467;-4.973999977111816;-4.98199987411499;-14.899999618530273;255.0;252.8000030517578;251.89999389648438;439.70001220703125;437.0;438.8999938964844;-3761.60009765625;-1254.199951171875;-1255.0;-1253.0;-47.900001525878906;-68.69999694824219;13.399999618530273;7.400000095367432;3764.800048828125;1256.699951171875;1255.0;1253.0;1.0;-0.9980000257492065;1.0;1.0;50.0;MPPT;50.01892852783203;5.139032363891602;5.131507396697998;5.142658233642578;254.349609375;252.25125122070312;251.46514892578125;438.3928527832031;435.8748779296875;438.74810791015625;3894.61181640625;-14.904561042785645;3894.640380859375;99.999267578125;242805.265625;4011.124267578125;2016-07-11 14:00:00;4043.412061484421;606.3950450014516;6.667950364724272;180.94960399262234;60;-3781.59421626211;-3962.5438202547325
2026-04-24 18:19:20;4.4236907958984375;4.438990592956543;4.533136367797852;233.1537628173828;234.728759765625;235.0065460205078;405.13348388671875;406.82464599609375;405.4686279296875;1030.835205078125;1042.6405029296875;1068.7039794921875;-1030.9127197265625;-1037.1859130859375;-1066.9342041015625;38.20386505126953;108.62020111083984;80.25177001953125;1.0;0.9949551224708557;0.9986306428909302;50.0202522277832;3143.997802734375;-3136.64111328125;219.034912109375;0.997369110584259;-4.572999954223633;-4.5920000076293945;-4.599999904632568;-13.765000343322754;254.1999969482422;252.89999389648438;251.8000030517578;439.1000061035156;437.0;438.20001220703125;-3472.39990234375;-1156.0999755859375;-1158.800048828125;-1157.300048828125;-63.900001525878906;-71.5999984741211;7.300000190734863;0.0;3471.800048828125;1157.4000244140625;1158.0;1156.300048828125;1.0;-0.9980000257492065;1.0;1.0;50.0;MPPT;50.0237922668457;4.811373233795166;4.803524494171143;4.815157413482666;253.411376953125;252.21615600585938;251.149658203125;437.3736877441406;435.4686584472656;437.93316650390625;3640.0576171875;9.263092041015625;3640.0693359375;-99.99967956542969;242805.265625;3752.8388671875;2016-07-11 14:15:00;3774.7557935894456;604.5735940548167;6.243666330632344;209.52451990886405;69;-3489.7361578087925;-3699.2606777176566
2026-04-24 18:19:49;4.063577175140381;4.082971096038818;4.1686553955078125;233.3598175048828;234.9505615234375;235.1433563232422;405.5472412109375;406.947509765625;406.0078125;950.0138549804688;959.1339721679688;981.6990966796875;-950.6522827148438;-952.4114379882812;-979.4347534179688;31.49525260925293;104.28860473632812;82.9472885131836;1.0;0.9942805767059326;0.9975546598434448;50.01274871826172;2891.126953125;-2883.20068359375;216.7451934814453;0.9972203969955444;-4.214000225067139;-4.230000019073486;-4.243000030517578;-12.687000274658203;254.39999389648438;252.1999969482422;251.39999389648438;438.70001220703125;436.1000061035156;438.0;-3192.39990234375;-1063.699951171875;-1065.5;-1064.4000244140625;-52.20000076293945;-69.9000015258789;11.100000381469727;6.5;3197.39990234375;1067.300048828125;1065.5999755859375;1064.4000244140625;1.0;-0.9980000257492065;1.0;1.0;50.0;MPPT;50.02257537841797;4.477295398712158;4.469603061676025;4.481054306030273;253.5389404296875;251.48870849609375;250.72390747070312;437.00567626953125;434.5699768066406;437.4312438964844;3382.674072265625;-8.641079902648926;3380.337646484375;99.99990844726562;242805.265625;3487.4208984375;2016-07-11 14:30:00;3506.0845001761327;602.7520412373234;5.816794071702979;219.0449712487794;73;-3216.9178389238305;-3435.96281017261
2026-04-24 18:20:19;3.7162678241729736;3.7400565147399902;3.8247227668762207;233.85025024414062;234.2063446044922;235.01040649414062;405.4932861328125;406.47857666015625;405.9530944824219;869.6010131835938;877.2507934570312;899.6092529296875;-869.0519409179688;-871.4418334960938;-897.4291381835938;30.685073852539062;103.2839126586914;83.03888702392578;0.9994723200798035;0.9928925037384033;0.9970616698265076;50.01124954223633;2646.687744140625;-2636.846923828125;219.2515106201172;0.9961743950843811;-3.86899995803833;-3.8910000324249268;-3.9010000228881836;-11.66100025177002;254.10000610351562;251.8000030517578;251.0;438.1000061035156;435.3999938964844;437.3999938964844;-2932.199951171875;-977.5;-978.0;-977.0999755859375;-28.600000381469727;-62.0;19.100000381469727;14.100000381469727;2934.39990234375;979.0;978.0999755859375;977.2000122070312;1.0;-0.9980000257492065;1.0;1.0;50.0;MPPT;50.01975631713867;4.133017539978027;4.1255202293396;4.1371026039123535;253.29827880859375;251.05438232421875;250.36744689941406;436.4861145019531;433.8411560058594;436.8926696777344;3118.36474609375;-9.904003143310547;3118.380615234375;99.9994888305664;242805.265625;3218.798095703125;2016-07-11 14:45:00;3237.4282322811573;600.9305902906885;5.387358015365991;219.0449712487794;73;-2953.634696386755;-3172.6796676355343
2026-04-24 18:20:47;3.350956439971924;3.3770339488983154;3.454561948776245;233.67237854003906;234.40438842773438;234.89718627929688;405.330322265625;406.35986328125;405.77215576171875;784.4278564453125;791.9273681640625;812.4608154296875;-783.6074829101562;-785.7299194335938;-809.6585083007812;21.09482192993164;93.76506805419922;75.74923706054688;0.9987742304801941;0.9914822578430176;0.9966252446174622;49.99774932861328;2388.066162109375;-2380.057373046875;181.67913818359375;0.9962181448936462;-3.510999917984009;-3.5280001163482666;-3.5369999408721924;-10.576000213623047;253.6999969482422;251.5;250.8000030517578;437.5;435.0;436.8999938964844;-2653.5;-883.7999877929688;-884.5999755859375;-884.9000244140625;-45.29999923706055;-67.5;13.100000381469727;9.100000381469727;2656.199951171875;886.4000244140625;884.7000122070312;885.0;1.0;-0.996999979019165;1.0;1.0;49.900001525878906;MPPT;50.001407623291016;3.7845189571380615;3.777008056640625;3.788511276245117;253.11276245117188;250.97055053710938;250.29547119140625;436.203125;433.76019287109375;436.6643981933594;2854.05712890625;6.162328720092773;2854.063720703125;-99.99977111816406;242805.265625;2944.197509765625;2016-07-11 15:00:00;2968.7569388678444;599.1090374731953;4.95528652244821;238.09265487685795;79;-2671.2891452136296;-2909.3818000904876
2026-04-24 18:21:17;2.8208093643188477;2.8472609519958496;2.915736436843872;233.64190673828125;234.2924346923828;234.9476776123047;405.1944580078125;406.30462646484375;405.8016662597656;658.947021484375;666.3268432617188;684.517333984375;-657.8563842773438;-661.1265258789062;-681.53125;0.0;76.91814422607422;61.5127067565918;0.9975255727767944;0.9907243251800537;0.9967337250709534;49.970027923583984;2009.95361328125;-1999.244873046875;138.46575927734375;0.9955906271934509;-2.9749999046325684;-2.9830000400543213;-2.989000082015991;-8.946999549865723;253.5;251.3000030517578;250.60000610351562;437.20001220703125;434.6000061035156;436.6000061035156;-2238.300048828125;-744.7999877929688;-746.4000244140625;-747.0;-64.30000305175781;-74.19999694824219;6.400000095367432;3.0999999046325684;2246.5;750.2000122070312;747.7999877929688;748.4000244140625;1.0;-0.9950000047683716;1.0;1.0;50.0;MPPT;49.97757339477539;3.439333438873291;3.43186616897583;3.442751169204712;252.61672973632812;250.4318084716797;249.80323791503906;435.4064025878906;432.7926330566406;435.7868347167969;2588.248291015625;8.030108451843262;2588.2607421875;-99.99951934814453;242805.265625;2674.334228515625;2016-07-11 15:15:00;2688.2605625220162;597.2073122902098;4.501385879239988;371.4264402734078;123;-2263.068910998168;-2634.495351271576
2026-04-24 18:21:46;2.387228488922119;2.408738374710083;2.4695396423339844;233.75025939941406;234.45530700683594;235.04258728027344;405.539794921875;406.6285095214844;406.0626220703125;555.220947265625;562.02490234375;579.8674926757812;-554.4476318359375;-557.3525390625;-577.2249755859375;1.1816837787628174;80.63118743896484;66.19204711914062;0.9938573241233826;0.9860064387321472;0.9932411909103394;49.97976303100586;1702.089111328125;-1690.655517578125;139.90228271484375;0.9918898344039917;-2.5420000553131104;-2.5429999828338623;-2.555000066757202;-7.639999866485596;253.1999969482422;250.89999389648438;250.3000030517578;436.5;434.0;436.0;-1904.9000244140625;-633.4000244140625;-635.0;-636.4000244140625;-46.099998474121094;-68.0;12.300000190734863;9.600000381469727;1908.800048828125;637.0999755859375;635.0999755859375;636.5;1.0;-0.9940000176429749;1.0;1.0;49.900001525878906;MPPT;49.9836540222168;3.082066059112549;3.074477434158325;3.0853545665740967;252.0760040283203;249.810546875;249.36346435546875;434.3692932128906;431.8475646972656;434.99310302734375;2314.274169921875;-4.061992168426514;2314.27783203125;99.99983978271484;242805.265625;2395.35400390625;2016-07-11 15:30:00;2407.764186176189;595.3055871072241;4.044585232059164;428.5694911576435;142;-1931.0394112950216;-2359.608902452665
2026-04-24 18:22:18;2.2468295097351074;2.277123212814331;2.334653377532959;233.46543884277344;233.91326904296875;234.7733612060547;404.9407043457031;406.0914306640625;405.57965087890625;526.530517578125;532.3682861328125;547.2947998046875;-521.9396362304688;-525.0215454101562;-543.5187377929688;0.0;72.36823272705078;59.31813049316406;0.9932576417922974;0.986385703086853;0.9928122162818909;49.95954513549805;1605.4906005859375;-1591.92578125;126.38581848144531;0.9927921295166016;-2.4110000133514404;-2.4159998893737793;-2.4170000553131104;-7.24399995803833;253.10000610351562;250.3000030517578;250.3000030517578;435.8999938964844;433.5;435.8999938964844;-1801.699951171875;-599.0;-600.9000244140625;-602.0;-58.20000076293945;-72.80000305175781;8.800000190734863;5.699999809265137;1807.0;603.7999877929688;601.0;602.0;-0.9990000128746033;-0.9929999709129333;1.0;1.0;49.900001525878906;MPPT;49.96354675292969;2.7160632610321045;2.708522081375122;2.7195849418640137;252.1879425048828;249.84007263183594;249.36428833007812;434.45697021484375;431.8900451660156;435.1102600097656;2039.7469482421875;13.210269927978516;2039.7896728515625;-99.9979019165039;242805.265625;2112.798095703125;2016-07-11 15:45:00;2127.2527843120233;593.4037600533803;3.5848319938529944;257.14033850493655;85;-1827.567390120846;-2084.7077286257827
2026-04-24 18:22:48;1.7813308238983154;1.796789288520813;1.8446331024169922;233.36793518066406;234.01611328125;234.8802032470703;404.6757507324219;405.9275207519531;405.49920654296875;413.7724609375;421.86883544921875;433.629150390625;-408.2826232910156;-412.2722473144531;-428.335693359375;0.0;70.56024169921875;59.641502380371094;0.9860081672668457;0.9800909757614136;0.9881064891815186;49.96104431152344;1270.867431640625;-1254.1575927734375;117.35150146484375;0.9858127236366272;-1.930999994277954;-1.9279999732971191;-1.9390000104904175;-5.797999858856201;252.8000030517578;250.39999389648438;249.8000030517578;435.70001220703125;433.1000061035156;435.20001220703125;-1440.800048828125;-478.3999938964844;-479.0;-480.70001220703125;-44.5;-67.4000015258789;12.0;10.800000190734863;1441.5;481.5;479.1000061035156;480.79998779296875;1.0;-0.9900000095367432;1.0;1.0;49.900001525878906;MPPT;49.9736328125;2.3562445640563965;2.3487355709075928;2.359998941421509;251.6446533203125;249.24986267089844;248.7986297607422;433.44097900390625;430.9261779785156;434.1471862792969;1765.392578125;-20.96468734741211;1765.51708984375;99.99295043945312;242805.265625;1834.921630859375;2016-07-11 16:00:00;1846.756407966196;591.5020348703948;3.122147176333624;342.8583053054139;114;-1466.9629745014581;-1809.821279806872
2026-04-24 18:23:19;1.6197624206542969;1.6353342533111572;1.6761456727981567;233.34092712402344;233.80616760253906;234.6287078857422;404.5920104980469;405.6531066894531;405.35906982421875;376.9222106933594;380.0655822753906;391.55609130859375;-369.8133544921875;-373.9966735839844;-389.07501220703125;-10.638741493225098;59.72392654418945;48.209083557128906;0.9839841723442078;0.981967568397522;0.989806592464447;49.94831848144531;1152.00244140625;-1134.550048828125;102.72064971923828;0.9842739105224609;-1.7730000019073486;-1.7630000114440918;-1.7690000534057617;-5.304999828338623;252.6999969482422;250.3000030517578;249.60000610351562;435.6000061035156;433.0;435.0;-1310.5999755859375;-434.70001220703125;-437.1000061035156;-438.6000061035156;-44.79999923706055;-67.5;11.800000190734863;10.800000190734863;1316.0999755859375;440.0;437.29998779296875;438.6000061035156;-0.9990000128746033;-0.9879999756813049;1.0;1.0;49.900001525878906;MPPT;49.95933532714844;2.136518716812134;2.1292006969451904;2.140146255493164;251.70726013183594;249.25344848632812;248.82730102539062;433.6352233886719;430.8935546875;434.1511535644531;1600.9556884765625;-4.9168524742126465;1600.9632568359375;99.99952697753906;242805.265625;1667.5347900390625;2016-07-11 16:15:00;1676.7426679644263;590.3493661085841;2.840254879948528;304.76293804925683;101;-1338.444876555881;-1643.2078146051379
2026-04-24 18:23:51;1.400762677192688;1.4092891216278076;1.449792504310608;233.53915405273438;234.1915283203125;234.795654296875;405.0631408691406;406.1554260253906;405.67608642578125;327.8221435546875;330.6632080078125;340.164306640625;-317.92926025390625;-322.2479553222656;-335.6734619140625;-7.9058451652526855;56.84107208251953;48.19407272338867;0.9743895530700684;0.9752342700958252;0.9846479892730713;49.94383239746094;996.364013671875;-972.1337890625;115.11320495605469;0.9761844873428345;-1.5479999780654907;-1.5360000133514404;-1.5420000553131104;-4.629000186920166;252.89999389648438;250.3000030517578;250.0;435.70001220703125;433.20001220703125;435.5;-1137.4000244140625;-376.8999938964844;-379.3999938964844;-381.0;-25.899999618530273;-61.0;19.0;18.0;1144.5999755859375;382.3999938964844;380.20001220703125;381.8999938964844;1.0;-0.9869999885559082;0.9990000128746033;0.9990000128746033;49.900001525878906;MPPT;49.95579528808594;1.911409854888916;1.9044280052185059;1.915569543838501;251.8856201171875;249.65899658203125;249.0065155029297;434.06927490234375;431.3797912597656;434.5491943359375;1433.66796875;-20.311918258666992;1433.8118896484375;99.98995971679688;242805.265625;1496.0252685546875;2016-07-11 16:30:00;1506.7139024443181;589.1965954759152;2.5572345699439953;304.76293804925683;101;-1171.8166863461747;-1476.5796243954317
2026-04-24 18:24:22;1.3185030221939087;1.3305473327636719;1.368937611579895;233.80552673339844;234.52699279785156;235.1964111328125;405.53363037109375;406.8219299316406;406.28570556640625;308.1252136230469;311.75225830078125;321.7758483886719;-299.3468017578125;-303.8979797363281;-317.212646484375;-17.121122360229492;54.67607879638672;45.99099349975586;0.9700294733047485;0.9722846150398254;0.9832542538642883;49.9393424987793;943.29296875;-920.4639892578125;86.49066162109375;0.9761418104171753;-1.4730000495910645;-1.4539999961853027;-1.4620000123977661;-4.388999938964844;252.5;250.5;249.60000610351562;435.6000061035156;433.0;434.79998779296875;-1080.199951171875;-357.70001220703125;-359.8999938964844;-361.1000061035156;-43.29999923706055;-67.0999984741211;12.199999809265137;11.399999618530273;1084.699951171875;363.20001220703125;360.1000061035156;361.29998779296875;-0.9990000128746033;-0.9829999804496765;0.9990000128746033;1.0;49.900001525878906;MPPT;49.9508171081543;1.6969223022460938;1.6896495819091797;1.7007346153259277;251.2418212890625;249.34164428710938;248.51406860351562;433.24432373046875;430.7896728515625;433.4456787109375;1270.217529296875;-3.178793430328369;1270.221435546875;99.99969482421875;242805.265625;1329.620361328125;2016-07-11 16:45:00;1336.6941522352129;588.0438859657612;2.273119717995064;199.9972876207009;66;-1109.9629815698077;-1309.9602691905086
2026-04-24 18:24:50;0.8592575192451477;0.8580653667449951;0.8847402334213257;233.67979431152344;234.49813842773438;235.05441284179688;405.40338134765625;406.5997009277344;405.96099853515625;200.89085388183594;200.37216186523438;207.53152465820312;-185.49102783203125;-189.10743713378906;-199.7892303466797;-18.031944274902344;50.622825622558594;45.635032653808594;0.9171903729438782;0.9355930685997009;0.9563537240028381;49.96104431152344;609.4000244140625;-570.43603515625;82.1864013671875;0.9359788298606873;-1.00600004196167;-0.968999981880188;-0.9769999980926514;-2.9519999027252197;252.1999969482422;250.0;249.3000030517578;434.8999938964844;432.3999938964844;434.29998779296875;-709.5;-233.8000030517578;-235.10000610351562;-237.3000030517578;-19.899999618530273;-58.900001525878906;19.600000381469727;19.299999237060547;713.5;239.5;235.89999389648438;238.10000610351562;1.0;-0.9700000286102295;0.996999979019165;0.996999979019165;49.900001525878906;MPPT;49.97636032104492;1.4742155075073242;1.4672982692718506;1.4779739379882812;251.16146850585938;249.06243896484375;248.4034881591797;432.9500732421875;430.4378967285156;433.4090881347656;1101.543212890625;-23.680559158325195;1101.7977294921875;99.97689819335938;242805.265625;1157.0718994140625;2016-07-11 17:00:00;1166.672899474274;586.8911662685214;1.987886283741548;400.0013561896496;133;-743.3380852951389;-1143.3394414847885
2026-04-24 18:25:21;0.5746698379516602;0.5094941258430481;0.5284109711647034;233.73377990722656;234.30543518066406;235.02731323242188;405.51007080078125;406.5971984863281;405.9638366699219;135.45904541015625;120.16043090820312;124.25334930419922;-104.1981201171875;-107.08443450927734;-114.74443817138672;-39.8545036315918;27.285400390625;25.60127067565918;0.7750018835067749;0.8826199769973755;0.9047289490699768;49.923641204833984;377.39324951171875;-319.96160888671875;36.48085403442383;0.8483972549438477;-0.6990000009536743;-0.6209999918937683;-0.6209999918937683;-1.940999984741211;251.8000030517578;249.6999969482422;248.89999389648438;434.29998779296875;431.79998779296875;433.6000061035156;-432.5;-141.1999969482422;-144.8000030517578;-147.3000030517578;-42.900001525878906;-68.19999694824219;9.399999618530273;15.699999809265137;450.29998779296875;157.0;145.10000610351562;148.10000610351562;-0.9980000257492065;-0.9169999957084656;0.9940000176429749;0.9940000176429749;49.900001525878906;MPPT;49.93760299682617;1.379657506942749;1.3728063106536865;1.3838835954666138;250.63307189941406;248.55413818359375;247.8833465576172;432.0277404785156;429.47784423828125;432.53631591796875;1031.1904296875;-22.18149185180664;1031.428955078125;99.97687530517578;242805.265625;1084.079833984375;2016-07-11 17:15:00;1090.759473171937;586.3764841310671;1.8601691962260378;599.9986438103505;199;-468.94563989814776;-1068.9442837084982
2026-04-24 18:25:53;0.878141462802887;0.8741795420646667;0.9045485258102417;233.4589385986328;234.24427795410156;234.90794372558594;405.0006408691406;406.0765380859375;405.6508483886719;207.3681182861328;204.4410858154297;211.7522735595703;-190.08428955078125;-194.2633514404297;-204.68508911132812;-23.249290466308594;45.56094741821289;40.16671371459961;0.9249149560928345;0.9441921710968018;0.962170422077179;49.943084716796875;622.2579345703125;-586.6038818359375;69.66123962402344;0.9419530034065247;-1.0240000486373901;-0.9909999966621399;-0.9980000257492065;-3.013000011444092;252.0;249.8000030517578;249.10000610351562;434.5;432.0;433.8999938964844;-719.9000244140625;-237.3000030517578;-240.1999969482422;-242.1999969482422;-31.899999618530273;-62.900001525878906;15.300000190734863;15.600000381469727;729.0999755859375;245.5;240.6999969482422;242.6999969482422;-0.9980000257492065;-0.9639999866485596;0.9990000128746033;0.9990000128746033;49.900001525878906;MPPT;49.94838333129883;1.2837032079696655;1.2765763998031616;1.287692904472351;251.07867431640625;248.8334503173828;248.21961975097656;432.62744140625;429.9856872558594;433.1945495605469;959.5863037109375;-2.444481611251831;959.5894165039062;99.99967193603516;242805.265625;1010.672119140625;2016-07-11 17:30:00;1014.8460468696003;585.8618019936127;1.7322277086784104;238.09265487685795;79;-756.4564710553503;-994.5491259322083
2026-04-24 18:26:21;0.762525737285614;0.750490128993988;0.7781764268875122;233.74929809570312;234.4216766357422;234.9738006591797;405.5964660644531;406.6217956542969;406.15087890625;178.423095703125;176.8070526123047;183.04698181152344;-157.66407775878906;-161.0457763671875;-171.38690185546875;-21.07891845703125;47.771575927734375;43.224853515625;0.8847014307975769;0.9230454564094543;0.9423622488975525;49.970027923583984;532.06689453125;-492.1746826171875;51.898406982421875;0.9197137951850891;-0.9150000214576721;-0.8600000143051147;-0.8619999885559082;-2.63700008392334;252.39999389648438;250.3000030517578;249.60000610351562;435.29998779296875;432.8999938964844;434.70001220703125;-619.5;-203.6999969482422;-206.6999969482422;-209.0;-47.400001525878906;-68.30000305175781;10.100000381469727;10.699999809265137;631.2000122070312;214.89999389648438;206.6999969482422;208.8000030517578;-0.9959999918937683;-0.9449999928474426;0.9990000128746033;0.9990000128746033;49.900001525878906;MPPT;49.97027587890625;1.1839793920516968;1.1769294738769531;1.1876659393310547;251.30491638183594;249.0562744140625;248.65570068359375;433.0957336425781;430.56878662109375;433.6769104003906;885.8135986328125;11.317569732666016;885.8858642578125;-99.9918441772461;242805.265625;935.03955078125;2016-07-11 17:45:00;938.9311180154295;585.3471096690726;1.6040586901441378;266.66757079309974;88;-653.4849248620212;-920.1524956551209
2026-04-24 18:26:50;0.6603594422340393;0.6141496300697327;0.6309946775436401;233.88197326660156;234.76828002929688;235.553466796875;405.9228820800781;407.30706787109375;406.5351257324219;153.14422607421875;144.37069702148438;149.01426696777344;-125.84559631347656;-129.40367126464844;-138.1212158203125;-26.800081253051758;45.076656341552734;41.78307342529297;0.8345394134521484;0.8809071779251099;0.9142873287200928;49.95804977416992;445.8858947753906;-390.4457092285156;61.80108642578125;0.8741821050643921;-0.7829999923706055;-0.7229999899864197;-0.7279999852180481;-2.2339999675750732;252.3000030517578;250.10000610351562;249.5;435.0;432.6000061035156;434.5;-512.7000122070312;-168.10000610351562;-170.39999389648438;-172.8000030517578;-25.100000381469727;-60.599998474121094;18.100000381469727;17.399999618530273;523.2000122070312;178.10000610351562;171.3000030517578;173.6999969482422;-0.9990000128746033;-0.9390000104904175;0.9950000047683716;0.996999979019165;49.900001525878906;MPPT;49.96662902832031;1.0798875093460083;1.0728037357330322;1.084062099456787;251.24468994140625;249.15322875976562;248.56008911132812;433.0167236328125;430.59820556640625;433.62451171875;808.0257568359375;-4.247704029083252;808.0369262695312;99.99861907958984;242805.265625;855.84423828125;2016-07-11 18:00:00;863.0176917130929;584.8324275316181;1.4756666201899946;295.23570576109364;98;-550.5216321177373;-845.757337878831
2026-04-24 18:27:17;0.47182339429855347;0.3930473327636719;0.39220115542411804;233.60821533203125;234.2710418701172;235.2881622314453;405.2239990234375;406.7465515136719;406.116943359375;111.82292175292969;92.77893829345703;91.38138580322266;-66.79418182373047;-68.02527618408203;-74.5220718383789;-34.86722946166992;35.12895584106445;34.708683013916016;0.6059845089912415;0.7129425406455994;0.8031985759735107;49.957298278808594;295.1575622558594;-208.4405059814453;29.181058883666992;0.7013049721717834;-0.5920000076293945;-0.48399999737739563;-0.47200000286102295;-1.5479999780654907;251.6999969482422;249.60000610351562;249.0;434.1000061035156;431.79998779296875;433.6000061035156;-308.5;-99.80000305175781;-103.80000305175781;-106.4000015258789;-42.70000076293945;-66.69999694824219;11.100000381469727;12.800000190734863;332.5;120.80000305175781;104.4000015258789;107.19999694824219;-0.9909999966621399;-0.8309999704360962;0.9940000176429749;0.996999979019165;49.900001525878906;MPPT;49.96245574951172;0.7974498867988586;0.7904642224311829;0.8011152148246765;250.6538543701172;248.54061889648438;248.05934143066406;432.0152893066406;429.6715087890625;432.59979248046875;594.7889404296875;10.392780303955078;594.8797607421875;-99.98473358154297;242805.265625;643.2919921875;2016-07-11 18:15:00;647.2632687848195;583.3696435029314;1.1095251115540212;285.7152544211783;95;-348.6027489879448;-634.3180034091231
2026-04-24 18:27:45;0.5068538784980774;0.3544268012046814;0.3362405598163605;233.57040405273438;234.2034454345703;235.1218719482422;404.9839172363281;406.3019104003906;405.735107421875;119.42979431152344;82.4914779663086;78.10612487792969;69.82123565673828;62.43280792236328;62.89033889770508;-54.092281341552734;0.0;12.87193775177002;0.5794598460197449;0.7579272985458374;0.7972339391708374;49.96928024291992;284.1737060546875;193.88706970214844;-14.180408477783203;0.6833792924880981;0.4699999988079071;0.32499998807907104;0.27900001406669617;1.0740000009536743;251.5;249.10000610351562;248.6999969482422;433.5;431.1000061035156;433.1000061035156;156.8000030517578;55.599998474121094;48.70000076293945;45.599998474121094;-23.299999237060547;-60.29999923706055;17.299999237060547;19.600000381469727;181.1999969482422;79.80000305175781;51.70000076293945;49.599998474121094;0.9879999756813049;0.6610000133514404;-0.9459999799728394;-0.9259999990463257;49.900001525878906;MPPT;49.98609161376953;0.5155362486839294;0.5089334845542908;0.5195459127426147;250.23817443847656;247.9735565185547;247.7424774169922;431.1548156738281;428.7955322265625;432.083984375;383.2225646972656;-21.187618255615234;383.8078308105469;99.8475112915039;242805.265625;428.7922668457031;2016-07-11 18:30:00;431.50884585654643;581.9068594742445;0.7415428067756696;533.3351415861995;177;110.456472646784;-422.8786689394155
2026-04-24 18:28:15;0.6126564741134644;0.44306379556655884;0.43429818749427795;233.78709411621094;234.3378143310547;235.23814392089844;405.46234130859375;406.6321716308594;406.1984558105469;143.4104766845703;104.59375762939453;101.40180969238281;96.23542022705078;86.79092407226562;88.95899963378906;-62.21199417114258;0.0;0.0;0.6749861240386963;0.8394864201545715;0.8685028553009033;49.95804977416992;348.57598876953125;273.61090087890625;-44.017356872558594;0.7824151515960693;0.5550000071525574;0.41600000858306885;0.3840000033378601;1.3550000190734863;251.3000030517578;248.8000030517578;248.39999389648438;433.1000061035156;430.5;432.70001220703125;238.8000030517578;83.19999694824219;80.0999984741211;77.0;-41.400001525878906;-66.4000015258789;11.0;13.899999618530273;266.1000061035156;106.9000015258789;80.80000305175781;78.19999694824219;0.9860000014305115;0.7860000133514404;-0.9909999966621399;-0.9850000143051147;49.900001525878906;MPPT;49.96784591674805;0.2394745647907257;0.2321086823940277;0.2436075210571289;250.07225036621094;247.7288360595703;247.41429138183594;430.78009033203125;428.2834777832031;431.69183349609375;177.17721557617188;-0.42540860176086426;177.177734375;99.99971008300781;242805.265625;218.7445068359375;2016-07-11 18:45:00;215.75442292827321;580.4440754455577;0.3717057888180818;409.52180752956497;136;198.08247305985722;-211.43933446970775
2026-04-24 18:28:45;0.44611769914627075;0.3602549135684967;0.3457213044166565;233.6752166748047;233.84390258789062;235.19815063476562;405.0853576660156;406.7881774902344;406.3675537109375;107.10735321044922;83.96781921386719;80.37926483154297;-55.102149963378906;-55.09220504760742;-61.082908630371094;-32.66494369506836;32.897769927978516;32.86664962768555;0.5139655470848083;0.6417945623397827;0.730028510093689;49.97452163696289;274.4665222167969;-168.4256591796875;30.85818099975586;0.6227046251296997;-0.5559999942779541;-0.43700000643730164;-0.41999998688697815;-1.4129999876022339;252.10000610351562;249.6999969482422;249.3000030517578;434.5;432.1000061035156;434.20001220703125;-267.20001220703125;-86.0999984741211;-88.5999984741211;-91.30000305175781;-42.599998474121094;-66.80000305175781;11.5;12.600000381469727;290.1000061035156;108.4000015258789;89.4000015258789;92.19999694824219;-0.9900000095367432;-0.8050000071525574;0.9890000224113464;0.9900000095367432;49.900001525878906;MPPT;49.98122787475586;0.7413825392723083;0.734660267829895;0.7459786534309387;249.74720764160156;248.92837524414062;248.10464477539062;431.23980712890625;429.8081359863281;432.4102478027344;552.87158203125;-1.6392009258270264;552.8740234375;99.99955749511719;242805.265625;599.5162353515625;2016-07-12 06:15:00;604.2767633697897;583.0782011643839;1.0363562934835724;285.7152544211783;95;-306.4759736812156;-592.1912281023939
2026-04-24 18:29:17;1.0861424207687378;1.0849145650863647;1.1101051568984985;233.93038940429688;234.44581604003906;235.32440185546875;405.8702697753906;407.103271484375;406.61871337890625;253.22186279296875;253.26446533203125;261.77191162109375;-239.49075317382812;-243.7107696533203;-255.6590576171875;-19.062376022338867;51.74232482910156;45.07841110229492;0.9423588514328003;0.9574731588363647;0.9746796488761902;49.97602081298828;771.197265625;-740.44970703125;66.34076690673828;0.961768627166748;-1.2430000305175781;-1.2050000429153442;-1.2130000591278076;-3.6610000133514404;252.89999389648438;250.60000610351562;249.89999389648438;436.0;433.3999938964844;435.3999938964844;-882.2000122070312;-291.3999938964844;-295.29998779296875;-297.3999938964844;-47.79999923706055;-68.19999694824219;10.300000190734863;9.899999618530273;893.7000122070312;300.5;295.5;297.5;-0.9980000257492065;-0.972000002861023;1.0;1.0;49.900001525878906;MPPT;49.980743408203125;1.5261716842651367;1.519002079963684;1.5295121669769287;251.9045867919922;249.75880432128906;249.0762481689453;434.160888671875;431.51568603515625;434.6484680175781;1144.70263671875;6.438973426818848;1147.0804443359375;99.99986267089844;242805.265625;1201.6888427734375;2016-07-12 06:30:00;1208.5520241877455;587.1751007248112;2.0582480808465897;266.66757079309974;88;-917.7134129108908;-1184.3809837039905
2026-04-24 18:29:48;1.9670132398605347;1.985239863395691;2.0359086990356445;234.0795440673828;234.61199951171875;235.37789916992188;405.8143615722656;407.205322265625;406.62884521484375;460.2017517089844;466.3263244628906;481.7395935058594;-456.61199951171875;-458.8848571777344;-475.94970703125;0.0;71.08361053466797;56.77307891845703;0.9881960153579712;0.9836560487747192;0.9916247129440308;49.98426055908203;1409.458251953125;-1392.1070556640625;119.44866180419922;0.9891557693481445;-2.13100004196167;-2.125;-2.132999897003174;-6.388999938964844;253.5;251.3000030517578;250.6999969482422;437.1000061035156;434.70001220703125;436.6000061035156;-1590.300048828125;-528.2999877929688;-530.2000122070312;-531.2000122070312;-49.900001525878906;-69.0999984741211;10.699999809265137;8.399999618530273;1594.0;532.2999877929688;530.2999877929688;531.2999877929688;-0.9990000128746033;-0.9909999966621399;1.0;1.0;49.900001525878906;MPPT;49.986087799072266;2.304091691970825;2.2971463203430176;2.308293104171753;252.5897674560547;250.42189025878906;249.8018035888672;435.2008361816406;432.7233581542969;435.85443115234375;1732.19287109375;11.22783088684082;1732.229248046875;-99.9979019165039;242805.265625;1798.5733642578125;2016-07-12 06:45:00;1812.828787557535;591.2720104723243;3.0659810636214586;161.9019203645438;53;-1614.6702914418406;-1776.5722118063843
2026-04-24 18:30:19;2.7377846240997314;2.7652487754821777;2.8292770385742188;234.1488037109375;234.92611694335938;235.61746215820312;406.1775817871094;407.4931335449219;406.7662353515625;641.765380859375;649.1627197265625;666.8867797851562;-638.864013671875;-642.133544921875;-663.5713500976562;16.843233108520508;88.53707122802734;71.60999298095703;0.9967513084411621;0.9886559247970581;0.995143711566925;50.00225067138672;1958.53076171875;-1946.3232421875;175.99142456054688;0.9932869076728821;-2.8989999294281006;-2.9059998989105225;-2.9159998893737793;-8.720999717712402;254.0;251.89999389648438;251.1999969482422;438.1000061035156;435.6000061035156;437.5;-2183.39990234375;-726.5;-729.0;-729.5999755859375;-26.399999618530273;-61.099998474121094;18.899999618530273;15.800000190734863;2189.300048828125;730.2999877929688;729.2000122070312;729.7000122070312;1.0;-0.996999979019165;1.0;1.0;50.0;MPPT;50.015281677246094;3.0810508728027344;3.073425531387329;3.0851356983184814;253.1036834716797;251.02047729492188;250.4311981201172;436.21148681640625;433.810546875;436.91119384765625;2323.8134765625;-23.48745346069336;2323.93212890625;99.9948959350586;242805.265625;2402.939453125;2016-07-12 07:00:00;2417.1100585828267;595.3689507810948;4.059852391381339;161.9019203645438;53;-2206.865937046626;-2368.76785741117
2026-04-24 18:30:52;2.5610954761505127;2.582643985748291;2.645827531814575;233.72195434570312;234.3155059814453;235.13204956054688;405.2698974609375;406.5233459472656;405.899169921875;597.7831420898438;604.7227783203125;621.4058837890625;-595.0926513671875;-598.972900390625;-618.4508666992188;3.3545947074890137;78.96175384521484;63.42097091674805;0.997271716594696;0.9898850917816162;0.9942944049835205;50.01124954223633;1825.1304931640625;-1811.323974609375;167.19287109375;0.9931057095527649;-2.7109999656677246;-2.7209999561309814;-2.7290000915527344;-8.16100025177002;253.39999389648438;251.10000610351562;250.60000610351562;436.8999938964844;434.3999938964844;436.3999938964844;-2041.0999755859375;-679.2000122070312;-680.9000244140625;-681.2999877929688;-25.200000762939453;-60.29999923706055;19.5;15.399999618530273;2044.699951171875;681.9000244140625;681.2000122070312;681.5;1.0;-0.9959999918937683;1.0;1.0;50.0;MPPT;50.02743911743164;2.89855694770813;2.891718864440918;2.902886390686035;252.4029083251953;250.08273315429688;249.70736694335938;434.7893981933594;432.2862548828125;435.7670593261719;2179.429443359375;-21.99835205078125;2179.54052734375;99.99913024902344;242805.265625;2256.55419921875;2016-07-12 07:15:00;2271.6329900280643;594.3826371309092;3.8218360499109783;161.9019203645438;53;-2064.298409862959;-2226.200330227503
2026-04-24 18:31:24;2.3555119037628174;2.3839962482452393;2.438675880432129;233.6004180908203;234.20533752441406;235.13465881347656;405.1013488769531;406.417724609375;405.9023132324219;551.1318359375;557.4761962890625;573.568115234375;-545.7384033203125;-549.43115234375;-568.9052124023438;10.665342330932617;81.68299102783203;67.15105438232422;0.9923407435417175;0.9858925342559814;0.992011547088623;50.05329132080078;1684.469970703125;-1671.0692138671875;135.1611328125;0.9914069771766663;-2.5179998874664307;-2.5169999599456787;-2.5250000953674316;-7.559999942779541;253.1999969482422;250.6999969482422;250.39999389648438;436.29998779296875;433.8999938964844;436.1000061035156;-1886.4000244140625;-627.5;-627.9000244140625;-629.2999877929688;-43.79999923706055;-66.19999694824219;12.899999618530273;9.399999618530273;1887.9000244140625;630.4000244140625;628.0999755859375;629.2999877929688;1.0;-0.9940000176429749;1.0;1.0;50.0;MPPT;50.056724548339844;2.7105016708374023;2.7032272815704346;2.7142863273620605;252.33236694335938;249.86209106445312;249.5641326904297;434.5201110839844;431.89892578125;435.66949462890625;2036.764892578125;1.0358774662017822;2036.76513671875;-99.99998474121094;242805.265625;2109.055908203125;2016-07-12 07:30:00;2126.170946991641;593.3964253515818;3.5830531768571148;171.42915265270696;57;-1912.218375399101;-2083.647528051808
2026-04-24 18:31:54;2.103961229324341;2.1237173080444336;2.1789495944976807;233.80087280273438;234.3337860107422;235.29766845703125;405.396728515625;406.6832275390625;406.3713684082031;492.8017883300781;498.791259765625;513.0252685546875;-487.9305419921875;-492.0787048339844;-509.8294982910156;0.0;71.03106689453125;59.24713134765625;0.9908176064491272;0.9851172566413879;0.9918816089630127;50.029258728027344;1508.180419921875;-1490.938720703125;128.2744598388672;0.9912900924682617;-2.2709999084472656;-2.2679998874664307;-2.2720000743865967;-6.810999870300293;253.1999969482422;250.8000030517578;250.3000030517578;436.3999938964844;433.8999938964844;436.0;-1694.9000244140625;-563.5999755859375;-565.0999755859375;-566.0999755859375;-42.5;-66.30000305175781;13.399999618530273;10.300000190734863;1699.0;567.5;565.2999877929688;566.2000122070312;1.0;-0.9929999709129333;1.0;1.0;50.0;MPPT;50.04203796386719;2.5251352787017822;2.517979383468628;2.5289907455444336;252.17877197265625;249.9252471923828;249.46348571777344;434.4861145019531;431.9285583496094;435.3422546386719;1896.951904296875;-4.735378265380859;1896.9578857421875;99.99968719482422;242805.265625;1965.7955322265625;2016-07-12 07:45:00;1980.6938784368788;592.4101117013961;3.343450490317164;219.0449712487794;73;-1722.035029619362;-1941.0800008681413
2026-04-24 18:32:27;1.8130372762680054;1.8287100791931152;1.8780994415283203;233.6484832763672;234.28717041015625;235.00457763671875;405.1159973144531;406.22113037109375;405.8264465332031;424.2413330078125;429.05816650390625;442.50213623046875;-417.90740966796875;-421.7762451171875;-438.1412353515625;0.0;65.62004089355469;53.616966247558594;0.9880170226097107;0.9835423827171326;0.9897367358207703;50.021751403808594;1297.4437255859375;-1279.2215576171875;119.03373718261719;0.9871838688850403;-1.9709999561309814;-1.965999960899353;-1.9730000495910645;-5.909999847412109;253.0;250.60000610351562;250.1999969482422;436.1000061035156;433.70001220703125;435.70001220703125;-1464.5;-486.29998779296875;-488.20001220703125;-489.79998779296875;-42.70000076293945;-66.30000305175781;13.0;10.699999809265137;1472.199951171875;491.79998779296875;489.3999938964844;490.8999938964844;1.0;-0.9909999966621399;1.0;1.0;50.0;MPPT;50.029876708984375;2.341355085372925;2.3343818187713623;2.345252513885498;252.04205322265625;249.58493041992188;249.3042755126953;434.1853332519531;431.4564208984375;435.0144958496094;1757.3861083984375;-4.426910877227783;1757.3917236328125;99.99967956542969;242805.265625;1824.4205322265625;2016-07-12 08:00:00;1835.2168098821164;591.4237980512105;3.1030486360699467;304.76293804925683;101;-1493.7495356352174;-1798.5124736844741
2026-04-24 18:33:01;1.8329826593399048;1.8523039817810059;1.9072229862213135;233.5482635498047;234.16090393066406;234.9581298828125;405.2816467285156;406.54107666015625;406.0111999511719;429.14593505859375;433.39599609375;447.2680969238281;-423.6267395019531;-427.54315185546875;-443.20294189453125;0.0;65.90288543701172;54.35781478881836;0.9873986840248108;0.983025074005127;0.99003666639328;50.021751403808594;1310.9906005859375;-1292.3994140625;122.13094329833984;0.9878372550010681;-1.9919999837875366;-1.9869999885559082;-1.99399995803833;-5.9730000495910645;253.1999969482422;250.89999389648438;250.3000030517578;436.5;434.0;436.0;-1476.5999755859375;-490.3999938964844;-492.3999938964844;-493.79998779296875;-42.099998474121094;-66.5999984741211;13.5;10.899999618530273;1481.4000244140625;494.8999938964844;492.6000061035156;493.8999938964844;1.0;-0.9909999966621399;1.0;1.0;50.0;MPPT;50.031089782714844;2.3662211894989014;2.3591148853302;2.3699405193328857;252.11279296875;249.78199768066406;249.37582397460938;434.4046936035156;431.7522888183594;435.08526611328125;1776.7496337890625;-8.580642700195312;1776.7703857421875;99.99883270263672;242805.265625;1844.2696533203125;2016-07-12 08:15:00;1861.1959310896339;591.5999327652335;3.1460381044840626;314.2833893891722;104;-1509.6886230786688;-1823.972012467841
2026-04-24 18:33:37;2.0255775451660156;2.043911933898926;2.0941786766052246;233.67523193359375;234.34498596191406;235.0909423828125;405.34197998046875;406.5169982910156;406.1264343261719;474.7438659667969;479.628662109375;493.7217102050781;-469.8061828613281;-473.67059326171875;-490.15203857421875;0.0;74.67353820800781;61.84912109375;0.9893108010292053;0.9841635227203369;0.9900743961334229;50.00899887084961;1448.77685546875;-1431.0294189453125;130.49386596679688;0.9893558621406555;-2.181999921798706;-2.181999921798706;-2.184999942779541;-6.548999786376953;253.0;250.60000610351562;250.10000610351562;436.1000061035156;433.6000061035156;435.6000061035156;-1633.199951171875;-542.9000244140625;-542.7000122070312;-543.5;-32.900001525878906;-63.599998474121094;16.5;14.100000381469727;1631.4000244140625;544.5999755859375;543.0;543.7000122070312;1.0;-0.9929999709129333;1.0;1.0;50.0;MPPT;50.019317626953125;2.412893772125244;2.405885934829712;2.4164304733276367;251.82261657714844;249.52003479003906;249.05682373046875;433.8814392089844;431.276123046875;434.5791931152344;1809.6502685546875;-9.661737442016602;1809.676025390625;99.99857330322266;242805.265625;1877.615234375;2016-07-12 08:30:00;1887.1600267788124;591.7759656083982;3.188977140764148;190.4768362807855;63;-1658.9399899624505;-1849.416826243236
2026-04-24 18:34:06;2.009688377380371;2.0344057083129883;2.0860676765441895;233.61878967285156;234.1454620361328;235.01025390625;405.04931640625;406.2786865234375;405.6812438964844;469.4717712402344;476.2013244628906;490.59197998046875;-464.0255126953125;-468.16815185546875;-485.7417907714844;0.0;66.85233306884766;51.82708740234375;0.9901555180549622;0.9857804775238037;0.9927912950515747;50.0;1436.9404296875;-1423.2781982421875;109.39309692382812;0.9895381927490234;-2.1740000247955322;-2.1679999828338623;-2.177000045776367;-6.519000053405762;252.8000030517578;250.5;250.10000610351562;435.79998779296875;433.5;435.5;-1617.800048828125;-537.5;-540.2000122070312;-541.5999755859375;-65.30000305175781;-74.30000305175781;5.5;3.4000000953674316;1625.0999755859375;543.2000122070312;540.2000122070312;541.5999755859375;-0.9990000128746033;-0.9909999966621399;1.0;1.0;50.0;MPPT;50.00920104980469;2.4397575855255127;2.432008981704712;2.4437754154205322;251.8514404296875;249.6401824951172;249.21009826660156;433.967529296875;431.5980529785156;434.692626953125;1830.5576171875;9.359347343444824;1830.58154296875;-99.99869537353516;242805.265625;1899.55712890625;2016-07-12 08:45:00;1913.1241224679916;591.951998451563;3.231890638890266;228.57220353694262;76;-1646.289436481689;-1874.8616400186318
2026-04-24 18:34:36;2.0726473331451416;2.0942368507385254;2.1477153301239014;233.6066436767578;234.1796112060547;235.2698974609375;405.2776794433594;406.58697509765625;405.9276123046875;483.4014892578125;490.8946533203125;505.32818603515625;-479.3153381347656;-482.24029541015625;-499.3905334472656;0.0;70.11588287353516;56.62374496459961;0.9903894066810608;0.9877893328666687;0.9933421611785889;50.0052490234375;1479.8414306640625;-1466.177734375;117.8868408203125;0.9911057353019714;-2.2330000400543213;-2.2249999046325684;-2.2339999675750732;-6.691999912261963;253.10000610351562;250.60000610351562;250.3000030517578;436.20001220703125;433.70001220703125;435.8999938964844;-1665.0;-553.5;-554.5999755859375;-555.9000244140625;-59.900001525878906;-72.4000015258789;7.5;4.800000190734863;1668.199951171875;557.5;554.7000122070312;555.9000244140625;-0.9990000128746033;-0.9909999966621399;1.0;1.0;50.0;MPPT;50.00798034667969;2.4772231578826904;2.469886541366577;2.4804811477661133;252.15159606933594;249.74966430664062;249.48883056640625;434.33172607421875;431.8344421386719;435.2843322753906;1860.2415771484375;14.949457168579102;1860.3016357421875;-99.99677276611328;242805.265625;1928.7568359375;2016-07-12 09:00:00;1939.0882181571703;592.1280312947276;3.2747786216390127;209.52451990886405;69;-1690.781933885163;-1900.306453794027
2026-04-24 18:35:10;4.235154628753662;4.255744934082031;4.342674255371094;233.79580688476562;234.19137573242188;235.09690856933594;404.9858703613281;406.18023681640625;406.07257080078125;989.861572265625;997.8499755859375;1023.5921020507812;-990.76416015625;-991.6057739257812;-1021.9697875976562;33.93514633178711;102.50033569335938;79.45877838134766;1.0;0.9955137968063354;0.9986112117767334;49.97976303100586;3014.09814453125;-3005.47412109375;206.43191528320312;0.9977988004684448;-4.374000072479248;-4.395999908447266;-4.406000137329102;-13.175999641418457;254.8000030517578;252.10000610351562;251.8000030517578;438.8999938964844;436.29998779296875;438.70001220703125;-3323.89990234375;-1109.0;-1106.0;-1106.699951171875;-69.4000015258789;-75.5999984741211;6.099999904632568;0.0;3322.60009765625;1109.9000244140625;1106.0;1106.699951171875;1.0;-0.9980000257492065;1.0;1.0;49.900001525878906;MPPT;49.98365783691406;4.727826118469238;4.720157146453857;4.7316975593566895;253.89263916015625;251.3217010498047;251.08482360839844;437.1537170410156;434.65618896484375;438.1468811035156;3574.607421875;8.439810752868652;3574.617431640625;-99.99971771240234;242805.265625;3680.261474609375;2016-07-12 09:15:00;3704.3161636178775;604.0960234710458;6.131998920193893;285.7152544211783;95;-3344.514585924341;-3630.2298403455197
2026-04-24 18:35:39;6.507641315460205;6.522916793823242;6.648634910583496;234.0767364501953;234.43423461914062;235.28836059570312;405.78607177734375;406.6868591308594;406.59814453125;1526.1741943359375;1528.4283447265625;1564.96044921875;-1525.8699951171875;-1523.66162109375;-1564.17724609375;70.33598327636719;144.2752685546875;115.43716430664062;1.0;0.996410071849823;0.9993650317192078;49.9790153503418;4619.03173828125;-4609.0458984375;332.0464172363281;0.9983554482460022;-6.633999824523926;-6.673999786376953;-6.677999973297119;-19.986000061035156;256.3999938964844;253.8000030517578;253.3000030517578;441.79998779296875;439.1000061035156;441.3999938964844;-5076.7001953125;-1695.4000244140625;-1691.0;-1690.0;-51.0;-70.4000015258789;14.300000190734863;5.0;5078.2001953125;1697.0;1691.0999755859375;1690.0;1.0;-0.9990000128746033;1.0;1.0;49.900001525878906;MPPT;49.988868713378906;6.936774730682373;6.929006099700928;6.940777778625488;255.6073760986328;252.91871643066406;252.8789825439453;440.13018798828125;437.5828552246094;441.0865783691406;5280.61376953125;-13.876832962036133;5280.6318359375;99.9996566772461;242805.265625;5438.298828125;2016-07-12 09:30:00;5469.544109078585;616.0640156473638;8.8782074105256;266.66757079309974;88;-5093.485656103913;-5360.153226897013
2026-04-24 18:36:14;7.804463863372803;7.77234411239624;7.904389381408691;234.1144561767578;234.61460876464844;235.47171020507812;405.89215087890625;407.1109619140625;406.60284423828125;1820.040771484375;1824.312744140625;1873.3759765625;-1827.9658203125;-1817.110107421875;-1858.8282470703125;88.78751373291016;160.54527282714844;129.39772033691406;1.0;0.99690842628479;0.9992371201515198;49.97976303100586;5546.8154296875;-5555.10498046875;389.1729431152344;0.9988203048706055;-7.968999862670898;-8.015999794006348;-8.022000312805176;-24.006999969482422;257.0;254.3000030517578;254.10000610351562;442.79998779296875;440.20001220703125;442.5;-6116.2998046875;-2043.4000244140625;-2036.300048828125;-2036.5;-53.0;-71.30000305175781;14.5;3.700000047683716;6147.7001953125;2054.699951171875;2046.9000244140625;2046.0;1.0;-0.9990000128746033;1.0;1.0;50.0;MPPT;49.988521575927734;8.295940399169922;8.286914825439453;8.2991943359375;256.32061767578125;253.91842651367188;253.655029296875;441.4545593261719;439.2063293457031;442.5107727050781;6348.2802734375;-9.103181838989258;6348.28662109375;99.9999008178711;242805.265625;6497.7509765625;2016-07-12 09:45:00;7234.772054539293;628.032007823682;11.519750529292184;238.09265487685795;79;-5870.706049408736;-6108.798704285594
2026-04-24 18:36:44;7.929573059082031;7.938132286071777;8.084943771362305;233.9744415283203;234.46641540527344;235.33721923828125;405.7026062011719;406.89898681640625;406.4325866699219;1864.446044921875;1871.041015625;1914.0396728515625;-1872.20654296875;-1868.27685546875;-1922.1292724609375;95.88272857666016;168.20130920410156;134.79339599609375;1.0;0.9965879321098328;0.9992268681526184;49.96778106689453;5746.7275390625;-5738.13232421875;399.64007568359375;0.9982401132583618;-8.225000381469727;-8.270999908447266;-8.281999588012695;-24.777999877929688;257.0;254.39999389648438;253.89999389648438;442.79998779296875;440.20001220703125;442.3999938964844;-6308.7998046875;-2108.10009765625;-2103.10009765625;-2101.199951171875;-55.599998474121094;-70.0;14.399999618530273;0.0;6315.39990234375;2111.0;2103.10009765625;2101.199951171875;1.0;-0.9990000128746033;1.0;1.0;50.0;MPPT;49.97757339477539;8.347169876098633;8.33836841583252;8.323177337646484;256.5132751464844;254.0211944580078;253.65074157714844;441.7939758300781;439.1770935058594;442.64447021484375;6356.341796875;-15.259984016418457;6356.35986328125;99.99971771240234;242805.265625;6522.556640625;2016-07-12 10:00:00;9000.0;640.0;14.0625;152.38146902462842;50;-5959.75647750512;-6112.137946529748
2026-04-24 18:37:16;8.063304901123047;8.124679565429688;8.275498390197754;233.81521606445312;234.4073486328125;235.240478515625;405.75225830078125;406.81951904296875;406.39678955078125;1874.228515625;1878.9329833984375;1918.8037109375;-1885.169189453125;-1881.0899658203125;-1927.4844970703125;87.78704833984375;162.5033721923828;128.98973083496094;1.0;0.9968230128288269;0.9999010562896729;49.98201370239258;5722.5458984375;-5705.9287109375;398.2360534667969;0.9986281991004944;-8.16100025177002;-8.210000038146973;-8.217000007629395;-24.58799934387207;257.20001220703125;254.5;254.0;443.1000061035156;440.29998779296875;442.70001220703125;-6285.5;-2101.0;-2087.199951171875;-2085.199951171875;-55.599998474121094;-70.9000015258789;15.300000190734863;0.0;6268.60009765625;2096.10009765625;2087.199951171875;2085.199951171875;1.0;-0.9990000128746033;1.0;1.0;49.900001525878906;MPPT;49.988525390625;8.241789817810059;8.2328519821167;8.245742797851562;256.4964599609375;253.82992553710938;253.6269989013672;441.6436767578125;438.9872131347656;442.5819396972656;6294.873046875;-31.652225494384766;6294.95263671875;99.99873352050781;242805.265625;6455.03125;2016-07-12 10:15:00;8751.3577225321;638.3142410366379;13.710108845949735;180.94960399262234;60;-6272.719847292559;-6453.669451285182
2026-04-24 18:37:50;7.933362007141113;7.916073322296143;8.074054718017578;234.1365509033203;234.2350311279297;235.36257934570312;405.6125793457031;406.73004150390625;406.5455017089844;1861.6365966796875;1861.5274658203125;1902.587890625;-1850.96630859375;-1845.013427734375;-1891.9483642578125;90.6981201171875;168.3227081298828;133.0873565673828;1.0;0.996863067150116;1.0;49.970027923583984;5607.1279296875;-5619.966796875;413.3150634765625;0.9982265830039978;-8.055000305175781;-8.10099983215332;-8.109999656677246;-24.266000747680664;257.20001220703125;254.3000030517578;254.0;442.8999938964844;440.20001220703125;442.70001220703125;-6184.39990234375;-2067.699951171875;-2058.10009765625;-2058.10009765625;-30.700000762939453;-63.0;22.5;9.699999809265137;6184.7001953125;2068.300048828125;2058.199951171875;2058.10009765625;1.0;1.0;1.0;1.0;49.900001525878906;MPPT;49.994606018066406;8.167041778564453;8.157988548278809;8.170251846313477;256.68096923828125;253.96640014648438;253.7580108642578;441.8996887207031;439.1974182128906;442.89898681640625;6241.16064453125;-40.5064811706543;6241.2919921875;99.99789428710938;242805.265625;6400.107421875;2016-07-12 10:30:00;8502.7154450642;636.6284820732757;13.355851465165111;152.38146902462842;50;-6065.937746611778;-6218.319215636406
2026-04-24 18:38:20;7.790289878845215;7.806741714477539;7.951767444610596;234.16726684570312;234.4703369140625;235.28964233398438;405.7450256347656;406.677001953125;406.5340270996094;1840.8790283203125;1840.1181640625;1881.8096923828125;-1839.3504638671875;-1833.3740234375;-1879.793212890625;84.25780487060547;161.51341247558594;127.9296875;1.0;0.997212290763855;1.0;49.96029281616211;5584.240234375;-5575.53759765625;390.0218200683594;0.9989050626754761;-7.98799991607666;-8.031999588012695;-8.043999671936035;-24.06399917602539;257.20001220703125;254.39999389648438;254.0;443.0;440.20001220703125;442.70001220703125;-6137.2001953125;-2051.800048828125;-2042.199951171875;-2041.199951171875;-55.900001525878906;-71.0;15.0;0.0;6135.2998046875;2051.800048828125;2042.199951171875;2041.199951171875;1.0;-0.9990000128746033;1.0;1.0;49.900001525878906;MPPT;49.97027587890625;8.182782173156738;8.174269676208496;8.186878204345703;256.64849853515625;253.8861541748047;253.67295837402344;441.817138671875;439.028564453125;442.8086853027344;6252.009765625;-16.01519775390625;6252.0302734375;99.99967193603516;242805.265625;6406.01025390625;2016-07-12 10:45:00;8254.0731675963;634.9427231099136;12.99971299327334;190.4768362807855;63;-6137.694603512075;-6328.171439792861
2026-04-24 18:38:50;7.82843542098999;7.803793430328369;7.917365074157715;234.259765625;234.40972900390625;235.33938598632812;405.9430847167969;407.01458740234375;406.7747802734375;1809.044921875;1809.7879638671875;1850.4244384765625;-1809.5875244140625;-1804.50048828125;-1850.521484375;95.29981994628906;169.4463348388672;135.8809051513672;1.0;0.9964348673820496;0.9997166991233826;49.97377395629883;5509.47607421875;-5512.6259765625;404.78692626953125;0.998457670211792;-7.888000011444092;-7.935999870300293;-7.946000099182129;-23.770000457763672;257.20001220703125;254.39999389648438;254.10000610351562;443.0;440.29998779296875;442.79998779296875;-6059.10009765625;-2025.300048828125;-2016.9000244140625;-2016.699951171875;-33.29999923706055;-63.20000076293945;21.600000381469727;8.199999809265137;6060.2001953125;2026.300048828125;2017.0999755859375;2016.699951171875;1.0;-0.9990000128746033;1.0;1.0;49.900001525878906;MPPT;49.9836540222168;8.084057807922363;8.075798988342285;8.087638854980469;256.7123107910156;253.9468994140625;253.7466278076172;441.9521179199219;439.10443115234375;442.9427795410156;6178.146484375;-22.54033088684082;6178.18798828125;99.99932861328125;242805.265625;6343.35888671875;2016-07-12 11:00:00;8005.430890128401;633.2569641465515;12.641678407623077;190.4768362807855;63;-5952.643086301951;-6143.119922582737
2026-04-24 18:39:22;7.799651145935059;7.769551753997803;7.9142866134643555;234.32659912109375;234.32447814941406;235.4215545654297;405.9927062988281;406.84405517578125;406.8369140625;1810.5794677734375;1810.0301513671875;1850.612060546875;-1809.591064453125;-1798.7113037109375;-1845.44775390625;82.84822845458984;158.08424377441406;124.08267974853516;1.0;0.997173547744751;1.0;49.96104431152344;5523.154296875;-5516.833984375;375.5391845703125;0.9989376068115234;-7.910999774932861;-7.955999851226807;-7.960999965667725;-23.735000610351562;257.3999938964844;254.39999389648438;254.0;443.20001220703125;440.20001220703125;442.79998779296875;-6073.5;-2031.4000244140625;-2020.800048828125;-2021.199951171875;-71.19999694824219;-72.19999694824219;14.199999809265137;0.0;6030.7001953125;2017.5;2006.9000244140625;2006.199951171875;1.0;-0.9990000128746033;1.0;1.0;49.900001525878906;MPPT;49.97270965576172;8.030937194824219;8.02254867553711;8.03500747680664;256.82196044921875;253.9684295654297;253.68658447265625;442.0622863769531;439.1060485839844;442.9598083496094;6138.18212890625;-15.148075103759766;6138.20068359375;99.99969482421875;242805.265625;6293.224609375;2016-07-12 11:15:00;7871.823981061168;632.3511284744329;12.448501515371992;180.94960399262234;60;-5833.454692882439;-6014.404296875062
2026-04-24 18:39:51;7.791750431060791;7.76399564743042;7.908024311065674;234.40573120117188;234.50148010253906;235.29347229003906;406.07098388671875;406.7789001464844;406.55511474609375;1826.646728515625;1838.9635009765625;1879.55712890625;-1847.132568359375;-1839.781494140625;-1884.263427734375;92.73278045654297;170.10072326660156;135.51771545410156;1.0;0.995924711227417;0.99844890832901;49.96628189086914;5517.03515625;-5480.5625;382.795654296875;0.9981853365898132;-7.840000152587891;-7.88700008392334;-7.890999794006348;-23.618000030517578;257.5;254.3000030517578;253.89999389648438;443.20001220703125;440.1000061035156;442.79998779296875;-6040.2998046875;-2020.5;-2003.5999755859375;-2002.0999755859375;-55.5;-72.30000305175781;16.700000762939453;0.0;6020.89990234375;2015.0;2003.5999755859375;2002.0999755859375;1.0;-0.9990000128746033;1.0;1.0;49.900001525878906;MPPT;49.97270965576172;8.12766170501709;8.118805885314941;8.131571769714355;256.82525634765625;253.7745361328125;253.51593017578125;442.0355224609375;438.6676025390625;442.79425048828125;6209.11083984375;-6.396379470825195;6209.1142578125;99.99994659423828;242805.265625;6351.296875;2016-07-12 11:30:00;7738.217071993938;631.4452928023145;12.254770381852428;219.0449712487794;73;-5876.396764060386;-6095.441735309166
2026-04-24 18:40:23;7.566293239593506;7.581277847290039;7.72285795211792;234.2696990966797;234.26890563964844;235.28073120117188;406.0736389160156;407.00860595703125;406.8649597167969;1783.7672119140625;1777.67529296875;1814.1978759765625;-1773.748046875;-1773.0220947265625;-1832.8687744140625;87.89170837402344;163.04861450195312;130.3927001953125;1.0;0.9966313242912292;1.0;49.95206069946289;5582.37109375;-5572.9296875;379.7723083496094;0.9984183311462402;-8.038000106811523;-8.086999893188477;-8.092000007629395;-24.216999053955078;257.0;253.8000030517578;253.6999969482422;442.29998779296875;439.5;442.20001220703125;-6135.7001953125;-2052.300048828125;-2050.0;-2050.800048828125;-64.80000305175781;-76.0999984741211;11.199999809265137;0.0;6163.5;2062.60009765625;2050.0;2050.800048828125;1.0;-0.9990000128746033;1.0;1.0;49.900001525878906;MPPT;49.96952438354492;8.819543838500977;8.81038761138916;8.822661399841309;256.5192565917969;253.66387939453125;253.50306701660156;441.5506286621094;438.66656494140625;442.5347900390625;6733.533203125;-39.26388168334961;6733.64794921875;99.99829864501953;242805.265625;6920.62060546875;2016-07-12 11:45:00;7604.610162926704;630.5394571301961;12.060482618388267;590.4781924704351;196;-5783.259529732958;-6373.737722203393
2026-04-24 18:40:57;7.2336106300354;7.227251052856445;7.359309196472168;234.46029663085938;234.6226348876953;235.4624786376953;406.20123291015625;407.06707763671875;407.0000305175781;1674.732421875;1673.9365234375;1714.4339599609375;-1687.959716796875;-1680.080078125;-1729.384033203125;77.7750473022461;152.2753143310547;121.41838836669922;1.0;0.9963769912719727;0.9995952248573303;49.96778106689453;5092.802734375;-5081.97265625;347.52642822265625;0.9988280534744263;-7.2729997634887695;-7.314000129699707;-7.324999809265137;-21.91200065612793;257.1000061035156;254.10000610351562;253.6999969482422;442.70001220703125;439.70001220703125;442.29998779296875;-5578.39990234375;-1865.0999755859375;-1855.4000244140625;-1855.0;-63.599998474121094;-75.30000305175781;11.600000381469727;0.0;5576.2001953125;1865.699951171875;1855.4000244140625;1855.0;1.0;-0.9990000128746033;1.0;1.0;49.900001525878906;MPPT;49.97879409790039;8.846375465393066;8.837418556213379;8.849462509155273;256.5628967285156;253.6136016845703;253.54058837890625;441.6427917480469;438.6321716308594;442.5309143066406;6754.45703125;-17.352357864379883;6754.4794921875;99.99966430664062;242805.265625;6915.82568359375;2016-07-12 12:00:00;7471.003253859472;629.6336214580776;11.865635822557337;1238.092654876858;412;-5481.112897376395;-6719.205552253254
2026-04-24 18:41:30;7.666565895080566;7.711720943450928;7.855347633361816;234.1642608642578;234.36911010742188;235.28121948242188;405.6832275390625;406.6173400878906;406.4999694824219;1818.3260498046875;1816.51416015625;1858.8126220703125;-1817.656982421875;-1804.1346435546875;-1849.3243408203125;79.86620330810547;157.1211395263672;128.48536682128906;1.0;0.995995819568634;0.9994176030158997;49.963287353515625;5536.4169921875;-5540.7216796875;385.14727783203125;0.9984391927719116;-7.947000026702881;-7.99399995803833;-7.999000072479248;-23.940000534057617;257.1000061035156;254.0;253.8000030517578;442.6000061035156;439.70001220703125;442.3999938964844;-6096.89990234375;-2039.300048828125;-2028.5;-2028.9000244140625;-58.400001525878906;-73.4000015258789;15.0;0.0;6098.2001953125;2040.699951171875;2028.5999755859375;2028.9000244140625;1.0;-0.9990000128746033;1.0;1.0;49.900001525878906;MPPT;49.97027587890625;8.77030086517334;8.76125717163086;8.773720741271973;256.47320556640625;253.5635528564453;253.44017028808594;441.5285949707031;438.5513916015625;442.3077697753906;6694.357421875;-10.230978965759277;6694.365234375;99.99988555908203;242805.265625;6853.23779296875;2016-07-12 12:15:00;7275.28085198028;628.3066516576936;11.579188017165718;638.0940110665076;212;-6082.604248812424;-6720.698259878932
2026-04-24 18:42:04;8.102951049804688;8.096989631652832;8.245079040527344;234.04432678222656;233.9885711669922;235.1208038330078;405.47161865234375;406.294677734375;406.2651672363281;1897.459716796875;1899.540283203125;1942.5302734375;-1901.45361328125;-1893.7540283203125;-1938.888671875;98.50896453857422;172.57408142089844;138.72808837890625;1.0;0.9970293641090393;0.9995012879371643;49.97377395629883;5679.6845703125;-5663.8427734375;375.364501953125;0.9991591572761536;-8.116000175476074;-8.159000396728516;-8.170999526977539;-24.445999145507812;257.29998779296875;254.3000030517578;253.89999389648438;443.0;440.1000061035156;442.70001220703125;-6230.39990234375;-2083.39990234375;-2074.0;-2072.89990234375;-65.0;-77.30000305175781;10.100000381469727;-3.0999999046325684;6227.2001953125;2083.39990234375;2072.39990234375;2071.300048828125;1.0;-0.9990000128746033;1.0;1.0;50.0;MPPT;49.974205017089844;8.194833755493164;8.18570327758789;8.197813987731934;256.753173828125;253.77444458007812;253.56202697753906;441.9989013671875;438.8008728027344;442.6537170410156;6259.986328125;7.893009662628174;6259.9912109375;-99.99992370605469;242805.265625;6413.10986328125;2016-07-12 12:30:00;7079.558450101089;626.9796818573095;11.291527708089722;104.75886948030814;34;-6134.767851534227;-6239.526721014535
2026-04-24 18:42:34;7.837549686431885;7.837264537811279;7.983101844787598;234.52731323242188;234.3817901611328;235.5044708251953;406.1003112792969;406.929443359375;406.9764709472656;1814.818115234375;1813.7349853515625;1859.1588134765625;-1818.3721923828125;-1811.11962890625;-1858.9923095703125;91.35859680175781;168.13784790039062;132.0048065185547;1.0;0.9962731003761292;0.9993676543235779;49.946075439453125;5560.5478515625;-5567.23291015625;389.74334716796875;0.9987890720367432;-7.992000102996826;-8.038999557495117;-8.039999961853027;-24.070999145507812;257.29998779296875;254.10000610351562;254.0;442.79998779296875;440.0;442.79998779296875;-6116.7001953125;-2046.0999755859375;-2040.4000244140625;-2041.300048828125;-49.79999923706055;-71.30000305175781;17.299999237060547;4.0;6134.7998046875;2053.0;2040.5;2041.300048828125;1.0;-0.9990000128746033;1.0;1.0;49.900001525878906;MPPT;49.95690155029297;8.263968467712402;8.255125999450684;8.267213821411133;256.65850830078125;253.67388916015625;253.639404296875;441.7070007324219;438.77569580078125;442.7640686035156;6311.89013671875;-25.3279972076416;6311.94091796875;99.99919891357422;242805.265625;6457.5634765625;2016-07-12 12:45:00;6883.836048221898;625.6527120569255;11.002647180398647;199.9972876207009;66;-6010.637248016795;-6210.634535637496
2026-04-24 18:43:06;7.934810638427734;7.9655351638793945;8.101070404052734;234.35372924804688;233.95616149902344;235.24464416503906;405.8992614746094;406.7070617675781;406.80096435546875;1844.3115234375;1835.224365234375;1876.964111328125;-1831.1702880859375;-1822.628662109375;-1865.9847412109375;94.51045227050781;170.02281188964844;136.54786682128906;1.0;0.9963378310203552;0.9999817609786987;49.96928024291992;5527.07958984375;-5498.697265625;387.22900390625;0.9986412525177002;-7.867000102996826;-7.914000034332275;-7.921000003814697;-23.70199966430664;257.3999938964844;254.3000030517578;253.89999389648438;443.1000061035156;440.1000061035156;442.79998779296875;-6065.39990234375;-2028.800048828125;-2010.0;-2009.199951171875;-52.0;-71.9000015258789;16.5;3.299999952316284;6040.7998046875;2021.4000244140625;2010.0;2009.199951171875;1.0;-0.9990000128746033;1.0;1.0;49.900001525878906;MPPT;49.9824104309082;8.185287475585938;8.176674842834473;8.1895170211792;256.7417907714844;253.71360778808594;253.5504608154297;441.87249755859375;438.7424621582031;442.6890869140625;6252.2705078125;-36.847320556640625;6252.37890625;99.99832153320312;242805.265625;6454.60205078125;2016-07-12 13:00:00;6688.1286718610445;624.3258441273997;10.712560972401885;266.66757079309974;88;-6253.543469316811;-6520.211040109911
2026-04-24 18:43:37;7.164242267608643;7.178384780883789;7.316776752471924;234.25660705566406;233.7980194091797;234.93789672851562;405.5830078125;406.1176452636719;406.2530517578125;1683.312744140625;1681.4068603515625;1719.6240234375;-1682.9774169921875;-1676.1988525390625;-1718.3082275390625;72.33805084228516;148.0883331298828;118.12483215332031;1.0;0.9964554905891418;0.9993053078651428;49.93709945678711;5080.89697265625;-5060.40087890625;354.2440490722656;0.9986912608146667;-7.2729997634887695;-7.320000171661377;-7.328000068664551;-21.92099952697754;256.5;253.39999389648438;252.89999389648438;441.5;438.3999938964844;441.1000061035156;-5580.2001953125;-1866.0999755859375;-1852.800048828125;-1851.699951171875;-55.20000076293945;-72.69999694824219;14.0;3.4000000953674316;5567.60009765625;1862.9000244140625;1852.9000244140625;1851.699951171875;1.0;-0.9990000128746033;1.0;1.0;49.900001525878906;MPPT;49.948387145996094;7.69939661026001;7.691275596618652;7.70283842086792;255.76229858398438;252.8167724609375;252.5172576904297;440.21221923828125;437.209228515625;440.89215087890625;5861.373046875;-17.024879455566406;5861.39794921875;99.99957275390625;242805.265625;6035.28466796875;2016-07-12 13:15:00;6069.452954267331;620.1313115363654;9.787367354875789;342.8583053054139;114;-5605.20558987657;-5948.063895181984
2026-04-24 18:44:08;6.329745292663574;6.34890604019165;6.473868370056152;233.60598754882812;233.75450134277344;234.64395141601562;404.5753173828125;405.6227722167969;405.6688232421875;1482.160400390625;1485.1446533203125;1515.678466796875;-1479.7889404296875;-1475.8685302734375;-1519.0638427734375;71.85832214355469;146.96533203125;118.94611358642578;1.0;0.9957805871963501;0.9987239837646484;49.970027923583984;4487.66943359375;-4477.24755859375;323.45416259765625;0.9984777569770813;-6.473999977111816;-6.513000011444092;-6.519999980926514;-19.506999969482422;255.5;252.60000610351562;252.10000610351562;440.0;437.0;439.5;-4932.39990234375;-1649.300048828125;-1642.9000244140625;-1641.699951171875;-49.099998474121094;-70.80000305175781;14.600000381469727;7.0;4935.60009765625;1650.800048828125;1643.0;1641.699951171875;1.0;-0.9990000128746033;1.0;1.0;49.900001525878906;MPPT;49.97270965576172;6.935051918029785;6.927106857299805;6.9386491775512695;255.0425262451172;252.18968200683594;251.75767517089844;439.1038513183594;435.989501953125;439.5246276855469;5264.18115234375;3.4087233543395996;5264.18212890625;-99.99998474121094;242805.265625;5420.95556640625;2016-07-12 13:30:00;5450.777236673617;615.936778945331;8.84957259088666;390.47412390148645;130;-4951.287568038658;-5341.761691940144
2026-04-24 18:44:39;5.506613254547119;5.527459621429443;5.629958152770996;233.8413848876953;233.86843872070312;234.62423706054688;404.9800720214844;405.88018798828125;405.8334655761719;1290.3416748046875;1292.2562255859375;1323.5706787109375;-1290.428466796875;-1287.4002685546875;-1319.2369384765625;55.487831115722656;132.05307006835938;105.29779815673828;1.0;0.9942164421081543;0.9983851909637451;49.96778106689453;3907.43212890625;-3899.1376953125;295.35986328125;0.9977602362632751;-5.64300012588501;-5.679999828338623;-5.688000202178955;-17.01099967956543;255.60000610351562;252.39999389648438;252.10000610351562;439.8999938964844;436.8999938964844;439.5;-4300.5;-1437.0999755859375;-1431.5999755859375;-1431.5999755859375;-34.5;-66.80000305175781;20.5;11.699999809265137;4302.2001953125;1438.699951171875;1431.800048828125;1431.699951171875;1.0;-0.9990000128746033;1.0;1.0;49.900001525878906;MPPT;49.97636032104492;6.150816440582275;6.143060684204102;6.154505252838135;254.74497985839844;251.9921417236328;251.500244140625;438.6860046386719;435.53863525390625;439.0899658203125;4662.62939453125;-12.959607124328613;4662.6474609375;99.9996109008789;242805.265625;4800.8154296875;2016-07-12 13:45:00;4832.101519079904;611.7422463542966;7.898917473620654;419.0490398177281;139;-4316.410448880578;-4735.459488698306
2026-04-24 18:45:11;4.7441606521606445;4.76858377456665;4.869169235229492;234.17958068847656;234.31739807128906;235.15895080566406;405.61669921875;406.4698486328125;406.4720458984375;1110.8973388671875;1116.5987548828125;1143.8201904296875;-1110.9376220703125;-1110.43359375;-1139.7568359375;48.22224807739258;121.98454284667969;96.6749496459961;1.0;0.9939358234405518;0.9979953765869141;49.988006591796875;3374.70166015625;-3365.17529296875;246.7703857421875;0.997210681438446;-4.889999866485596;-4.919000148773193;-4.925000190734863;-14.734000205993652;255.3000030517578;252.39999389648438;251.89999389648438;439.5;436.70001220703125;439.1000061035156;-3719.89990234375;-1241.699951171875;-1239.0999755859375;-1239.0;-49.900001525878906;-70.5;14.100000381469727;6.400000095367432;3717.300048828125;1242.0;1237.699951171875;1237.4000244140625;1.0;-0.9990000128746033;1.0;1.0;49.900001525878906;MPPT;49.99946975708008;5.36595344543457;5.357917785644531;5.369478702545166;254.4346160888672;251.7067108154297;251.3816375732422;438.1058044433594;435.1312561035156;438.83984375;4062.9638671875;-23.087261199951172;4063.029296875;99.9983901977539;242805.265625;4187.2626953125;2016-07-12 14:00:00;4213.425801486191;607.5477137632623;6.935135637969002;390.47412390148645;130;-3738.68316155498;-4129.1572854564665
2026-04-24 18:45:42;4.497105598449707;4.520022392272949;4.615760803222656;234.04208374023438;234.1902313232422;235.264892578125;405.3528137207031;406.5213928222656;406.56890869140625;1052.748779296875;1057.9527587890625;1085.4110107421875;-1053.1925048828125;-1052.6961669921875;-1083.92822265625;31.299522399902344;106.27542877197266;81.45252227783203;1.0;0.9950640797615051;0.9980058670043945;50.01274871826172;3194.393310546875;-3187.40869140625;249.435302734375;0.9973625540733337;-4.629000186920166;-4.678999900817871;-4.683000087738037;-14.012999534606934;255.1999969482422;252.0;252.0;441.3999938964844;434.20001220703125;439.20001220703125;-3518.800048828125;-1175.0;-1171.699951171875;-1177.300048828125;-37.400001525878906;-67.5999984741211;19.200000762939453;10.899999618530273;3535.5;1182.0;1176.0999755859375;1177.300048828125;1.0;-0.9980000257492065;1.0;1.0;50.0;MPPT;50.022579193115234;5.062899589538574;5.0551371574401855;5.069149494171143;254.27264404296875;251.4693145751953;251.22647094726562;437.8540954589844;434.7539978027344;438.507080078125;3833.170166015625;-17.30600357055664;3833.209228515625;99.99897766113281;242805.265625;3951.298583984375;2016-07-12 14:15:00;3972.3413597426297;605.9131958416316;6.555957828620861;342.8583053054139;114;-3550.036227242363;-3892.894532547777
2026-04-24 18:46:09;4.244814872741699;4.267736434936523;4.35726261138916;233.97447204589844;234.13307189941406;235.22671508789062;405.4624938964844;406.5504150390625;406.392578125;993.2685546875;998.15771484375;1024.3114013671875;-993.959228515625;-991.9154052734375;-1022.5806274414062;27.21404266357422;101.94058990478516;79.01630401611328;1.0;0.9947489500045776;0.9989196062088013;49.99700164794922;3017.964111328125;-3010.591552734375;218.84237670898438;0.9972168207168579;-4.39300012588501;-4.418000221252441;-4.422999858856201;-13.234000205993652;254.89999389648438;251.89999389648438;251.6999969482422;438.8999938964844;436.1000061035156;438.70001220703125;-3330.800048828125;-1111.9000244140625;-1109.699951171875;-1110.5999755859375;-66.30000305175781;-75.69999694824219;9.399999618530273;0.0;3335.800048828125;1115.300048828125;1109.699951171875;1110.5999755859375;1.0;-0.9980000257492065;1.0;1.0;50.0;MPPT;50.01163101196289;4.7613115310668945;4.753358364105225;4.764838218688965;253.96359252929688;251.0857696533203;250.9857177734375;437.2698059082031;434.162353515625;438.0682678222656;3598.4560546875;-14.805581092834473;3598.486572265625;99.99915313720703;242805.265625;3711.025634765625;2016-07-12 14:30:00;3731.2719435174067;604.2787797908592;6.174752561737812;304.76293804925683;101;-3351.8835665978017;-3656.6465046470585
2026-04-24 18:46:37;3.557293653488159;3.576645851135254;3.655837297439575;233.9279022216797;234.02627563476562;235.1053924560547;405.3419494628906;406.44415283203125;406.3079833984375;831.4711303710938;837.5330200195312;859.2958984375;-829.71875;-829.3711547851562;-856.5005493164062;21.20125961303711;96.2045669555664;73.88883209228516;0.9987676739692688;0.9923715591430664;0.9971996545791626;50.017250061035156;2527.49072265625;-2514.372802734375;208.38064575195312;0.995406985282898;-3.7009999752044678;-3.7179999351501465;-3.7260000705718994;-11.145000457763672;254.3000030517578;251.60000610351562;251.39999389648438;438.1000061035156;435.6000061035156;437.8999938964844;-2801.800048828125;-934.5999755859375;-932.2999877929688;-934.2000122070312;-30.0;-63.79999923706055;20.799999237060547;12.899999618530273;2803.10009765625;936.2999877929688;932.5;934.2999877929688;1.0;-0.9980000257492065;1.0;1.0;50.0;MPPT;50.031089782714844;4.459751605987549;4.452071666717529;4.463414669036865;253.5701141357422;250.79904174804688;250.72996520996094;436.7652587890625;433.59442138671875;437.5181884765625;3366.37646484375;-25.72028923034668;3366.474609375;99.99708557128906;242805.265625;3473.496826171875;2016-07-12 14:45:00;3490.202527292184;602.6443637400866;5.791479581143925;599.9986438103505;199;-2820.3998329359897;-3420.3984767463403
2026-04-24 18:47:07;3.477135419845581;3.4954726696014404;3.5728578567504883;234.16363525390625;234.14173889160156;235.48471069335938;405.7574462890625;406.8659973144531;406.66253662109375;812.744384765625;818.5725708007812;840.7332763671875;-811.2702026367188;-811.7018432617188;-837.3090209960938;17.33802032470703;91.70275115966797;70.00784301757812;0.999059796333313;0.9931055307388306;0.9980157613754272;50.0;2469.407958984375;-2465.819580078125;168.68234252929688;0.996437132358551;-3.625;-3.640000104904175;-3.6440000534057617;-10.909000396728516;254.39999389648438;251.8000030517578;251.39999389648438;438.29998779296875;435.70001220703125;438.0;-2741.0;-914.2999877929688;-912.4000244140625;-914.0999755859375;-71.19999694824219;-78.5999984741211;7.400000095367432;0.0;2747.10009765625;918.2000122070312;914.0;914.7999877929688;1.0;-0.996999979019165;1.0;1.0;50.0;MPPT;50.010414123535156;4.150537490844727;4.142657279968262;4.153985500335693;253.49847412109375;250.92076110839844;250.69784545898438;436.75311279296875;433.7522277832031;437.4043884277344;3132.956298828125;0.0502009391784668;3132.956298828125;-100.0;242805.265625;3234.052734375;2016-07-12 15:00:00;3249.1331110669616;601.0099476893142;5.406122017711705;419.0490398177281;139;-2765.1014090278945;-3184.1504488456226
2026-04-24 18:47:39;3.2976715564727783;3.322551727294922;3.396871566772461;234.0199432373047;234.10826110839844;235.24197387695312;405.4986572265625;406.3480529785156;406.4410705566406;771.591796875;777.6898803710938;799.0579833984375;-771.3817749023438;-772.100341796875;-797.6343383789062;19.534772872924805;92.74833679199219;72.93098449707031;0.9979190230369568;0.9913884997367859;0.9960668683052063;50.01499938964844;2352.239990234375;-2342.05810546875;184.57571411132812;0.9953718185424805;-3.4579999446868896;-3.4700000286102295;-3.4769999980926514;-10.404999732971191;254.10000610351562;251.39999389648438;251.10000610351562;437.70001220703125;435.1000061035156;437.5;-2610.89990234375;-870.5999755859375;-869.0999755859375;-871.0;-42.70000076293945;-67.80000305175781;15.199999809265137;9.800000190734863;2614.5;873.4000244140625;869.9000244140625;871.0;1.0;-0.996999979019165;1.0;1.0;50.0;MPPT;50.02500915527344;3.6369175910949707;3.629382371902466;3.6404364109039307;253.18943786621094;250.47000122070312;250.33714294433594;436.0270080566406;433.0978088378906;436.84375;2741.06982421875;-22.496379852294922;2741.162109375;99.99663543701172;242805.265625;2832.536865234375;2016-07-12 15:15:00;2847.320699654914;598.2857171963102;4.759131996327848;161.9019203645438;53;-2628.4723652972716;-2790.3742856618155
2026-04-24 18:48:10;2.824650287628174;2.8436617851257324;2.910205602645874;233.7098388671875;233.9471435546875;234.97134399414062;404.8624572753906;405.9618835449219;406.0057678222656;659.8634643554688;664.8594360351562;683.4354858398438;-657.8646850585938;-659.728271484375;-680.9139404296875;0.0;78.15138244628906;64.08404541015625;0.997003436088562;0.9913607835769653;0.9962912201881409;50.01274871826172;2002.7276611328125;-1997.16455078125;161.89488220214844;0.9952516555786133;-2.9709999561309814;-2.9830000400543213;-2.986999988555908;-8.942000389099121;253.6999969482422;250.8000030517578;250.8000030517578;436.8999938964844;434.29998779296875;436.8999938964844;-2237.199951171875;-745.0;-745.5;-746.7000122070312;-40.29999923706055;-67.0999984741211;15.600000381469727;11.100000381469727;2240.39990234375;748.2999877929688;745.2000122070312;746.7000122070312;1.0;-0.9959999918937683;1.0;1.0;50.0;MPPT;50.02500534057617;3.12304425239563;3.115546703338623;3.1267833709716797;252.74557495117188;250.12118530273438;249.84835815429688;435.2882080078125;432.386962890625;436.07391357421875;2349.76318359375;-6.0886006355285645;2349.77099609375;99.99966430664062;242805.265625;2433.408203125;2016-07-12 15:30:00;2445.523313761205;595.5615885741645;4.106247549671628;133.33378539654987;44;-2263.2790620894307;-2396.6128474859806
2026-04-24 18:48:39;2.1760153770446777;2.198540687561035;2.2526094913482666;233.90042114257812;234.16738891601562;235.13406372070312;405.2441711425781;406.3207092285156;406.0028381347656;510.2200012207031;515.155029296875;530.5413818359375;-506.1976318359375;-508.94024658203125;-525.483642578125;0.0;73.44564819335938;61.08522033691406;0.9910557270050049;0.9867404103279114;0.9933435916900635;50.010498046875;1555.39990234375;-1539.514892578125;134.906005859375;0.9901716113090515;-2.3410000801086426;-2.3389999866485596;-2.3469998836517334;-7.0269999504089355;253.3000030517578;250.6999969482422;250.3000030517578;436.3999938964844;433.79998779296875;436.1000061035156;-1742.800048828125;-579.5999755859375;-583.2999877929688;-584.5999755859375;-31.200000762939453;-63.29999923706055;17.799999237060547;14.199999809265137;1754.0;585.5;583.5999755859375;584.7999877929688;1.0;-0.9929999709129333;1.0;1.0;50.0;MPPT;50.0201416015625;2.608259916305542;2.600775718688965;2.6117053031921387;252.37692260742188;249.7487335205078;249.5039520263672;434.69219970703125;431.69708251953125;435.4775085449219;1959.38330078125;-5.099781036376953;1959.3900146484375;99.9996566772461;242805.265625;2032.5333251953125;2016-07-12 15:45:00;2043.7259278674949;592.8374599520188;3.447363005760303;228.57220353694262;76;-1774.2792057732022;-2002.8514093101448
2026-04-24 18:49:08;1.7529340982437134;1.771357774734497;1.818365216255188;233.9840545654297;234.2124786376953;235.16030883789062;405.4295349121094;406.43353271484375;406.2597961425781;411.1848449707031;414.853759765625;428.2331237792969;-405.0682373046875;-407.5069885253906;-423.20086669921875;-1.1466460227966309;64.6202163696289;50.34150695800781;0.9843307733535767;0.98427414894104;0.9897786378860474;50.01499938964844;1254.27685546875;-1235.7646484375;99.2718505859375;0.9855268001556396;-1.9119999408721924;-1.899999976158142;-1.906999945640564;-5.718999862670898;253.1999969482422;250.39999389648438;250.10000610351562;436.1000061035156;433.3999938964844;435.79998779296875;-1419.300048828125;-471.5;-472.0;-473.29998779296875;-52.599998474121094;-70.4000015258789;10.199999809265137;7.5;1421.4000244140625;475.8999938964844;472.1000061035156;473.3999938964844;-0.9990000128746033;-0.9879999756813049;1.0;1.0;50.0;MPPT;50.01770782470703;2.07944393157959;2.0718626976013184;2.083266019821167;252.14785766601562;249.47242736816406;249.20872497558594;434.22528076171875;431.1676940917969;435.0882568359375;1560.283447265625;13.89980697631836;1560.3453369140625;-99.99603271484375;242805.265625;1626.542724609375;2016-07-12 16:00:00;1641.9285419737855;590.1133313298731;2.7823952701992902;161.9019203645438;53;-1447.188050769766;-1609.0899711343097
2026-04-24 18:49:38;1.175620436668396;1.1739647388458252;1.2156976461410522;232.48472595214844;234.3388671875;234.8430938720703;404.2750549316406;406.16876220703125;404.66015625;272.8207702636719;272.3408508300781;283.34033203125;-261.35784912109375;-265.3101501464844;-279.019287109375;-16.04721450805664;52.77403259277344;44.18330383300781;0.9593942165374756;0.9646657109260559;0.9746865630149841;50.01274871826172;832.8732299804688;-802.3780517578125;96.3480224609375;0.9661421179771423;-1.3229999542236328;-1.3040000200271606;-1.305999994277954;-3.933000087738037;252.3000030517578;249.6999969482422;249.3000030517578;434.70001220703125;432.1000061035156;434.3999938964844;-958.2999877929688;-317.20001220703125;-319.6000061035156;-321.29998779296875;-23.100000381469727;-60.0;19.0;17.799999237060547;965.0;322.8999938964844;320.20001220703125;321.79998779296875;1.0;-0.9819999933242798;0.9980000257492065;0.9990000128746033;50.0;MPPT;50.0237922668457;1.859904408454895;1.8530713319778442;1.8640226125717163;251.1878204345703;248.677978515625;248.33505249023438;432.68719482421875;429.8062438964844;433.4350280761719;1390.795166015625;-10.644412994384766;1390.8359375;99.9970703125;242805.265625;1454.2705078125;2016-07-12 16:15:00;1458.9327541274265;588.8726461464801;2.477501313186352;438.0967234458067;146;-991.6573755990712;-1429.7540990448779
2026-04-24 18:50:04;1.224652647972107;1.2141456604003906;1.2515698671340942;234.0477294921875;234.06260681152344;235.18533325195312;405.6733093261719;406.7392883300781;406.4047546386719;284.20635986328125;286.5784606933594;296.6095886230469;-274.0765380859375;-278.23175048828125;-290.7138366699219;-14.753758430480957;56.346229553222656;47.91619873046875;0.9596197009086609;0.9663184881210327;0.9769672155380249;50.028507232666016;869.7020874023438;-841.22265625;91.43660736083984;0.9681652784347534;-1.375;-1.3489999771118164;-1.3550000190734863;-4.078999996185303;252.89999389648438;250.39999389648438;249.89999389648438;435.79998779296875;433.20001220703125;435.3999938964844;-997.0;-330.1000061035156;-332.6000061035156;-334.20001220703125;-30.399999618530273;-63.099998474121094;17.100000381469727;15.5;1004.0;336.29998779296875;333.1000061035156;334.5;-0.9990000128746033;-0.9810000061988831;0.9990000128746033;0.9990000128746033;50.0;MPPT;50.03151321411133;1.6085342168807983;1.6011378765106201;1.6122076511383057;251.78622436523438;249.14297485351562;248.9864959716797;433.7391052246094;430.7276611328125;434.43353271484375;1205.303955078125;3.9713501930236816;1205.310546875;-99.99945068359375;242805.265625;1262.70947265625;2016-07-12 16:30:00;1275.9414739365689;587.6319915243446;2.171327450411128;219.0449712487794;73;-1031.377673209058;-1250.4226444578374
2026-04-24 18:50:30;0.913430392742157;0.8957147598266602;0.9280107617378235;233.88868713378906;234.34780883789062;235.11875915527344;405.5300598144531;406.5247802734375;406.177001953125;212.15771484375;208.11878967285156;216.4243621826172;-195.33692932128906;-198.94178771972656;-210.43910217285156;-26.299020767211914;41.926456451416016;35.907073974609375;0.9153412580490112;0.9561072587966919;0.9650301933288574;50.00449752807617;642.2872314453125;-605.533935546875;73.81131744384766;0.9402868151664734;-1.065000057220459;-1.0160000324249268;-1.024999976158142;-3.1059999465942383;252.60000610351562;250.10000610351562;249.5;435.29998779296875;432.6000061035156;434.79998779296875;-740.4000244140625;-244.1999969482422;-247.60000610351562;-249.60000610351562;-41.400001525878906;-66.5999984741211;12.800000190734863;12.300000190734863;751.7999877929688;253.8000030517578;248.0;249.89999389648438;-0.9990000128746033;-0.9700000286102295;0.996999979019165;0.996999979019165;50.0;MPPT;50.02379608154297;1.3794773817062378;1.3726755380630493;1.3834469318389893;251.36061096191406;248.9138641357422;248.384033203125;433.08001708984375;430.0187072753906;433.62200927734375;1031.790771484375;-20.735321044921875;1031.9991455078125;99.97980499267578;242805.265625;1087.698974609375;2016-07-12 16:45:00;1092.9501937457114;586.3913369022091;1.8638580159105929;295.23570576109364;98;-775.8554841097036;-1071.0911898707973
2026-04-24 18:50:59;0.7951145172119141;0.7642102837562561;0.7937058806419373;233.85194396972656;234.17599487304688;234.96926879882812;405.0237121582031;406.11627197265625;405.9905090332031;185.6407928466797;180.0335235595703;186.6573486328125;-162.7222137451172;-166.8419952392578;-177.167236328125;-24.483190536499023;43.59977340698242;39.27507781982422;0.8875371813774109;0.9321628212928772;0.949372410774231;50.015750885009766;549.1223754882812;-505.1475830078125;61.6817626953125;0.920558512210846;-0.9330000281333923;-0.875;-0.8849999904632568;-2.691999912261963;252.5;249.8000030517578;249.39999389648438;435.0;432.29998779296875;434.6000061035156;-634.0999755859375;-208.8000030517578;-211.6999969482422;-213.5;-41.099998474121094;-62.599998474121094;16.799999237060547;16.799999237060547;646.2000122070312;218.60000610351562;212.89999389648438;214.6999969482422;-0.9990000128746033;-0.9570000171661377;0.996999979019165;0.996999979019165;50.0;MPPT;50.027442932128906;1.146208643913269;1.1390661001205444;1.1503664255142212;251.3664093017578;248.68638610839844;248.44024658203125;432.914306640625;429.8468017578125;433.6738586425781;857.1055297851562;-7.344356536865234;857.136962890625;99.99633026123047;242805.265625;907.3826904296875;2016-07-12 17:00:00;909.958913554854;585.1506822800735;1.5550847689507024;219.0449712487794;73;-672.7147640349774;-891.7597352837569
2026-04-24 18:51:27;0.7472647428512573;0.7146888375282288;0.7422945499420166;234.0498504638672;234.40591430664062;235.22845458984375;405.8460388183594;406.8007507324219;406.4921569824219;174.43453979492188;167.34930419921875;175.21133422851562;-152.35586547851562;-156.307861328125;-164.91079711914062;-26.592653274536133;42.37173080444336;38.044891357421875;0.86781245470047;0.9357512593269348;0.9498204588890076;50.0;518.8112182617188;-473.3162841796875;39.155242919921875;0.9171594381332397;-0.8939999938011169;-0.8289999961853027;-0.8349999785423279;-2.558000087738037;252.5;250.10000610351562;249.60000610351562;435.20001220703125;432.70001220703125;434.79998779296875;-597.0999755859375;-196.3000030517578;-199.10000610351562;-201.0;-57.79999923706055;-72.0999984741211;6.800000190734863;7.400000095367432;609.0;208.60000610351562;199.1999969482422;201.1999969482422;-0.9950000047683716;-0.9380000233650208;0.9990000128746033;0.9990000128746033;50.0;MPPT;50.00554656982422;1.1168155670166016;1.109356164932251;1.1203280687332153;251.2069549560547;248.77658081054688;248.41030883789062;432.72857666015625;430.0802307128906;433.4540710449219;834.614501953125;18.32815170288086;834.8157348632812;-99.97589874267578;242805.265625;885.3065795898438;2016-07-12 17:15:00;889.4595988854405;585.0116998680772;1.5204133508543807;238.09265487685795;79;-633.5777520308737;-871.6704069077317
2026-04-24 18:51:54;0.6732319593429565;0.6238062977790833;0.6447279453277588;233.71597290039062;233.9090576171875;234.95166015625;405.1280517578125;406.1907958984375;405.8552551269531;155.82070922851562;145.54335021972656;152.06158447265625;-128.75350952148438;-131.83673095703125;-140.6681671142578;-28.53583526611328;39.33552169799805;36.35249328613281;0.8257719874382019;0.911078691482544;0.9297007322311401;49.98126220703125;452.6070556640625;-402.31744384765625;33.30394744873047;0.887793242931366;-0.8109999895095825;-0.7319999933242798;-0.7379999756813049;-2.2809998989105225;252.10000610351562;249.60000610351562;249.1999969482422;434.3999938964844;431.8999938964844;434.1000061035156;-520.5;-170.60000610351562;-174.10000610351562;-175.8000030517578;-58.099998474121094;-71.69999694824219;6.5;7.0;538.0999755859375;185.8000030517578;175.10000610351562;177.0;-0.9959999918937683;-0.9269999861717224;0.9980000257492065;0.9980000257492065;49.900001525878906;MPPT;49.98609161376953;1.0917768478393555;1.0846086740493774;1.0954793691635132;250.89425659179688;248.51211547851562;248.16189575195312;432.1827392578125;429.65618896484375;432.9939270019531;815.283935546875;0.1283007711172104;815.283935546875;-100.0;242805.265625;864.2019653320312;2016-07-12 17:30:00;868.960284216027;584.872717456081;1.485725454925633;295.23570576109364;98;-556.3453727706128;-851.5810785317065
2026-04-24 18:52:28;0.5343112945556641;0.4668002426624298;0.48792681097984314;233.88616943359375;234.332275390625;235.3533935546875;405.3438415527344;406.6055603027344;406.2142333984375;126.04401397705078;106.73441314697266;111.9208984375;-89.24563598632812;-91.80280303955078;-98.71570587158203;-37.07151794433594;30.104461669921875;27.24310302734375;0.7026268839836121;0.8431973457336426;0.8611614108085632;49.96703338623047;348.701904296875;-280.135498046875;20.25019645690918;0.8066583871841431;-0.6679999828338623;-0.5569999814033508;-0.5609999895095825;-1.7860000133514404;252.1999969482422;249.8000030517578;249.3000030517578;434.70001220703125;432.20001220703125;434.29998779296875;-388.1000061035156;-126.19999694824219;-128.10000610351562;-130.3000030517578;-60.400001525878906;-73.0;5.699999809265137;6.900000095367432;403.5;144.60000610351562;128.1999969482422;130.5;-0.9879999756813049;-0.8650000095367432;0.9990000128746033;0.9980000257492065;49.900001525878906;MPPT;49.97757339477539;1.0592113733291626;1.0519046783447266;1.0629688501358032;251.06173706054688;248.70118713378906;248.31454467773438;432.5523986816406;429.9051208496094;433.25701904296875;791.3455200195312;13.934910774230957;791.4682006835938;-99.9844970703125;242805.265625;840.343505859375;2016-07-12 17:45:00;848.4609695466132;584.7337350440846;1.4510210694148604;409.52180752956497;136;-421.969942626116;-831.491750155681
2026-04-24 18:52:56;0.6238001585006714;0.5816929340362549;0.600014328956604;233.58218383789062;233.85733032226562;235.0423126220703;405.0539245605469;406.21893310546875;405.9217529296875;147.91085815429688;135.24349975585938;140.5105438232422;-117.07095336914062;-119.58307647705078;-127.8875503540039;-29.553163528442383;38.45770263671875;35.46662902832031;0.7874879240989685;0.8824909329414368;0.8996888995170593;49.98426055908203;424.83502197265625;-362.3246765136719;58.000694274902344;0.8564424514770508;-0.7639999985694885;-0.6869999766349792;-0.6919999718666077;-2.1429998874664307;252.1999969482422;249.5;249.39999389648438;434.3999938964844;432.0;434.3999938964844;-479.29998779296875;-156.8000030517578;-160.89999389648438;-162.6999969482422;-28.200000762939453;-63.0;16.5;18.299999237060547;495.3999938964844;169.89999389648438;161.6999969482422;163.6999969482422;-0.9990000128746033;-0.9319999814033508;0.9940000176429749;0.9929999709129333;49.900001525878906;MPPT;49.994606018066406;1.0373159646987915;1.0309693813323975;1.0419435501098633;251.24327087402344;248.90980529785156;248.4769744873047;432.85369873046875;430.22650146484375;433.591552734375;775.8258056640625;-19.58414649963379;776.0729370117188;99.96815490722656;242805.265625;824.005126953125;2016-07-12 18:00:00;827.9631574290337;584.5947628191741;1.416302728126112;295.23570576109364;98;-516.1681885193593;-811.403894280453
2026-04-24 18:53:21;0.4055657684803009;0.2445124089717865;0.2416761815547943;233.89053344726562;234.24168395996094;235.25247192382812;405.5175476074219;406.7044677734375;406.26239013671875;97.58050537109375;56.75689697265625;55.832481384277344;-22.066509246826172;-22.34438705444336;-27.190113067626953;-47.27927017211914;18.683746337890625;19.723846435546875;0.2316293865442276;0.40398210287094116;0.48986732959747314;49.954307556152344;210.05377197265625;-71.97766876220703;-10.273931503295898;0.3470882177352905;-0.49799999594688416;-0.30300000309944153;-0.2930000126361847;-1.093999981880188;252.10000610351562;249.6999969482422;249.1999969482422;434.5;432.0;434.1000061035156;-149.89999389648438;-46.70000076293945;-52.400001525878906;-54.79999923706055;-67.80000305175781;-75.30000305175781;3.0999999046325684;4.300000190734863;197.39999389648438;89.80000305175781;52.5;55.0;-0.9100000262260437;-0.5260000228881836;0.9980000257492065;0.9950000047683716;49.900001525878906;MPPT;49.96359634399414;0.7593756914138794;0.7523306608200073;0.7630488276481628;250.90109252929688;248.4630889892578;248.0214080810547;432.2344970703125;429.3603210449219;432.9212646484375;566.4058227539062;15.294893264770508;566.6123046875;-99.96356201171875;242805.265625;615.9938354492188;2016-07-12 18:15:00;620.9716167958583;583.1913898750554;1.0647818667708675;409.52180752956497;136;-199.03037693037618;-608.5521844599411
2026-04-24 18:53:45;0.4144143760204315;0.2186303287744522;0.22080406546592712;233.6800994873047;234.05667114257812;234.95700073242188;405.0049133300781;406.12786865234375;405.740478515625;95.0788803100586;59.17829132080078;62.364906311035156;25.30055046081543;18.063465118408203;15.1639404296875;-41.650291442871094;18.973922729492188;21.446481704711914;0.21774065494537354;0.3431217670440674;0.31041961908340454;49.96628189086914;195.21151733398438;51.8530387878418;-20.298158645629883;0.261261522769928;0.4359999895095825;-0.03200000151991844;-0.04399999976158142;0.36000001430511475;251.89999389648438;249.39999389648438;248.89999389648438;434.1000061035156;431.5;433.70001220703125;-10.199999809265137;0.0;-3.700000047683716;-6.400000095367432;-47.79999923706055;-68.5999984741211;9.300000190734863;11.399999618530273;91.80000305175781;68.5999984741211;10.0;13.100000381469727;-0.23399999737739563;0.007000000216066837;0.4090000092983246;0.4000000059604645;49.900001525878906;MPPT;49.97149658203125;0.49233102798461914;0.485706090927124;0.4966897666454315;250.77113342285156;248.31700134277344;247.7950897216797;432.04119873046875;428.9736328125;432.5929260253906;368.7652282714844;10.104364395141602;368.90362548828125;-99.96248626708984;242805.265625;416.6374206542969;2016-07-12 18:30:00;413.98157871451684;581.7880271180225;0.7115677178254063;352.3787566453293;117;-53.323190494897176;-405.7019471402265
2026-04-24 18:54:11;0.5404689908027649;0.36325013637542725;0.36552998423576355;233.87283325195312;234.07659912109375;235.11026000976562;405.398193359375;406.3433837890625;406.0683288574219;127.97193145751953;86.65557098388672;89.4811782836914;77.08922576904297;68.09929656982422;69.21044921875;-51.822357177734375;7.817684650421143;17.359222412109375;0.6041502952575684;0.7726413607597351;0.7483035326004028;49.968528747558594;311.9885559082031;214.05380249023438;-33.76375961303711;0.7078307867050171;0.4959999918937683;0.335999995470047;0.32100000977516174;1.152999997138977;251.6999969482422;249.10000610351562;248.60000610351562;433.70001220703125;431.0;433.20001220703125;173.89999389648438;62.70000076293945;59.0;56.0;-33.900001525878906;-62.599998474121094;15.100000381469727;13.5;207.1999969482422;88.69999694824219;60.900001525878906;57.599998474121094;0.9710000157356262;0.671999990940094;-0.9819999933242798;-0.968999981880188;49.900001525878906;MPPT;49.97514343261719;0.2296796292066574;0.22242921590805054;0.23356251418590546;250.4706573486328;248.05487060546875;247.4832000732422;431.5619812011719;428.4736328125;432.0967712402344;169.69796752929688;3.7321395874023438;169.73899841308594;-99.975830078125;242805.265625;211.95999145507812;2016-07-12 18:45:00;206.99003808134148;580.3846541739038;0.35664285158601033;333.33107301725073;111;130.4808356975361;-202.85023731971464
2026-04-24 18:54:37;0.42657092213630676;0.21747420728206635;0.2158752828836441;233.670166015625;234.11456298828125;234.89093017578125;405.11248779296875;406.2562255859375;406.0294494628906;98.9295425415039;50.66297912597656;50.92019271850586;16.95345115661621;13.27443790435791;9.873262405395508;-50.0528450012207;13.961162567138672;17.791040420532227;0.18688906729221344;0.27375635504722595;0.22699008882045746;49.95355987548828;204.5397186279297;46.7477912902832;6.435453414916992;0.22874081134796143;-0.4189999997615814;-0.07500000298023224;-0.2290000021457672;-0.7229999899864197;251.89999389648438;249.3000030517578;248.8000030517578;434.0;431.5;433.70001220703125;-21.200000762939453;-3.9000000953674316;-7.199999809265137;-10.0;-23.200000762939453;-60.70000076293945;17.799999237060547;19.700000762939453;102.19999694824219;60.5;19.200000762939453;22.0;-0.6330000162124634;-0.04899999871850014;0.31200000643730164;0.414000004529953;49.900001525878906;MPPT;49.96906280517578;0.3042084276676178;0.29833412170410156;0.3094736933708191;250.73814392089844;248.3095703125;247.7798614501953;431.99822998046875;428.9592590332031;432.5932312011719;225.85482788085938;-18.926889419555664;226.646484375;99.65071105957031;242805.265625;268.75079345703125;2016-07-13 05:15:00;267.30998145183236;580.793614734601;0.460249518366317;199.9972876207009;66;-61.96649420209479;-261.9637818227957
2026-04-24 18:55:03;0.4637024998664856;0.35654956102371216;0.36442115902900696;233.96807861328125;234.29660034179688;235.195068359375;405.35504150390625;406.6076354980469;406.2064514160156;106.85183715820312;82.03729248046875;82.94898986816406;-49.78470993041992;-48.0316276550293;-53.73754119873047;-40.05611038208008;26.872316360473633;26.4813175201416;0.456024169921875;0.6248753666877747;0.6721943616867065;49.94831848144531;262.9468994140625;-149.42776489257812;22.201942443847656;0.570083737373352;-0.546999990940094;-0.41499999165534973;-0.4180000126361847;-1.3799999952316284;252.1999969482422;249.5;249.3000030517578;434.70001220703125;432.1000061035156;434.3999938964844;-247.1999969482422;-79.4000015258789;-83.0;-84.5999984741211;-43.20000076293945;-67.5999984741211;11.600000381469727;12.699999809265137;276.0;104.69999694824219;84.5999984741211;86.5999984741211;-0.984000027179718;-0.7490000128746033;0.9890000224113464;0.9879999756813049;49.900001525878906;MPPT;49.96273422241211;0.5979734659194946;0.5910184979438782;0.6021159887313843;251.10861206054688;248.71925354003906;248.20599365234375;432.6727294921875;429.7496032714844;433.21533203125;446.43353271484375;-1.3211567401885986;446.43548583984375;99.99956512451172;242805.265625;495.2740783691406;2016-07-13 05:30:00;534.6199629036647;582.6059380523311;0.9176356229579724;199.9972876207009;66;-323.9302760248905;-523.9275636455914
2026-04-24 18:55:33;0.7368198037147522;0.7137817144393921;0.7395951151847839;233.81002807617188;234.2505645751953;235.07005310058594;405.2554626464844;406.4524230957031;406.08355712890625;171.1090087890625;166.89662170410156;173.3379364013672;-148.41928100585938;-152.04763793945312;-161.53565979003906;-26.794300079345703;41.85466003417969;37.44773483276367;0.8604763150215149;0.9188176989555359;0.9409844279289246;49.968528747558594;508.552490234375;-462.4298095703125;53.90373229980469;0.9066182374954224;-0.8820000290870667;-0.8199999928474426;-0.8240000009536743;-2.5260000228881836;252.8000030517578;250.10000610351562;249.60000610351562;435.5;432.70001220703125;435.0;-585.7000122070312;-192.6999969482422;-195.1999969482422;-197.1999969482422;-37.900001525878906;-65.5999984741211;13.600000381469727;13.899999618530273;597.0;203.5;195.6999969482422;197.6999969482422;-0.9980000257492065;-0.9470000267028809;0.9980000257492065;0.9980000257492065;49.900001525878906;MPPT;49.977577209472656;1.0030760765075684;0.9960978627204895;1.0075676441192627;251.57354736328125;248.80233764648438;248.51966857910156;433.23748779296875;430.0124816894531;433.88128662109375;748.3023681640625;-5.042882919311523;748.3193969726562;99.99772644042969;242805.265625;796.2350463867188;2016-07-13 05:45:00;801.929944355497;584.4182613700611;1.3721849527349124;161.9019203645438;53;-623.9894251038432;-785.891345468387
2026-04-24 18:56:02;1.0971847772598267;1.097792148590088;1.13748037815094;233.93190002441406;234.1351776123047;234.90370178222656;405.3839416503906;406.2272644042969;406.08441162109375;256.94842529296875;257.2965393066406;266.4936218261719;-244.07957458496094;-247.42462158203125;-259.0048828125;-17.93242835998535;51.7766227722168;45.023658752441406;0.9496869444847107;0.9638121128082275;0.974387526512146;49.97077560424805;781.033447265625;-752.2271728515625;74.18186950683594;0.9603951573371887;-1.2580000162124634;-1.2269999980926514;-1.2309999465942383;-3.7160000801086426;252.5;249.89999389648438;249.3000030517578;435.0;432.29998779296875;434.5;-896.9000244140625;-296.8999938964844;-300.20001220703125;-301.70001220703125;-44.70000076293945;-67.69999694824219;12.199999809265137;10.699999809265137;907.0;304.6000061035156;300.5;301.8999938964844;-0.9990000128746033;-0.9750000238418579;0.9990000128746033;0.9990000128746033;49.900001525878906;MPPT;49.97879409790039;1.3485835790634155;1.3410873413085938;1.3522772789001465;251.6114959716797;248.96212768554688;248.2996368408203;433.3183898925781;430.02081298828125;433.75537109375;1008.95556640625;-2.4542391300201416;1008.9585571289062;99.99970245361328;242805.265625;1063.6241455078125;2016-07-13 06:00:00;1069.2399258073294;586.2305846877913;1.8239238172412555;114.28610176847131;38;-933.5690255227114;-1047.8551272911827
2026-04-24 18:56:30;1.9010727405548096;1.9170037508010864;1.9687379598617554;234.0095977783203;234.36366271972656;235.0855255126953;405.54522705078125;406.3653869628906;405.92205810546875;447.8658447265625;452.1263427734375;464.54925537109375;-440.69696044921875;-444.8596496582031;-461.9480895996094;-10.662253379821777;62.2584114074707;48.73400115966797;0.9884231686592102;0.9873546957969666;0.9925229549407959;49.95131301879883;1363.08984375;-1347.614990234375;118.61361694335938;0.9890043139457703;-2.069999933242798;-2.065999984741211;-2.072999954223633;-6.209000110626221;253.1999969482422;250.8000030517578;250.10000610351562;436.3999938964844;433.70001220703125;435.79998779296875;-1541.0999755859375;-512.0;-514.0999755859375;-515.0;-52.0;-70.0999984741211;10.399999618530273;7.599999904632568;1546.0;516.7999877929688;514.2000122070312;515.0;1.0;-0.9909999966621399;1.0;1.0;49.900001525878906;MPPT;49.96055221557617;2.223478078842163;2.2161026000976562;2.2272250652313232;252.05491638183594;249.95533752441406;249.2346954345703;434.5752258300781;431.7337341308594;434.8936462402344;1669.4404296875;-4.2149658203125;1669.4456787109375;99.99968719482422;242805.265625;1736.4305419921875;2016-07-13 06:15:00;1744.3725260066678;590.8078868418506;2.9525207175739805;142.85423673646523;47;-1566.6308387500692;-1709.4850754865345
2026-04-24 18:57:01;2.72849440574646;2.7547388076782227;2.822143316268921;233.92735290527344;234.34982299804688;235.1968231201172;405.6581115722656;406.791015625;406.24273681640625;638.9086303710938;646.0856323242188;664.2973022460938;-637.12353515625;-640.0484619140625;-660.156982421875;7.537758827209473;82.56611633300781;65.75566101074219;0.9968921542167664;0.9909544587135315;0.9955711364746094;49.971527099609375;1951.345703125;-1937.73583984375;176.71749877929688;0.9937074184417725;-2.8919999599456787;-2.9049999713897705;-2.9100000858306885;-8.706999778747559;253.60000610351562;251.3000030517578;250.6999969482422;437.20001220703125;434.70001220703125;436.70001220703125;-2176.199951171875;-724.7000122070312;-725.2000122070312;-726.2000122070312;-24.600000381469727;-61.5;20.399999618530273;16.600000381469727;2176.60009765625;726.0;725.0;725.5;1.0;-0.996999979019165;1.0;1.0;49.900001525878906;MPPT;49.98909378051758;3.0854203701019287;3.0784568786621094;3.0899107456207275;252.6337432861328;250.47120666503906;249.8797607421875;435.45025634765625;432.80999755859375;435.9534606933594;2322.4384765625;-28.040908813476562;2322.60791015625;99.99270629882812;242805.265625;2403.605712890625;2016-07-13 06:30:00;2419.499115998671;595.3851482475666;4.063754568148249;171.42915265270696;57;-2199.679981025991;-2371.1091336786976
2026-04-24 18:57:30;3.6314518451690674;3.654104471206665;3.7375082969665527;233.9753875732422;234.5852813720703;235.1570281982422;405.41217041015625;406.5577392578125;406.29534912109375;847.4572143554688;855.1569213867188;877.4771118164062;-848.3411254882812;-850.1712036132812;-875.5601196289062;23.721237182617188;94.53376770019531;72.92638397216797;0.99934983253479;0.9936331510543823;0.998299777507782;49.97377395629883;2582.30419921875;-2574.6298828125;182.977783203125;0.9963794350624084;-3.7860000133514404;-3.802999973297119;-3.808000087738037;-11.397000312805176;254.1999969482422;251.8000030517578;251.1999969482422;438.20001220703125;435.6000061035156;437.6000061035156;-2862.0;-953.7999877929688;-954.7999877929688;-954.9000244140625;-66.5999984741211;-74.4000015258789;7.699999809265137;0.0;2867.300048828125;957.5999755859375;954.7999877929688;954.9000244140625;1.0;-0.996999979019165;1.0;1.0;49.900001525878906;MPPT;49.97757339477539;3.950822353363037;3.9433748722076416;3.9548182487487793;253.31643676757812;250.79852294921875;250.58421325683594;436.3801574707031;433.6146545410156;437.1893005371094;2980.72314453125;9.033143997192383;2980.73681640625;-99.99954223632812;242805.265625;3075.130859375;2016-07-13 06:45:00;3094.6257059906743;599.9624096532825;5.158032663711472;152.38146902462842;50;-2880.351722846232;-3032.7331918708605
2026-04-24 18:58:01;4.475846290588379;4.4996771812438965;4.6008734703063965;234.10350036621094;234.50518798828125;235.26895141601562;405.7811584472656;406.8241271972656;406.4533386230469;1049.4056396484375;1055.1171875;1082.167236328125;-1049.431640625;-1049.5443115234375;-1080.0771484375;44.671321868896484;118.55050659179688;93.46011352539062;1.0;0.9933201670646667;0.998226523399353;49.99774932861328;3186.91845703125;-3178.1474609375;256.90960693359375;0.9970737099647522;-4.629000186920166;-4.656000137329102;-4.664999961853027;-13.949999809265137;254.89999389648438;252.5;251.89999389648438;439.3999938964844;436.79998779296875;438.8999938964844;-3516.199951171875;-1173.0;-1172.800048828125;-1172.9000244140625;-29.799999237060547;-62.599998474121094;20.399999618530273;12.300000190734863;3521.5;1175.5;1172.9000244140625;1172.9000244140625;1.0;-0.9990000128746033;1.0;1.0;50.0;MPPT;50.00798416137695;4.808958530426025;4.800878524780273;4.812239170074463;253.98548889160156;251.43646240234375;251.2537841796875;437.5247802734375;434.7677917480469;438.3169860839844;3637.43408203125;-25.071765899658203;3637.5205078125;99.99762725830078;242805.265625;3747.08203125;2016-07-13 07:00:00;3769.767321501016;604.5397729298568;6.235763948550681;161.9019203645438;53;-3532.4700547064517;-3694.3719750709956
2026-04-24 18:58:30;4.051581382751465;4.0739054679870605;4.16315221786499;234.13877868652344;234.61705017089844;235.38441467285156;406.09783935546875;407.1136474609375;406.8115234375;949.118896484375;955.6801147460938;980.3046264648438;-950.1570434570312;-949.7730712890625;-978.4558715820312;28.396915435791016;104.84062194824219;82.08744812011719;1.0;0.994279146194458;0.998790442943573;50.00975036621094;2884.56005859375;-2877.992431640625;221.44305419921875;0.997248649597168;-4.203000068664551;-4.2230000495910645;-4.229000091552734;-12.654999732971191;255.0;252.1999969482422;251.8000030517578;439.20001220703125;436.3999938964844;438.8999938964844;-3189.699951171875;-1064.199951171875;-1062.0;-1062.5;-44.400001525878906;-68.5999984741211;15.399999618530273;8.699999809265137;3191.199951171875;1066.4000244140625;1062.0999755859375;1062.5999755859375;1.0;-0.9980000257492065;1.0;1.0;50.0;MPPT;50.020145416259766;4.4069132804870605;4.399225234985352;4.410526752471924;254.17025756835938;251.43551635742188;251.22406005859375;437.69122314453125;434.6932373046875;438.4912414550781;3334.255859375;-10.531023979187012;3334.2724609375;99.99950408935547;242805.265625;3435.405517578125;2016-07-13 07:15:00;3458.483658079305;602.4293143581881;5.740895364236848;180.94960399262234;60;-3208.364380925096;-3389.3139849177187
2026-04-24 18:59:01;3.6334316730499268;3.6530473232269287;3.7351789474487305;234.19329833984375;234.44677734375;235.3245391845703;405.9480285644531;406.7493896484375;406.6089172363281;850.7903442382812;856.635009765625;878.9736328125;-850.451904296875;-851.0692749023438;-877.6555786132812;18.54018211364746;92.37047576904297;71.3642578125;0.999567985534668;0.9932531118392944;0.9982033371925354;50.00374984741211;2587.3076171875;-2579.2900390625;184.47109985351562;0.9975716471672058;-3.7829999923706055;-3.799999952316284;-3.806999921798706;-11.390000343322754;254.6999969482422;252.0;251.60000610351562;438.79998779296875;436.1000061035156;438.3999938964844;-2866.0;-955.7999877929688;-954.7000122070312;-955.4000244140625;-57.400001525878906;-72.80000305175781;8.5;0.0;2867.300048828125;958.0999755859375;954.0999755859375;955.0;1.0;-0.996999979019165;1.0;1.0;50.0;MPPT;50.00676345825195;4.0126190185546875;4.005236625671387;4.016645431518555;253.7257080078125;251.061279296875;250.6977996826172;436.9592590332031;433.97857666015625;437.60858154296875;3030.5576171875;7.851125240325928;3030.56787109375;-99.99966430664062;242805.265625;3126.563232421875;2016-07-13 07:30:00;3147.1999946575934;600.3188557865194;5.242547296859813;199.9972876207009;66;-2884.2587071437406;-3084.2559947644413
2026-04-24 18:59:32;3.292178153991699;3.317814588546753;3.3897063732147217;233.99099731445312;234.08482360839844;235.102783203125;405.4314270019531;406.4787292480469;406.3544921875;770.529296875;778.7708129882812;799.2630004882812;-768.2243041992188;-769.8079223632812;-794.213134765625;24.596900939941406;98.96285247802734;80.34931182861328;0.9979273080825806;0.9914132356643677;0.9965617060661316;50.00824737548828;2343.711181640625;-2334.22216796875;198.33897399902344;0.9957185387611389;-3.438999891281128;-3.453000068664551;-3.4609999656677246;-10.352999687194824;254.39999389648438;251.8000030517578;251.1999969482422;438.29998779296875;435.6000061035156;437.79998779296875;-2602.199951171875;-867.5;-866.4000244140625;-866.9000244140625;-29.0;-62.900001525878906;19.600000381469727;14.300000190734863;2603.0;869.2000122070312;866.5999755859375;867.0999755859375;1.0;-0.996999979019165;1.0;1.0;50.0;MPPT;50.022579193115234;3.6184897422790527;3.611071825027466;3.622532606124878;253.46206665039062;250.79205322265625;250.31700134277344;436.5577087402344;433.36920166015625;437.0369567871094;2729.39453125;-15.339929580688477;2729.437744140625;99.9984130859375;242805.265625;2819.232666015625;2016-07-13 07:45:00;2835.916331235882;598.2083972148507;4.740682919931234;152.38146902462842;50;-2626.816535586536;-2779.1980046111644
2026-04-24 19:00:00;2.726219415664673;2.746638298034668;2.8090240955352783;236.6612091064453;236.8450927734375;237.8805389404297;410.40985107421875;411.39501953125;411.0675964355469;644.8824462890625;652.0602416992188;669.7757568359375;-642.8031005859375;-644.7216796875;-665.6915893554688;14.30557632446289;89.28636169433594;73.2829360961914;0.9945060014724731;0.9869997501373291;0.992146909236908;50.02550506591797;1973.254638671875;-1957.235595703125;158.8409881591797;0.994173526763916;-2.884000062942505;-2.88700008392334;-2.8940000534057617;-8.664999961853027;256.8999938964844;253.89999389648438;253.8000030517578;444.5;437.3999938964844;442.20001220703125;-2199.39990234375;-732.7000122070312;-730.0999755859375;-732.5;-43.0;-70.69999694824219;15.800000190734863;11.800000190734863;2197.39990234375;734.5;730.2000122070312;732.5999755859375;1.0;-0.9950000047683716;1.0;1.0;50.0;MPPT;50.026222229003906;3.1854476928710938;3.1779768466949463;3.189021587371826;255.88327026367188;253.30934143066406;252.88694763183594;440.8665466308594;437.7866516113281;441.3155517578125;2426.4189453125;7.207886695861816;2426.4296875;-99.99955749511719;242805.265625;2510.385986328125;2016-07-13 08:00:00;2524.64769333251;596.0980405140403;4.2352893680968995;257.14033850493655;85;-2217.014400960923;-2474.1547394658596
2026-04-24 19:00:34;2.77003812789917;2.792100429534912;2.856093168258667;236.89060974121094;237.38633728027344;238.29257202148438;410.7424621582031;411.83294677734375;411.66033935546875;658.1141967773438;661.51611328125;679.4689331054688;-653.4490356445312;-654.554931640625;-679.2518310546875;15.938017845153809;91.19100189208984;75.0744857788086;0.9950703382492065;0.9875568151473999;0.9944496750831604;50.02100372314453;1992.6226806640625;-1975.537353515625;173.56979370117188;0.9922267198562622;-2.9130001068115234;-2.9200000762939453;-2.924999952316284;-8.758000373840332;257.20001220703125;254.1999969482422;253.8000030517578;442.79998779296875;439.8999938964844;442.5;-2225.300048828125;-741.7000122070312;-738.4000244140625;-739.2000122070312;-33.5;-66.19999694824219;18.200000762939453;14.300000190734863;2219.89990234375;741.9000244140625;738.5999755859375;739.4000244140625;1.0;-0.9959999918937683;1.0;1.0;50.0;MPPT;50.03076934814453;3.292405128479004;3.284801483154297;3.2964539527893066;256.1361083984375;253.27932739257812;252.9164581298828;441.098876953125;437.716796875;441.5911560058594;2508.972412109375;-6.52426815032959;2508.98095703125;99.9996566772461;242805.265625;2593.43212890625;2016-07-13 08:15:00;2609.436693317484;596.6728977675001;4.373311915256923;304.76293804925683;101;-2252.4850214018775;-2557.247959451134
2026-04-24 19:01:03;3.0147323608398438;3.0347423553466797;3.1043951511383057;237.0266571044922;237.32598876953125;238.20274353027344;410.7225036621094;411.77862548828125;411.4981689453125;714.5681762695312;721.1553955078125;739.6033935546875;-711.1412963867188;-713.323974609375;-736.1351318359375;15.386640548706055;90.45687103271484;71.72924041748047;0.9962778687477112;0.9898309707641602;0.9952827095985413;50.04352569580078;2173.565185546875;-2153.337890625;187.10733032226562;0.9934265613555908;-3.1530001163482666;-3.1579999923706055;-3.1619999408721924;-9.472999572753906;257.29998779296875;254.5;254.0;443.29998779296875;440.29998779296875;442.79998779296875;-2400.60009765625;-801.0;-799.0999755859375;-800.5;-33.29999923706055;-67.19999694824219;19.399999618530273;14.399999618530273;2417.39990234375;807.9000244140625;804.5;804.7999877929688;1.0;-0.996999979019165;1.0;1.0;50.0;MPPT;50.05663299560547;3.4012904167175293;3.393465995788574;3.4050567150115967;256.39324951171875;253.61557006835938;253.1562042236328;441.61456298828125;438.2523193359375;441.9837341308594;2594.63671875;-9.717181205749512;2594.65478515625;99.99930572509766;242805.265625;2680.26220703125;2016-07-13 08:30:00;2694.2256933024587;597.24775502096;4.511068766106801;199.9972876207009;66;-2440.343891815709;-2640.3411794364097
2026-04-24 19:01:32;3.110616445541382;3.1362156867980957;3.205353021621704;236.82272338867188;237.10316467285156;238.0045166015625;410.5555419921875;411.4098205566406;411.24261474609375;736.7340087890625;741.982666015625;760.6419677734375;-733.308349609375;-735.8878173828125;-758.1973876953125;15.550549507141113;90.57002258300781;72.36725616455078;0.9960005879402161;0.988900363445282;0.9941699504852295;50.051788330078125;2233.336181640625;-2224.531982421875;170.30560302734375;0.9946877360343933;-3.2690000534057617;-3.2769999504089355;-3.2799999713897705;-9.826000213623047;257.1000061035156;254.3000030517578;253.8000030517578;442.79998779296875;440.0;442.3999938964844;-2485.89990234375;-829.2999877929688;-829.7999877929688;-830.0999755859375;-46.900001525878906;-71.0;14.300000190734863;9.699999809265137;2493.800048828125;833.7000122070312;829.9000244140625;830.0999755859375;1.0;-0.9959999918937683;1.0;1.0;50.0;MPPT;50.062713623046875;3.5132222175598145;3.5055930614471436;3.517124891281128;256.17626953125;253.40664672851562;252.9326934814453;441.2291259765625;437.85919189453125;441.63555908203125;2677.823486328125;-16.52924346923828;2677.87451171875;99.99809265136719;242805.265625;2762.55615234375;2016-07-13 08:45:00;2779.014693287433;597.8226122744197;4.648560687115288;209.52451990886405;69;-2513.90987951282;-2723.4343994216842
2026-04-24 19:02:03;3.224881649017334;3.2466928958892822;3.319488048553467;236.7165069580078;236.98577880859375;237.7689208984375;410.2743225097656;411.2218017578125;410.9712829589844;764.5079345703125;768.9513549804688;788.9821166992188;-761.0601806640625;-761.5767211914062;-785.4697265625;16.778196334838867;92.64677429199219;72.7600326538086;0.9968277215957642;0.9912984371185303;0.9965664744377136;50.05404281616211;2309.908447265625;-2297.8203125;188.0108642578125;0.9952794909477234;-3.3559999465942383;-3.365000009536743;-3.371999979019165;-10.093000411987305;257.29998779296875;254.39999389648438;253.89999389648438;443.1000061035156;440.20001220703125;442.70001220703125;-2570.699951171875;-858.0999755859375;-852.9000244140625;-852.9000244140625;-38.099998474121094;-68.0;17.299999237060547;12.399999618530273;2562.39990234375;856.2999877929688;853.0999755859375;852.9000244140625;1.0;-0.996999979019165;1.0;1.0;50.0;MPPT;50.06636047363281;3.6055667400360107;3.5976955890655518;3.6092746257781982;256.37103271484375;253.61212158203125;253.21987915039062;441.5373840332031;438.3309020996094;442.0462951660156;2750.666259765625;-8.355464935302734;2750.678955078125;99.99954223632812;242805.265625;2840.73486328125;2016-07-13 09:00:00;2863.818718790746;598.3975713987378;4.78581273666711;209.52451990886405;69;-2597.017824506067;-2806.542344414931
2026-04-24 19:02:37;3.134078025817871;3.157423973083496;3.224407196044922;236.75108337402344;237.0626678466797;237.88650512695312;410.2577209472656;411.29248046875;411.082275390625;740.2872314453125;746.922119140625;767.5744018554688;-738.2398681640625;-741.089111328125;-766.5;21.353046417236328;96.43376159667969;77.48681640625;0.9951426386833191;0.9907160401344299;0.9960917234420776;50.057044982910156;2260.595703125;-2247.8193359375;164.4444580078125;0.9944908022880554;-3.2960000038146973;-3.302999973297119;-3.305999994277954;-9.904999732971191;257.1000061035156;254.1999969482422;253.8000030517578;442.79998779296875;439.8999938964844;442.3999938964844;-2512.300048828125;-837.7000122070312;-836.0;-836.5;-63.099998474121094;-76.0;8.800000190734863;4.0;2513.0;840.2999877929688;836.0;836.5;1.0;-0.9959999918937683;1.0;1.0;50.0;MPPT;50.06149673461914;3.55706787109375;3.5492711067199707;3.5607454776763916;255.9867401123047;253.11424255371094;252.93212890625;440.7703857421875;437.62249755859375;441.4949645996094;2709.478759765625;-0.9051216840744019;2709.47900390625;99.99974822998047;242805.265625;2794.369384765625;2016-07-13 09:15:00;2817.6002243810735;598.0842166385673;4.711042602356113;228.57220353694262;76;-2532.6760163565095;-2761.248219893452
2026-04-24 19:03:07;3.0587658882141113;3.0665335655212402;3.135457754135132;236.8927459716797;237.22122192382812;238.16102600097656;410.46136474609375;411.6932067871094;411.2294921875;723.2141723632812;730.4828491210938;750.1705322265625;-721.3854370117188;-722.6739501953125;-745.9129638671875;13.485329627990723;90.95442199707031;74.16069793701172;0.9968687295913696;0.9894859194755554;0.9957009553909302;50.04502487182617;2201.590576171875;-2189.4560546875;191.30027770996094;0.9941809177398682;-3.242000102996826;-3.253999948501587;-3.263000011444092;-9.758999824523926;254.1999969482422;251.3000030517578;251.0;437.70001220703125;435.0;437.5;-2448.10009765625;-816.2000122070312;-815.0999755859375;-816.4000244140625;-26.600000381469727;-62.099998474121094;19.899999618530273;15.5;2450.39990234375;818.4000244140625;815.2999877929688;816.5999755859375;1.0;-0.996999979019165;1.0;1.0;50.0;MPPT;50.05663299560547;3.5385360717773438;3.5311124324798584;3.5423800945281982;253.18963623046875;250.3981475830078;250.22021484375;435.91845703125;432.9632873535156;436.76068115234375;2666.095703125;-23.5739688873291;2666.199951171875;99.99609375;242805.265625;2753.881103515625;2016-07-13 09:30:00;2771.39675548974;597.7709637492551;4.636218424038823;247.61988716502117;82;-2468.348933214924;-2715.968820379945
2026-04-24 19:03:37;3.1154892444610596;3.1351311206817627;3.208772659301758;234.1337127685547;234.3983917236328;235.318115234375;405.7852783203125;406.88922119140625;406.6902160644531;730.2175903320312;735.9134521484375;755.7970581054688;-727.6158447265625;-728.9127197265625;-752.8345947265625;13.970319747924805;89.23746490478516;74.44926452636719;0.996765673160553;0.9908744692802429;0.9962160587310791;50.03226089477539;2219.9375;-2207.737548828125;173.3953399658203;0.9953879117965698;-3.2709999084472656;-3.2799999713897705;-3.2869999408721924;-9.838000297546387;254.1999969482422;251.3000030517578;251.10000610351562;437.79998779296875;435.0;437.6000061035156;-2466.5;-822.4000244140625;-821.5;-822.5999755859375;-45.29999923706055;-68.5;13.899999618530273;9.199999809265137;2469.60009765625;825.2000122070312;821.5999755859375;823.0;1.0;-0.9959999918937683;1.0;1.0;50.0;MPPT;50.034671783447266;3.4806551933288574;3.473097085952759;3.483086347579956;253.3221893310547;250.48374938964844;250.30029296875;436.0847473144531;433.1146545410156;436.95916748046875;2622.68359375;15.96145248413086;2622.732177734375;-99.9981460571289;242805.265625;2710.490478515625;2016-07-13 09:45:00;2725.1932865984063;597.4577108599428;4.561315783632511;180.94960399262234;60;-2489.7398168738155;-2670.689420866438
2026-04-24 19:04:07;3.047968864440918;3.071075677871704;3.140522003173828;234.05104064941406;234.04005432128906;235.26466369628906;405.3941650390625;406.3800354003906;406.38201904296875;713.0380859375;719.39892578125;739.32275390625;-710.2040405273438;-711.1455688476562;-735.5569458007812;15.713677406311035;84.64566802978516;64.3186264038086;0.9970465302467346;0.992440402507782;0.9972732663154602;50.02250289916992;2169.7958984375;-2157.989013671875;142.64166259765625;0.9954933524131775;-3.200000047683716;-3.2019999027252197;-3.2100000381469727;-9.609999656677246;254.1999969482422;251.3000030517578;251.10000610351562;437.70001220703125;435.0;437.6000061035156;-2411.199951171875;-804.0;-802.7999877929688;-803.5;-71.30000305175781;-76.9000015258789;5.5;0.0;2412.39990234375;806.7999877929688;802.0;803.5;1.0;-0.9959999918937683;1.0;1.0;50.0;MPPT;50.026222229003906;3.4202282428741455;3.412578582763672;3.4240148067474365;253.34600830078125;250.44064331054688;250.233642578125;436.10394287109375;432.992431640625;436.9137268066406;2577.91943359375;16.679288864135742;2577.973388671875;-99.99790954589844;242805.265625;2663.072265625;2016-07-13 10:00:00;2678.9898177070727;597.1444579706306;4.486334557657125;190.4768362807855;63;-2434.933185072146;-2625.4100213529314
2026-04-24 19:04:40;2.873728036880493;2.893544912338257;2.960163116455078;234.13929748535156;233.97157287597656;235.2943115234375;405.59918212890625;406.60589599609375;406.4972839355469;673.1367797851562;677.9585571289062;696.797607421875;-669.7357177734375;-669.0975952148438;-692.3849487304688;11.221532821655273;85.08991241455078;67.62055206298828;0.9950878024101257;0.9891011118888855;0.9948573708534241;50.03376388549805;2047.92529296875;-2033.1763916015625;166.39749145507812;0.993831992149353;-3.0299999713897705;-3.0390000343322754;-3.0439999103546143;-9.11299991607666;253.89999389648438;250.60000610351562;250.60000610351562;436.8999938964844;434.0;436.8999938964844;-2278.89990234375;-760.0999755859375;-758.2999877929688;-760.0;-42.20000076293945;-68.0999984741211;15.5;10.399999618530273;2281.699951171875;763.0999755859375;758.4000244140625;760.0999755859375;1.0;-0.9959999918937683;1.0;1.0;50.0;MPPT;50.043277740478516;3.260762929916382;3.253328800201416;3.264451026916504;253.00514221191406;249.91981506347656;249.89646911621094;435.4046325683594;432.1778869628906;436.3495788574219;2453.708984375;-11.150860786437988;2453.734375;99.99896240234375;242805.265625;2535.268310546875;2016-07-13 10:15:00;2551.7387028970875;596.2817136715786;4.279418007278586;199.9972876207009;66;-2300.706641218445;-2500.7039288391456
2026-04-24 19:05:10;2.7159385681152344;2.741549015045166;2.8024511337280273;234.2545623779297;234.24310302734375;235.3319549560547;405.7598876953125;406.6087951660156;406.5920715332031;637.3465576171875;642.0219116210938;660.5055541992188;-634.161376953125;-635.25439453125;-656.05078125;6.457296371459961;81.87228393554688;67.69628143310547;0.9947736263275146;0.9873520135879517;0.994647204875946;50.02700424194336;1928.9111328125;-1914.009033203125;165.44691467285156;0.9923104643821716;-2.8529999256134033;-2.864000082015991;-2.869999885559082;-8.586999893188477;253.89999389648438;250.89999389648438;250.6999969482422;437.1000061035156;434.29998779296875;436.8999938964844;-2162.89990234375;-721.0;-714.7000122070312;-716.2000122070312;-28.899999618530273;-63.29999923706055;19.299999237060547;15.0;2149.60009765625;718.0999755859375;714.9000244140625;716.4000244140625;1.0;-0.9959999918937683;1.0;1.0;50.0;MPPT;50.037174224853516;3.0957987308502197;3.0881927013397217;3.09946870803833;252.95457458496094;250.05162048339844;249.94647216796875;435.46295166015625;432.3844299316406;436.313232421875;2329.9912109375;-8.711403846740723;2330.007568359375;99.99929809570312;242805.265625;2409.357421875;2016-07-13 10:30:00;2424.4875880871014;595.4189693725265;4.071901825099916;190.4768362807855;63;-2185.521000044574;-2375.9978363253595
2026-04-24 19:05:36;2.619014024734497;2.6399168968200684;2.6979129314422607;234.07919311523438;233.9917449951172;235.19796752929688;405.2029113769531;406.4204406738281;406.2880554199219;612.7637939453125;617.826171875;634.5750732421875;-610.7108764648438;-612.3072509765625;-632.5216674804688;0.0;73.66580200195312;57.1468505859375;0.9937031865119934;0.9889129400253296;0.9949414134025574;50.01499938964844;1866.3935546875;-1853.051025390625;131.07484436035156;0.9922499060630798;-2.7850000858306885;-2.7839999198913574;-2.7869999408721924;-8.355999946594238;253.6999969482422;250.89999389648438;250.5;436.70001220703125;434.1000061035156;436.3999938964844;-2086.39990234375;-695.2000122070312;-694.7999877929688;-696.2999877929688;-61.79999923706055;-74.0;8.399999618530273;3.700000047683716;2090.39990234375;699.2000122070312;694.0;695.2999877929688;1.0;-0.9950000047683716;1.0;1.0;50.0;MPPT;50.02257537841797;2.9309756755828857;2.9234604835510254;2.9345622062683105;252.7218475341797;249.893310546875;249.80467224121094;435.1015930175781;432.0334777832031;436.10125732421875;2204.263916015625;-4.123551845550537;2204.267822265625;99.99982452392578;242805.265625;2281.768310546875;2016-07-13 10:45:00;2297.2364732771157;594.5562250734744;3.863783400793132;142.85423673646523;47;-2108.437507075108;-2251.2917438115733
2026-04-24 19:06:05;2.455179214477539;2.4748289585113525;2.531100273132324;233.97967529296875;234.19232177734375;235.1792449951172;405.4660339355469;406.4882507324219;406.3226623535156;574.7863159179688;580.5941162109375;595.6932373046875;-570.0709838867188;-572.4866943359375;-591.623779296875;4.457803249359131;77.39640808105469;61.78553771972656;0.9922558069229126;0.9897738695144653;0.9939619898796082;50.01124954223633;1750.08935546875;-1737.7296142578125;136.8620147705078;0.9926291704177856;-2.6089999675750732;-2.609999895095825;-2.614000082015991;-7.833000183105469;253.6999969482422;251.0;250.60000610351562;437.0;434.29998779296875;436.70001220703125;-1960.699951171875;-652.9000244140625;-651.2999877929688;-652.4000244140625;-49.79999923706055;-69.19999694824219;11.5;7.900000095367432;1958.5;654.5;651.4000244140625;652.5;1.0;-0.9950000047683716;1.0;1.0;50.0;MPPT;50.021358489990234;2.77067232131958;2.763336658477783;2.77433180809021;252.74183654785156;250.16610717773438;249.80780029296875;435.2759094238281;432.37774658203125;436.0946350097656;2084.54931640625;-5.203171253204346;2084.555908203125;99.99968719482422;242805.265625;2159.6572265625;2016-07-13 11:00:00;2169.98535846713;593.6934807744223;3.655060108857133;142.85423673646523;47;-1983.7314145613223;-2126.5856512977875
2026-04-24 19:06:35;2.3972012996673584;2.420473098754883;2.4741249084472656;233.81727600097656;234.05230712890625;235.11061096191406;405.2610778808594;406.3705139160156;406.11724853515625;561.3026123046875;566.12939453125;580.1491088867188;-556.1403198242188;-559.2938842773438;-577.3367309570312;0.0;75.36600494384766;60.64822006225586;0.9929203391075134;0.9873567223548889;0.9936551451683044;50.01424789428711;1708.0784912109375;-1694.15625;153.3407440185547;0.9903419613838196;-2.555000066757202;-2.555999994277954;-2.563999891281128;-7.675000190734863;253.60000610351562;250.89999389648438;250.5;436.8999938964844;434.20001220703125;436.5;-1914.5;-637.4000244140625;-637.7999877929688;-638.7000122070312;-25.399999618530273;-61.5;19.700000762939453;16.299999237060547;1917.0999755859375;640.0999755859375;638.0999755859375;638.9000244140625;1.0;-0.9950000047683716;1.0;1.0;50.0;MPPT;50.0237922668457;2.7523226737976074;2.7450499534606934;2.7560698986053467;252.53952026367188;249.99844360351562;249.6232147216797;434.9975891113281;432.05419921875;435.7347106933594;2069.264892578125;-6.216607093811035;2069.274169921875;99.99954986572266;242805.265625;2143.94189453125;2016-07-13 11:15:00;2155.380554641967;593.5944623001421;3.631065805920762;171.42915265270696;57;-1940.8437908964208;-2112.272943549128
2026-04-24 19:07:07;2.2616159915924072;2.273324489593506;2.3296804428100586;233.91993713378906;234.19842529296875;235.24253845214844;405.6427917480469;406.73504638671875;406.2846374511719;528.8482055664062;531.5410766601562;546.5560302734375;-522.7894897460938;-527.3757934570312;-545.8926391601562;0.0;75.34941101074219;61.99757385253906;0.9902095198631287;0.9877196550369263;0.994184672832489;50.00449752807617;1611.473388671875;-1595.6351318359375;135.44322204589844;0.990502119064331;-2.4170000553131104;-2.4159998893737793;-2.421999931335449;-7.255000114440918;253.6999969482422;251.10000610351562;250.60000610351562;437.1000061035156;434.3999938964844;436.70001220703125;-1805.5999755859375;-600.7000122070312;-602.7000122070312;-603.7000122070312;-38.400001525878906;-65.5999984741211;15.300000190734863;11.800000190734863;1811.9000244140625;605.0999755859375;602.9000244140625;603.9000244140625;1.0;-0.9950000047683716;1.0;1.0;50.0;MPPT;50.01527786254883;2.7299535274505615;2.722477912902832;2.7339117527008057;252.64515686035156;250.09329223632812;249.70150756835938;435.14910888671875;432.24176025390625;435.88140869140625;2053.190185546875;-5.8521270751953125;2053.198486328125;99.99959564208984;242805.265625;2127.253173828125;2016-07-13 11:30:00;2140.775750816804;593.4954438258619;3.607063496590095;266.66757079309974;88;-1831.292665007368;-2097.9602358004677
2026-04-24 19:07:41;2.3491861820220947;2.364131212234497;2.4234423637390137;233.97006225585938;234.15223693847656;235.12962341308594;405.5467224121094;406.7366638183594;406.3194274902344;549.7650146484375;554.603515625;570.1329956054688;-545.8342895507812;-548.4988403320312;-566.96044921875;0.0;69.4470443725586;54.884765625;0.9917383790016174;0.9890554547309875;0.9948258399963379;49.991004943847656;1675.606201171875;-1660.80419921875;124.61309814453125;0.9922637343406677;-2.51200008392334;-2.505000114440918;-2.515000104904175;-7.5320000648498535;253.6999969482422;251.0;250.5;437.0;434.29998779296875;436.6000061035156;-1873.0999755859375;-623.5;-625.4000244140625;-626.5;-62.70000076293945;-73.80000305175781;7.300000190734863;3.799999952316284;1881.0999755859375;629.0;625.4000244140625;626.5999755859375;-0.9990000128746033;-0.9929999709129333;1.0;1.0;49.900001525878906;MPPT;49.9897346496582;2.710303783416748;2.7033276557922363;2.7143821716308594;252.51568603515625;250.0350341796875;249.53382873535156;434.9956970214844;432.02117919921875;435.6366882324219;2037.545166015625;12.580839157104492;2037.583984375;-99.99809265136719;242805.265625;2111.259033203125;2016-07-13 11:45:00;2126.1859725099794;593.3965272224401;3.5830778829498593;180.94960399262234;60;-1902.7126490671574;-2083.6622530597797
2026-04-24 19:08:14;2.36875319480896;2.38783860206604;2.4448258876800537;234.0438690185547;234.46524047851562;235.33958435058594;405.7639465332031;406.6770935058594;406.34893798828125;554.0081176757812;559.3759155273438;575.5988159179688;-549.741943359375;-552.52490234375;-570.7214965820312;0.0;75.90326690673828;61.08919906616211;0.991744339466095;0.9882728457450867;0.9937142729759216;49.96403884887695;1687.70654296875;-1669.7869873046875;134.87295532226562;0.9914960861206055;-2.5160000324249268;-2.5179998874664307;-2.5220000743865967;-7.556000232696533;253.6999969482422;251.0;250.60000610351562;437.0;434.29998779296875;436.70001220703125;-1885.5999755859375;-627.7999877929688;-628.2999877929688;-629.4000244140625;-47.0;-68.5999984741211;12.600000381469727;9.0;1889.5;631.4000244140625;628.5;629.4000244140625;1.0;-0.9940000176429749;1.0;1.0;49.900001525878906;MPPT;49.97514724731445;2.695478677749634;2.688267469406128;2.6990950107574463;252.617431640625;250.10145568847656;249.69300842285156;435.0062561035156;432.1202697753906;435.9254150390625;2027.768310546875;-5.059733867645264;2027.774658203125;99.99968719482422;242805.265625;2100.722900390625;2016-07-13 12:00:00;2111.5811686848165;593.29750874816;3.5590595570512162;152.38146902462842;50;-1916.9680762864916;-2069.34954531112
2026-04-24 19:08:46;2.2738277912139893;2.290419816970825;2.352619171142578;234.11097717285156;234.2278289794922;235.0537872314453;405.4930114746094;406.1788635253906;405.98358154296875;530.8571166992188;536.7294311523438;552.0025024414062;-525.6820678710938;-528.4215087890625;-548.1751098632812;0.0;73.32747650146484;58.786895751953125;0.9898665547370911;0.9866476655006409;0.9925661087036133;49.970027923583984;1623.365966796875;-1607.78076171875;140.35093688964844;0.9900535345077515;-2.434000015258789;-2.430999994277954;-2.437999963760376;-7.302999973297119;253.1999969482422;250.5;249.89999389648438;436.20001220703125;433.29998779296875;435.70001220703125;-1823.0999755859375;-606.9000244140625;-605.2999877929688;-606.2999877929688;-43.400001525878906;-67.30000305175781;13.800000190734863;10.100000381469727;1820.199951171875;608.2000122070312;605.5;606.4000244140625;1.0;-0.9940000176429749;1.0;1.0;49.900001525878906;MPPT;49.9848747253418;2.5811781883239746;2.5739855766296387;2.585660934448242;252.2201690673828;249.6417999267578;249.16429138183594;434.4293518066406;431.34454345703125;435.046875;1937.684814453125;-23.536725997924805;1937.8277587890625;99.99262237548828;242805.265625;2008.8983154296875;2016-07-13 12:15:00;2027.9942101669337;592.7308011633652;3.4214422570693928;142.85423673646523;47;-1844.5800892271297;-1987.434325963595
2026-04-24 19:09:16;2.1319432258605957;2.1374809741973877;2.193488121032715;234.0321807861328;234.34158325195312;235.26239013671875;405.7622375488281;406.7043151855469;406.43896484375;497.5787353515625;502.5578308105469;517.5670166015625;-492.64459228515625;-496.1479797363281;-514.015380859375;0.0;71.6457290649414;58.521278381347656;0.9892813563346863;0.9872046113014221;0.9924448132514954;49.98276138305664;1519.107666015625;-1501.33349609375;127.5721206665039;0.9896929860115051;-2.2860000133514404;-2.2769999504089355;-2.2869999408721924;-6.849999904632568;253.5;250.89999389648438;250.3000030517578;436.79998779296875;434.0;436.29998779296875;-1703.9000244140625;-566.9000244140625;-568.0999755859375;-569.2999877929688;-45.79999923706055;-68.30000305175781;12.699999809265137;9.699999809265137;1709.199951171875;571.4000244140625;568.2999877929688;569.4000244140625;1.0;-0.9919999837875366;1.0;1.0;49.900001525878906;MPPT;49.986331939697266;2.4798693656921387;2.471683979034424;2.4831361770629883;252.49659729003906;249.96900939941406;249.52565002441406;434.9810791015625;431.9597473144531;435.5541687011719;1863.3974609375;12.3531494140625;1863.4384765625;-99.997802734375;242805.265625;1932.9627685546875;2016-07-13 12:30:00;1944.4072516490505;592.1640935785705;3.283561554532282;171.42915265270696;57;-1734.0899539633624;-1905.5191066160694
2026-04-24 19:09:46;2.0585122108459473;2.0595815181732178;2.110313892364502;233.85801696777344;234.10816955566406;235.00955200195312;405.1401062011719;406.1973571777344;405.9538269042969;481.17669677734375;484.2708740234375;498.0840148925781;-474.43804931640625;-476.15203857421875;-493.4280700683594;-4.557454586029053;63.91453170776367;51.06631088256836;0.9885788559913635;0.9873495697975159;0.9938299059867859;49.93709945678711;1460.392822265625;-1443.962646484375;131.55111694335938;0.9871541857719421;-2.2070000171661377;-2.2009999752044678;-2.2079999446868896;-6.616000175476074;253.1999969482422;250.39999389648438;250.0;436.1000061035156;433.29998779296875;435.70001220703125;-1645.699951171875;-547.5;-547.7000122070312;-549.0;-32.79999923706055;-63.79999923706055;17.100000381469727;13.800000190734863;1647.5999755859375;550.4000244140625;547.9000244140625;549.0999755859375;1.0;-0.9940000176429749;0.9990000128746033;1.0;49.900001525878906;MPPT;49.95699691772461;2.3708107471466064;2.3637495040893555;2.3750157356262207;252.09298706054688;249.37669372558594;249.06581115722656;434.1009216308594;431.0185546875;434.85186767578125;1778.477294921875;-25.94005584716797;1778.66650390625;99.98936462402344;242805.265625;1847.811279296875;2016-07-13 12:45:00;1860.8202931311678;591.5973859937757;3.145416692477992;152.38146902462842;50;-1671.222418243916;-1823.6038872685444
2026-04-24 19:10:17;1.9130380153656006;1.9312996864318848;1.9813536405563354;233.8602752685547;233.9599151611328;235.06109619140625;405.2454528808594;406.260986328125;406.050537109375;448.8423156738281;451.1764831542969;464.7009582519531;-442.48040771484375;-445.8206481933594;-461.97259521484375;0.0;67.57967376708984;56.09397888183594;0.9852455854415894;0.9849901795387268;0.9910712242126465;49.957298278808594;1366.2216796875;-1351.3125;122.46798706054688;0.9880385398864746;-2.0820000171661377;-2.069999933242798;-2.072999954223633;-6.224999904632568;253.3000030517578;250.8000030517578;250.0;436.5;433.70001220703125;435.79998779296875;-1539.4000244140625;-511.70001220703125;-514.5999755859375;-515.5999755859375;-44.400001525878906;-68.0;13.0;10.5;1548.4000244140625;517.7999877929688;514.7999877929688;515.7000122070312;1.0;-0.9909999966621399;1.0;1.0;49.900001525878906;MPPT;49.96123504638672;2.2648372650146484;2.257521629333496;2.2688591480255127;252.23818969726562;249.75347900390625;249.0447235107422;434.6131591796875;431.3438720703125;434.88751220703125;1700.037109375;8.754581451416016;1700.0595703125;-99.9986801147461;242805.265625;1766.536376953125;2016-07-13 13:00:00;1777.2333346132848;591.030678408981;3.0070069110413864;171.42915265270696;57;-1570.259515268312;-1741.688667921019
2026-04-24 19:10:46;1.7697243690490723;1.7787706851959229;1.8284858465194702;234.10943603515625;234.65298461914062;235.27723693847656;405.989501953125;407.0186462402344;406.5921630859375;413.38861083984375;416.5190734863281;429.76898193359375;-405.00347900390625;-409.2789306640625;-424.5697937011719;-3.3766965866088867;61.75289535522461;50.67306137084961;0.9834744930267334;0.9835652112960815;0.988375186920166;49.950565338134766;1260.7401123046875;-1240.632568359375;106.68423461914062;0.9862427115440369;-1.9220000505447388;-1.909000039100647;-1.9179999828338623;-5.749000072479248;253.5;251.0;250.10000610351562;436.8999938964844;433.8999938964844;436.1000061035156;-1425.9000244140625;-473.70001220703125;-475.1000061035156;-476.20001220703125;-52.29999923706055;-70.4000015258789;9.899999618530273;8.100000381469727;1430.0999755859375;478.5;475.20001220703125;476.29998779296875;-0.9990000128746033;-0.9890000224113464;1.0;1.0;49.900001525878906;MPPT;49.9568977355957;2.248081922531128;2.240814685821533;2.25176739692688;252.3400421142578;249.9347381591797;249.2112579345703;434.827392578125;431.6713562011719;435.1202087402344;1688.422607421875;5.790078639984131;1688.4326171875;-99.99940490722656;242805.265625;1754.4068603515625;2016-07-13 13:15:00;1765.333124089078;590.9499966891971;2.9872800304245257;276.1880221330151;92;-1453.8384394742811;-1730.0264616072964
2026-04-24 19:11:18;1.7176518440246582;1.7228777408599854;1.7728043794631958;233.79603576660156;234.15911865234375;234.84315490722656;405.31146240234375;406.27685546875;405.8624572753906;401.6683349609375;404.281982421875;417.29766845703125;-393.7270812988281;-397.363525390625;-412.39593505859375;-3.961885690689087;62.76240921020508;50.1453742980957;0.979028046131134;0.983164370059967;0.9893758893013;49.94383239746094;1220.802001953125;-1202.7686767578125;112.0246353149414;0.9832471609115601;-1.878999948501587;-1.8600000143051147;-1.8700000047683716;-5.609000205993652;253.0;250.60000610351562;249.6999969482422;436.1000061035156;433.20001220703125;435.29998779296875;-1378.800048828125;-460.20001220703125;-462.20001220703125;-463.3999938964844;-43.900001525878906;-67.4000015258789;12.699999809265137;10.600000381469727;1391.0999755859375;465.1000061035156;462.29998779296875;463.5;-0.9990000128746033;-0.9890000224113464;1.0;1.0;49.900001525878906;MPPT;49.954463958740234;2.229058027267456;2.221801280975342;2.233044385910034;252.00323486328125;249.6782989501953;248.8828887939453;434.2613830566406;431.168212890625;434.59344482421875;1672.1658935546875;-4.14660120010376;1672.1710205078125;99.99969482421875;242805.265625;1739.059814453125;2016-07-13 13:30:00;1753.4178880465324;590.869213098555;2.9675228446097233;304.76293804925683;101;-1413.586592236345;-1718.3495302856018
2026-04-24 19:11:48;1.6765977144241333;1.6834303140640259;1.7329018115997314;233.79043579101562;234.40260314941406;234.83421325683594;405.2939453125;406.26336669921875;405.8443603515625;392.62371826171875;394.5845031738281;406.7039794921875;-383.2500305175781;-387.74652099609375;-402.8785400390625;-3.9400930404663086;62.374324798583984;51.239986419677734;0.9775162935256958;0.9807773232460022;0.9887664318084717;49.950565338134766;1197.94921875;-1176.516357421875;107.76718139648438;0.9822145700454712;-1.8389999866485596;-1.819000005722046;-1.8289999961853027;-5.486999988555908;253.10000610351562;250.6999969482422;249.8000030517578;436.29998779296875;433.3999938964844;435.5;-1355.5999755859375;-450.1000061035156;-452.0;-453.3999938964844;-45.5;-67.80000305175781;12.100000381469727;10.100000381469727;1361.0;455.20001220703125;452.0;453.3999938964844;-0.9990000128746033;-0.9890000224113464;1.0;1.0;49.900001525878906;MPPT;49.963096618652344;2.2140450477600098;2.206886053085327;2.2181553840637207;252.21275329589844;249.985107421875;249.10169982910156;434.7197265625;431.6564025878906;434.919921875;1662.499267578125;-13.116708755493164;1662.551025390625;99.99688720703125;242805.265625;1729.697998046875;2016-07-13 13:45:00;1741.5176775223254;590.7885313787712;2.947785180355489;323.81062167733535;107;-1382.8767022945435;-1706.6873239718789
2026-04-24 19:12:18;1.7821193933486938;1.794343113899231;1.8449726104736328;233.80911254882812;234.53575134277344;234.92205810546875;405.7613525390625;406.58203125;406.1866455078125;415.7630920410156;420.1399230957031;433.7870178222656;-409.1825256347656;-412.8069763183594;-428.7689514160156;0.0;67.14727020263672;53.56219482421875;0.9803957939147949;0.9822031259536743;0.9891966581344604;49.95580291748047;1270.129150390625;-1254.499267578125;94.04170227050781;0.9867032766342163;-1.944000005722046;-1.9279999732971191;-1.937999963760376;-5.809999942779541;253.10000610351562;250.6999969482422;249.6999969482422;436.29998779296875;433.29998779296875;435.3999938964844;-1436.5999755859375;-477.29998779296875;-479.1000061035156;-480.0;-64.0999984741211;-74.4000015258789;6.099999904632568;4.0;1442.300048828125;483.0;479.1000061035156;480.1000061035156;-0.9990000128746033;-0.9879999756813049;1.0;1.0;50.0;MPPT;49.96390914916992;2.200047016143799;2.1927244663238525;2.2037503719329834;251.97579956054688;249.6268310546875;248.7128448486328;434.3019714355469;430.9192199707031;434.37030029296875;1649.79541015625;1.7693018913269043;1649.79638671875;-99.99993896484375;242805.265625;1716.375244140625;2016-07-13 14:00:00;1729.6024414797798;590.707747788129;2.9280171928608962;228.57220353694262;76;-1466.4381891132416;-1695.0103926501843
2026-04-24 19:12:49;1.6580666303634644;1.6587324142456055;1.7080249786376953;233.62979125976562;234.0492401123047;234.7309112548828;405.3192443847656;406.2381286621094;405.74493408203125;386.6848449707031;389.2229309082031;401.0382385253906;-377.50054931640625;-381.70843505859375;-396.8955383300781;-13.826269149780273;57.12123107910156;48.69770431518555;0.9768732786178589;0.979274332523346;0.9896140098571777;49.94383239746094;1172.570556640625;-1151.0980224609375;116.57574462890625;0.98281329870224;-1.8049999475479126;-1.784999966621399;-1.7929999828338623;-5.382999897003174;253.3000030517578;250.89999389648438;250.0;436.6000061035156;433.70001220703125;435.79998779296875;-1327.699951171875;-440.8999938964844;-443.5;-444.79998779296875;-44.400001525878906;-67.5999984741211;12.199999809265137;10.899999618530273;1335.4000244140625;446.70001220703125;443.70001220703125;444.8999938964844;1.0;-0.9900000095367432;0.9990000128746033;0.9990000128746033;49.900001525878906;MPPT;49.95811462402344;2.1009888648986816;2.0937724113464355;2.10481595993042;252.19326782226562;249.86444091796875;249.01602172851562;434.6123046875;431.44775390625;434.8448791503906;1577.07373046875;-9.99163818359375;1577.10546875;99.99798583984375;242805.265625;1641.6593017578125;2016-07-13 14:15:00;1652.491481365853;590.1849465432671;2.7999553208609447;257.14033850493655;85;-1362.301313233599;-1619.4416517385357
2026-04-24 19:13:22;1.5962992906570435;1.6095044612884521;1.6566462516784668;234.1890106201172;234.55616760253906;235.07594299316406;405.68060302734375;406.5661926269531;406.081787109375;373.8934631347656;376.6000671386719;388.6482849121094;-366.0313720703125;-369.677001953125;-384.4356689453125;-13.810956954956055;55.41007995605469;44.87417221069336;0.9758437871932983;0.9815256595611572;0.9875712394714355;49.95954513549805;1139.9339599609375;-1117.0587158203125;102.28201293945312;0.9815582633018494;-1.7589999437332153;-1.7410000562667847;-1.7480000257492065;-5.248000144958496;253.10000610351562;250.60000610351562;249.6999969482422;436.20001220703125;433.20001220703125;435.3999938964844;-1293.800048828125;-429.6000061035156;-431.79998779296875;-433.0;-43.599998474121094;-67.4000015258789;12.600000381469727;11.100000381469727;1300.199951171875;435.0;432.0;433.1000061035156;1.0;-0.9879999756813049;0.9990000128746033;1.0;49.900001525878906;MPPT;49.97136306762695;1.9857937097549438;1.9784468412399292;1.9895129203796387;254.10696411132812;251.6258544921875;250.81704711914062;437.814208984375;434.4703369140625;438.1069641113281;1501.290283203125;-11.877906799316406;1501.3372802734375;99.99687194824219;242805.265625;1565.3038330078125;2016-07-13 14:30:00;1575.3805212519262;589.6621452984052;2.671666366601653;219.0449712487794;73;-1324.8279395781083;-1543.8729108268876
2026-04-24 19:13:52;1.5156681537628174;1.5176175832748413;1.5648694038391113;235.7542724609375;236.22311401367188;236.45318603515625;408.5616455078125;409.2195129394531;408.79376220703125;359.1925048828125;359.72808837890625;371.27508544921875;-347.81988525390625;-351.1505432128906;-365.7755432128906;-10.498251914978027;64.04120635986328;54.174007415771484;0.9693189263343811;0.9739593863487244;0.9838030934333801;49.9730224609375;1088.6453857421875;-1063.3526611328125;123.83560180664062;0.9744352102279663;-1.6749999523162842;-1.6579999923706055;-1.6690000295639038;-5.001999855041504;254.8000030517578;252.1999969482422;251.3000030517578;439.0;436.0;438.20001220703125;-1235.4000244140625;-410.20001220703125;-412.70001220703125;-414.29998779296875;-22.100000381469727;-61.29999923706055;20.399999618530273;18.700000762939453;1243.5;415.5;413.20001220703125;414.70001220703125;1.0;-0.9890000224113464;0.9990000128746033;0.9990000128746033;50.0;MPPT;49.98707580566406;1.8907486200332642;1.8838706016540527;1.8949166536331177;253.77413940429688;251.34999084472656;250.49317932128906;437.3777160644531;433.89764404296875;437.5008239746094;1427.8834228515625;-17.811670303344727;1427.9945068359375;99.99221801757812;242805.265625;1489.630615234375;2016-07-13 14:45:00;1498.2575407233285;589.1392625568567;2.5431296739940747;199.9972876207009;66;-1268.295102288161;-1468.2923899088619
2026-04-24 19:14:23;1.4402213096618652;1.4357978105545044;1.4794983863830566;235.4216766357422;236.06005859375;236.4816131591797;408.3725280761719;409.29290771484375;408.8311767578125;337.69769287109375;337.493408203125;348.2494201660156;-328.1107177734375;-331.5133972167969;-344.6484069824219;-19.273971557617188;56.59662628173828;47.04278564453125;0.9675898551940918;0.9755213260650635;0.985660195350647;49.95655059814453;1026.040283203125;-1002.2355346679688;100.3135986328125;0.9771900177001953;-1.590000033378601;-1.5640000104904175;-1.5729999542236328;-4.7270002365112305;254.89999389648438;252.5;251.5;439.3999938964844;436.3999938964844;438.5;-1168.9000244140625;-387.79998779296875;-389.79998779296875;-391.1000061035156;-42.0;-67.69999694824219;13.399999618530273;12.100000381469727;1175.199951171875;393.79998779296875;390.0;391.29998779296875;-0.9990000128746033;-0.984000027179718;1.0;1.0;49.900001525878906;MPPT;49.96180725097656;1.7895604372024536;1.7823702096939087;1.7936969995498657;253.82571411132812;251.4678955078125;250.61807250976562;437.4197692871094;434.1864013671875;437.6799011230469;1351.95751953125;-2.854691982269287;1351.9605712890625;99.99977111816406;242805.265625;1413.7227783203125;2016-07-13 15:00:00;1421.1420729539;588.6164307507373;2.4143771711254085;190.4768362807855;63;-1202.2423952140366;-1392.719231494822
2026-04-24 19:14:55;1.3431068658828735;1.3454647064208984;1.3871034383773804;235.8959503173828;236.0962677001953;236.87210083007812;408.57440185546875;409.7032775878906;409.26416015625;317.5958557128906;317.6436462402344;328.3585510253906;-305.421875;-308.1231994628906;-321.0693054199219;-14.47022533416748;57.43574523925781;48.883853912353516;0.961003303527832;0.9698891639709473;0.9785001873970032;49.970027923583984;964.3519287109375;-934.5484619140625;93.28331756591797;0.9701357483863831;-1.5;-1.4780000448226929;-1.49399995803833;-4.4720001220703125;254.8000030517578;251.89999389648438;249.89999389648438;438.79998779296875;434.5;437.0;-1099.9000244140625;-364.70001220703125;-366.6000061035156;-367.8999938964844;-41.5;-66.9000015258789;10.899999618530273;14.399999618530273;1104.800048828125;369.79998779296875;366.79998779296875;368.20001220703125;-0.9990000128746033;-0.984000027179718;0.9990000128746033;0.9990000128746033;49.900001525878906;MPPT;49.98365783691406;1.6346569061279297;1.6279487609863281;1.6390995979309082;253.6234130859375;250.90005493164062;248.93682861328125;436.5563659667969;432.76214599609375;435.72637939453125;1230.866943359375;-17.176837921142578;1230.98681640625;99.99026489257812;242805.265625;1290.5751953125;2016-07-13 15:15:00;1301.2639799926876;587.8036744818594;2.2137731295057543;142.85423673646523;47;-1132.3844636563686;-1275.2387003928338
2026-04-24 19:15:28;1.1591088771820068;1.1560245752334595;1.204131841659546;236.09536743164062;236.3768768310547;235.32400512695312;409.0840759277344;408.3310241699219;408.41650390625;273.3598937988281;274.2972106933594;284.2872619628906;-258.480712890625;-263.9572448730469;-275.78314208984375;-17.721242904663086;54.454872131347656;51.8352165222168;0.9435843825340271;0.9656783938407898;0.9767221808433533;50.0;832.8372802734375;-798.0008544921875;97.37267303466797;0.9598438739776611;-1.3140000104904175;-1.281999945640564;-1.2960000038146973;-3.8919999599456787;254.6999969482422;251.8000030517578;249.8000030517578;438.6000061035156;434.29998779296875;436.8999938964844;-955.0;-313.79998779296875;-316.8999938964844;-318.5;-22.5;-61.0;17.600000381469727;20.799999237060547;956.4000244140625;319.70001220703125;317.3999938964844;319.20001220703125;1.0;-0.9819999933242798;0.9980000257492065;0.9980000257492065;50.0;MPPT;50.01649856567383;1.4845460653305054;1.4775744676589966;1.4892566204071045;253.77915954589844;251.05690002441406;248.9364776611328;436.8874206542969;432.89093017578125;435.8051452636719;1118.169921875;-22.788253784179688;1118.402099609375;99.97924041748047;242805.265625;1176.1689453125;2016-07-13 15:30:00;1181.385887031475;586.9909182129815;2.012613569266204;171.42915265270696;57;-986.3290166381385;-1157.7581692908454
2026-04-24 19:15:59;0.9882123470306396;0.9637798070907593;1.0039477348327637;235.89480590820312;236.22030639648438;235.10206604003906;408.83270263671875;408.1277770996094;408.0264892578125;233.65890502929688;227.46824645996094;236.04905700683594;-212.7179412841797;-217.48410034179688;-228.59881591796875;-27.757970809936523;41.33354568481445;38.674259185791016;0.9125667810440063;0.9564782381057739;0.9651435017585754;50.00075149536133;694.2974243164062;-654.9170532226562;76.8091049194336;0.9408836364746094;-1.13100004196167;-1.0829999446868896;-1.097000002861023;-3.322000026702881;254.89999389648438;252.10000610351562;249.89999389648438;439.0;434.70001220703125;437.1000061035156;-795.5999755859375;-262.20001220703125;-265.5;-267.79998779296875;-39.0;-66.80000305175781;16.399999618530273;19.899999618530273;808.0;270.70001220703125;267.20001220703125;269.8999938964844;1.0;-0.9739999771118164;0.9980000257492065;0.996999979019165;50.0;MPPT;50.021236419677734;1.3306208848953247;1.3235565423965454;1.3345414400100708;253.78408813476562;251.03085327148438;248.96408081054688;436.9208068847656;432.83453369140625;435.8402099609375;1001.8508911132812;-23.354183197021484;1002.123046875;99.97283935546875;242805.265625;1057.080078125;2016-07-13 15:45:00;1061.5092966220966;586.1781721311893;1.810898711500513;209.52451990886405;69;-830.7545907807905;-1040.2791106896545
2026-04-24 19:16:30;0.8494071364402771;0.818259060382843;0.8566705584526062;236.03550720214844;236.03903198242188;235.25669860839844;409.0964660644531;408.2835388183594;408.3169860839844;199.3199005126953;192.12771606445312;200.60531616210938;-176.8441162109375;-180.7687225341797;-190.67796325683594;-31.119800567626953;37.983619689941406;35.82964324951172;0.8779813051223755;0.9411873817443848;0.9553886651992798;49.99250411987305;591.7391357421875;-546.8842163085938;61.04288864135742;0.9222778677940369;-0.9850000143051147;-0.9300000071525574;-0.9470000267028809;-2.861999988555908;254.8000030517578;251.8000030517578;249.8000030517578;438.70001220703125;434.29998779296875;437.0;-678.7000122070312;-223.0;-226.5;-229.3000030517578;-42.20000076293945;-68.0;11.0;14.800000190734863;689.7999877929688;233.10000610351562;226.8000030517578;229.8000030517578;-0.9980000257492065;-0.9559999704360962;0.9990000128746033;0.9980000257492065;50.0;MPPT;50.00190353393555;1.1766726970672607;1.1693776845932007;1.1800322532653809;253.73593139648438;250.8184814453125;248.82554626464844;436.7279968261719;432.5145568847656;435.6636962890625;885.4406127929688;-2.233078956604004;885.4434204101562;99.99967956542969;242805.265625;935.4319458007812;2016-07-13 16:00:00;941.6312036608841;585.3654158623114;1.6086211760114866;209.52451990886405;69;-713.2740596788024;-922.7985795876664
2026-04-24 19:17:02;0.8688845634460449;0.8518570065498352;0.8869768381118774;235.9943084716797;235.90708923339844;235.13699340820312;408.8131408691406;407.92987060546875;407.9093322753906;206.51580810546875;200.00765991210938;207.25184631347656;-182.0681915283203;-187.26498413085938;-197.7130126953125;-29.27220916748047;39.90998840332031;38.868133544921875;0.8806407451629639;0.935187041759491;0.9509981870651245;50.00674819946289;614.0682373046875;-566.6755981445312;63.21858596801758;0.9250345826148987;-1.0199999809265137;-0.9610000252723694;-0.9750000238418579;-2.9560000896453857;255.0;251.89999389648438;249.8000030517578;438.8999938964844;434.3999938964844;437.1000061035156;-700.0999755859375;-229.89999389648438;-233.5;-236.10000610351562;-41.29999923706055;-67.80000305175781;11.399999618530273;15.100000381469727;710.0;239.5;233.8000030517578;236.60000610351562;-0.9980000257492065;-0.9589999914169312;0.9990000128746033;0.9980000257492065;50.0;MPPT;50.01649856567383;1.2203147411346436;1.2131528854370117;1.224696159362793;253.8784637451172;250.9255828857422;248.8734893798828;437.00360107421875;432.6789245605469;435.738525390625;918.9842529296875;-2.3088550567626953;918.9871215820312;99.99968719482422;242805.265625;968.951171875;2016-07-13 16:15:00;975.2613188064397;585.5934232173873;1.6654239616424067;219.0449712487794;73;-736.7111211815316;-955.7560924303109
2026-04-24 19:17:35;0.8815343976020813;0.8600894808769226;0.8959107995033264;235.98794555664062;235.98558044433594;235.40708923339844;408.8130187988281;408.239501953125;408.374755859375;208.51434326171875;203.38319396972656;211.37814331054688;-186.3824005126953;-190.19448852539062;-201.14805603027344;-24.115909576416016;44.82207489013672;42.66722869873047;0.8923572897911072;0.9439712166786194;0.9599796533584595;50.00149917602539;619.6657104492188;-578.7150268554688;48.45050048828125;0.935826301574707;-1.0299999713897705;-0.9739999771118164;-0.9869999885559082;-2.990999937057495;254.60000610351562;251.5;249.6999969482422;438.20001220703125;434.0;436.70001220703125;-711.7000122070312;-233.89999389648438;-237.1999969482422;-239.8000030517578;-60.20000076293945;-74.19999694824219;5.099999904632568;8.800000190734863;722.7000122070312;245.3000030517578;237.3000030517578;240.0;-0.996999979019165;-0.9559999704360962;1.0;0.9980000257492065;50.0;MPPT;50.005550384521484;1.262377381324768;1.2551378011703491;1.2667893171310425;253.4946746826172;250.40066528320312;248.76393127441406;436.163330078125;432.14276123046875;435.3471984863281;949.464599609375;-0.8905815482139587;949.4650268554688;99.99995422363281;242805.265625;1004.9782104492188;2016-07-13 16:30:00;1008.8914339519953;585.8214305724633;1.7221825308884806;238.09265487685795;79;-750.6209503960973;-988.7136052729553
2026-04-24 19:18:04;0.8818605542182922;0.853431224822998;0.8829846382141113;235.61642456054688;235.79649353027344;236.609619140625;408.1024475097656;408.836181640625;408.7831726074219;206.45364379882812;201.98779296875;209.16806030273438;-185.49717712402344;-188.50778198242188;-199.18692016601562;-22.402597427368164;48.414710998535156;41.36349105834961;0.8955730199813843;0.9379916191101074;0.956222653388977;49.991004943847656;617.140380859375;-574.8038330078125;62.420936584472656;0.929582953453064;-1.0260000228881836;-0.9700000286102295;-0.9729999899864197;-2.9690001010894775;254.5;251.60000610351562;251.10000610351562;438.20001220703125;435.29998779296875;437.79998779296875;-708.5;-234.0;-235.8000030517578;-238.0;-43.0;-68.30000305175781;12.600000381469727;12.600000381469727;717.9000244140625;243.39999389648438;236.10000610351562;238.3000030517578;-0.9980000257492065;-0.9599999785423279;0.9990000128746033;0.9990000128746033;50.0;MPPT;49.99946594238281;1.3068511486053467;1.2994050979614258;1.3100677728652954;253.33514404296875;250.3285369873047;250.21876525878906;436.21392822265625;432.6761779785156;436.8806457519531;984.0230102539062;-2.441863775253296;984.0260620117188;99.99968719482422;242805.265625;1036.7314453125;2016-07-13 16:45:00;1042.5215490975506;586.0494379275392;1.7788969353579533;276.1880221330151;92;-745.4830959825845;-1021.6711181155996
2026-04-24 19:18:35;1.0207291841506958;0.9963017106056213;1.0274945497512817;235.26048278808594;235.4716339111328;236.415771484375;407.7118835449219;408.640625;408.3641052246094;239.4896697998047;235.19110107421875;243.30226135253906;-220.36929321289062;-223.5368194580078;-234.62962341308594;-21.302387237548828;50.0634651184082;43.73455810546875;0.9199621081352234;0.9496537446975708;0.9633036255836487;49.971527099609375;716.0286865234375;-676.0455322265625;85.50978088378906;0.9417799115180969;-1.1579999923706055;-1.1230000257492065;-1.128999948501587;-3.4100000858306885;253.8000030517578;251.1999969482422;250.8000030517578;437.70001220703125;434.8999938964844;437.20001220703125;-821.5;-271.70001220703125;-273.70001220703125;-276.0;-23.799999237060547;-61.70000076293945;19.299999237060547;18.5;829.7000122070312;278.29998779296875;274.1000061035156;276.20001220703125;1.0;-0.9750000238418579;0.996999979019165;0.9980000257492065;50.0;MPPT;49.991729736328125;1.3527528047561646;1.3455325365066528;1.3565598726272583;252.8936004638672;250.01177978515625;249.9629364013672;435.5807800292969;432.30096435546875;436.1333312988281;1017.3204345703125;-22.013837814331055;1017.55859375;99.97659301757812;242805.265625;1071.0072021484375;2016-07-13 17:00:00;1076.151664243106;586.2774452826152;1.8355672265787863;199.9972876207009;66;-854.6313433375431;-1054.628630958244
2026-04-24 19:19:03;0.9274208545684814;0.9142297506332397;0.9482395648956299;234.7056884765625;235.6412353515625;236.35704040527344;407.4086608886719;408.8900146484375;408.12432861328125;218.10391235351562;215.865478515625;224.53623962402344;-200.67127990722656;-203.83531188964844;-215.29640197753906;-22.402626037597656;47.79464340209961;41.124027252197266;0.912236750125885;0.9423487782478333;0.9617055654525757;49.99250411987305;658.6670532226562;-619.022216796875;67.2345199584961;0.9380560517311096;-1.0829999446868896;-1.031000018119812;-1.0379999876022339;-3.1519999504089355;253.8000030517578;251.60000610351562;251.0;437.6000061035156;435.20001220703125;437.1000061035156;-758.0;-250.5;-251.60000610351562;-254.3000030517578;-41.599998474121094;-66.5999984741211;13.199999809265137;11.699999809265137;764.7999877929688;258.29998779296875;251.89999389648438;254.60000610351562;-0.9980000257492065;-0.9660000205039978;0.9990000128746033;0.9990000128746033;50.0;MPPT;50.00189971923828;1.3086274862289429;1.3016401529312134;1.313310146331787;252.73788452148438;250.6144561767578;250.0083770751953;435.58837890625;432.826416015625;436.44677734375;983.5625610351562;-2.3945820331573486;983.5654907226562;99.99970245361328;242805.265625;1035.1217041015625;2016-07-13 17:15:00;1041.4938036431874;586.0424699608307;1.7771643814701652;228.57220353694262;76;-792.0917240333811;-1020.6639275703237
2026-04-24 19:19:32;0.6244166493415833;0.5764575600624084;0.5998746156692505;235.10760498046875;235.71893310546875;236.6395721435547;407.8739318847656;409.3414306640625;408.55755615234375;148.83047485351562;134.74732971191406;140.60604858398438;-117.72270202636719;-120.77275085449219;-130.35183715820312;-35.32202911376953;33.31228256225586;30.69114875793457;0.7952504754066467;0.8885960578918457;0.916699230670929;49.98051452636719;426.98455810546875;-366.86041259765625;47.690460205078125;0.8565546870231628;-0.7630000114440918;-0.6819999814033508;-0.6890000104904175;-2.134000062942505;253.6999969482422;251.6999969482422;250.89999389648438;437.6000061035156;435.20001220703125;436.8999938964844;-486.0;-159.6999969482422;-161.10000610351562;-164.60000610351562;-35.099998474121094;-66.4000015258789;13.399999618530273;17.799999237060547;499.79998779296875;172.39999389648438;161.6999969482422;165.60000610351562;-0.9980000257492065;-0.9309999942779541;0.9940000176429749;0.9929999709129333;49.900001525878906;MPPT;49.99582290649414;1.262819528579712;1.2561442852020264;1.2672659158706665;252.48416137695312;250.525146484375;249.8172607421875;435.30389404296875;432.65814208984375;435.9764404296875;949.8785400390625;-20.23944091796875;950.0941162109375;99.97731018066406;242805.265625;1001.9509887695312;2016-07-13 17:30:00;1006.8344404914347;585.8074844519602;1.718712148980748;466.6648584138007;155;-520.0328932678053;-986.6977516816061
2026-04-24 19:19:59;0.5057961940765381;0.40994247794151306;0.42361724376678467;235.03854370117188;235.8938751220703;236.5008087158203;407.784912109375;409.1425476074219;408.3747253417969;116.6064224243164;97.11261749267578;101.0203857421875;-71.24264526367188;-71.5127182006836;-79.2125015258789;-29.12651824951172;35.40508270263672;30.78704071044922;0.6162276864051819;0.7648749351501465;0.8194000124931335;49.99400329589844;312.941162109375;-225.10760498046875;17.432086944580078;0.7277015447616577;-0.6230000257492065;-0.492000013589859;-0.492000013589859;-1.6069999933242798;253.8000030517578;251.6999969482422;250.89999389648438;437.70001220703125;435.20001220703125;437.0;-324.6000061035156;-105.5999984741211;-108.0;-111.5999984741211;-58.0;-71.9000015258789;7.599999904632568;6.300000190734863;348.29998779296875;128.10000610351562;108.30000305175781;111.80000305175781;-0.9829999804496765;-0.8230000138282776;0.9990000128746033;0.9980000257492065;49.900001525878906;MPPT;49.99460220336914;1.2147973775863647;1.207646131515503;1.219179630279541;252.67617797851562;250.67575073242188;249.9129638671875;435.63006591796875;432.85150146484375;436.2154846191406;914.2427368164062;13.708087921142578;914.3455200195312;-99.98876190185547;242805.265625;965.265380859375;2016-07-13 17:45:00;972.1750773396819;585.5724989430898;1.6602130036748275;590.4781924704351;196;-362.25338332245315;-952.7315757928883
2026-04-24 19:20:30;0.7564594745635986;0.7132169008255005;0.7439582347869873;235.1204071044922;236.07217407226562;236.58465576171875;408.0461730957031;409.45819091796875;408.63812255859375;176.34811401367188;168.64645385742188;176.4631805419922;-152.8072052001953;-154.48855590820312;-165.3889923095703;-28.037796020507812;42.135597229003906;37.72731018066406;0.8585543036460876;0.9181597828865051;0.942048192024231;49.958797454833984;520.5616455078125;-471.0755615234375;69.15169525146484;0.9007357954978943;-0.8849999904632568;-0.824999988079071;-0.8339999914169312;-2.5439999103546143;253.89999389648438;251.8000030517578;251.0;437.8999938964844;435.3999938964844;437.20001220703125;-599.0999755859375;-197.10000610351562;-198.89999389648438;-201.6999969482422;-25.0;-61.099998474121094;18.299999237060547;17.700000762939453;608.0;205.8000030517578;199.6999969482422;202.39999389648438;-0.9990000128746033;-0.9549999833106995;0.9959999918937683;0.9959999918937683;49.900001525878906;MPPT;49.97378158569336;1.171276330947876;1.1642119884490967;1.1751322746276855;252.6905059814453;250.59503173828125;249.93724060058594;435.5695495605469;432.75531005859375;436.29913330078125;881.230712890625;-12.816949844360352;881.3239135742188;99.98942565917969;242805.265625;931.8040771484375;2016-07-13 18:00:00;937.5157141879292;585.3375134342194;1.6016668890525292;285.7152544211783;95;-633.0501454829923;-918.7653999041706
2026-04-24 19:20:56;0.5066421627998352;0.39894506335258484;0.40901729464530945;234.80325317382812;235.8131866455078;236.2762451171875;407.82037353515625;409.0357360839844;408.29742431640625;117.11665344238281;93.2127685546875;95.34078979492188;-67.8314208984375;-67.53813171386719;-72.17535400390625;-35.39421081542969;31.754669189453125;31.293365478515625;0.5838634371757507;0.7445752620697021;0.8027787208557129;49.955055236816406;306.5374450683594;-216.5267333984375;16.0251407623291;0.7012152075767517;-0.6200000047683716;-0.48399999737739563;-0.4880000054836273;-1.5920000076293945;253.39999389648438;251.39999389648438;250.5;437.1000061035156;434.6000061035156;436.29998779296875;-319.6000061035156;-104.0;-105.69999694824219;-109.0;-59.79999923706055;-73.0;6.300000190734863;6.900000095367432;341.5;126.30000305175781;105.80000305175781;109.30000305175781;-0.9829999804496765;-0.8190000057220459;0.9980000257492065;0.996999979019165;49.900001525878906;MPPT;49.96419906616211;0.8710731863975525;0.8639180660247803;0.8749012351036072;252.1255340576172;250.17922973632812;249.34678649902344;434.7515563964844;431.96624755859375;435.1851806640625;653.8265991210938;0.8771898746490479;653.8272094726562;-99.99990844726562;242805.265625;702.08984375;2016-07-13 18:15:00;703.1371612789054;583.7484604766537;1.2045207977161363;333.33107301725073;111;-355.7433450360765;-689.0744180533272
2026-04-24 19:21:23;0.44101738929748535;0.24108897149562836;0.22908064723014832;234.78109741210938;235.81942749023438;236.33692932128906;407.65301513671875;408.97698974609375;407.89080810546875;104.11420440673828;57.19773864746094;55.13216018676758;10.422798156738281;7.882019996643066;5.843321800231934;-44.807411193847656;17.99574089050293;21.846418380737305;0.08564210683107376;0.13450688123703003;0.08012165129184723;49.9498176574707;213.36679077148438;14.299104690551758;-4.969978332519531;0.03259420022368431;-0.4580000042915344;-0.07800000160932541;-0.24199999868869781;-0.777999997138977;253.1999969482422;251.10000610351562;250.1999969482422;436.79998779296875;434.20001220703125;435.8999938964844;-44.900001525878906;-12.0;-14.399999618530273;-18.399999618530273;-43.70000076293945;-67.69999694824219;11.100000381469727;12.699999809265137;119.80000305175781;69.9000015258789;22.799999237060547;27.100000381469727;-0.8040000200271606;-0.23499999940395355;0.8510000109672546;0.8629999756813049;49.900001525878906;MPPT;49.95811462402344;0.5655981302261353;0.5586474537849426;0.5698702931404114;252.0465545654297;250.06015014648438;249.10894775390625;434.62994384765625;431.6465148925781;434.8702392578125;424.12249755859375;-1.0776598453521729;424.1238708496094;99.99967956542969;242805.265625;468.79827880859375;2016-07-13 18:30:00;468.75860836988153;582.1594075190881;0.8052066192102404;361.9059889334925;120;-97.4774472689914;-459.3834362024839
2026-04-24 19:21:47;0.5072762370109558;0.3124305009841919;0.3064537048339844;234.830322265625;235.69650268554688;236.34176635742188;407.7401428222656;408.9298095703125;408.1926574707031;117.40679931640625;74.73413848876953;73.54074096679688;58.9380989074707;52.664588928222656;52.078853607177734;-50.16731643676758;13.857973098754883;19.159358978271484;0.521599531173706;0.6989440321922302;0.6959183216094971;49.9498176574707;268.4567565917969;166.06585693359375;-8.554742813110352;0.623016893863678;0.4560000002384186;0.2919999957084656;0.27000001072883606;1.0180000066757202;253.10000610351562;251.10000610351562;250.10000610351562;436.70001220703125;434.0;435.79998779296875;115.19999694824219;41.29999923706055;39.0;34.70000076293945;-21.600000381469727;-60.29999923706055;18.200000762939453;18.899999618530273;159.39999389648438;74.0999984741211;44.400001525878906;40.79999923706055;0.9760000109672546;0.5580000281333923;-0.9160000085830688;-0.8830000162124634;49.900001525878906;MPPT;49.95933532714844;0.2613937556743622;0.2545343041419983;0.2656950354576111;251.9401092529297;249.89276123046875;249.02597045898438;434.36151123046875;431.39910888671875;434.77081298828125;194.81353759765625;-5.853342056274414;194.9014434814453;99.95489501953125;242805.265625;237.73060607910156;2016-07-13 18:45:00;234.37855290902385;580.5703443744366;0.4037039700358211;304.76293804925683;101;75.07195619841346;-229.69098185084337
2026-04-24 19:22:16;0.9837786555290222;0.967700183391571;1.0025830268859863;234.9508514404297;235.85507202148438;236.18194580078125;407.6938171386719;408.72198486328125;408.0320129394531;232.5101318359375;228.91864013671875;237.6482391357422;-213.84425354003906;-216.9156494140625;-229.05006408691406;-16.54227066040039;54.2902946472168;47.88905715942383;0.9303404092788696;0.9467310309410095;0.9622229337692261;49.95580291748047;697.4324340820312;-661.2366943359375;79.30082702636719;0.9458246231079102;-1.1299999952316284;-1.090000033378601;-1.0980000495910645;-3.318000078201294;254.10000610351562;251.89999389648438;250.89999389648438;438.20001220703125;435.3999938964844;437.29998779296875;-804.2999877929688;-265.8999938964844;-267.0;-269.79998779296875;-32.79999923706055;-64.0999984741211;16.100000381469727;15.100000381469727;810.7000122070312;272.8999938964844;267.5;270.20001220703125;-0.9990000128746033;-0.968999981880188;0.9990000128746033;0.9990000128746033;49.900001525878906;MPPT;49.96784591674805;1.272037148475647;1.2648411989212036;1.2762320041656494;252.98678588867188;250.8614501953125;249.94097900390625;436.20654296875;432.9607238769531;436.4404602050781;958.08544921875;-2.4228103160858154;958.0885009765625;99.99967956542969;242805.265625;1009.799560546875;2016-07-14 06:15:00;1016.2313996604234;585.8711944867491;1.7345645411884267;161.9019203645438;53;-834.0048513026711;-995.9067716672149
2026-04-24 19:22:48;2.2153801918029785;2.2211039066314697;2.2790331840515137;235.32723999023438;236.13385009765625;236.56069946289062;408.26141357421875;409.2460632324219;408.58978271484375;520.3553466796875;525.7055053710938;541.7546997070312;-516.3145751953125;-519.6033935546875;-537.194580078125;0.0;73.96549987792969;58.96475601196289;0.9921263456344604;0.9867412447929382;0.9941636919975281;49.93410873413086;1588.6610107421875;-1571.520263671875;133.23190307617188;0.9913696646690369;-2.371999979019165;-2.368000030517578;-2.375999927520752;-7.116000175476074;254.89999389648438;252.5;251.89999389648438;439.3999938964844;436.79998779296875;438.8999938964844;-1781.699951171875;-592.7999877929688;-594.0999755859375;-595.2999877929688;-45.70000076293945;-69.19999694824219;14.100000381469727;9.300000190734863;1787.199951171875;597.5;594.2999877929688;595.2999877929688;1.0;-0.9929999709129333;1.0;1.0;49.900001525878906;MPPT;49.944915771484375;2.5765492916107178;2.5690174102783203;2.58034610748291;253.88095092773438;251.69488525390625;250.9200439453125;437.6876525878906;434.5717468261719;438.03460693359375;1948.179931640625;-13.33034610748291;1948.2255859375;99.9976577758789;242805.265625;2018.5411376953125;2016-07-14 06:30:00;2032.456789113511;592.7610568082841;3.428796081944475;180.94960399262234;60;-1810.8580493386185;-1991.8076533312408
2026-04-24 19:23:17;3.441722869873047;3.465404987335205;3.547659397125244;235.25071716308594;235.8256072998047;236.3948974609375;407.9388122558594;409.19097900390625;408.44158935546875;810.147705078125;817.7652587890625;838.2169799804688;-810.38232421875;-811.9563598632812;-837.177734375;20.917844772338867;95.89204406738281;71.04801177978516;0.9998382925987244;0.9935266375541687;0.9982273578643799;49.94233322143555;2460.77783203125;-2452.543212890625;176.0927734375;0.9967753291130066;-3.5869998931884766;-3.5969998836517334;-3.6059999465942383;-10.789999961853027;255.6999969482422;253.39999389648438;252.5;440.79998779296875;438.1000061035156;440.1000061035156;-2738.699951171875;-913.2000122070312;-908.7000122070312;-909.0;-66.5999984741211;-75.0999984741211;8.399999618530273;0.0;2730.39990234375;912.5;908.7999877929688;909.0999755859375;1.0;-0.996999979019165;1.0;1.0;49.900001525878906;MPPT;49.945953369140625;3.8763840198516846;3.8685073852539062;3.880018472671509;254.6483154296875;252.33389282226562;251.65008544921875;438.86669921875;435.73663330078125;439.3917236328125;2939.674072265625;11.926488876342773;2939.6982421875;-99.99917602539062;242805.265625;3031.07470703125;2016-07-14 06:45:00;3048.6926964294357;599.65099043942;5.084111833443943;228.57220353694262;76;-2759.1466389639045;-2987.718842500847
2026-04-24 19:23:50;4.839721202850342;4.860533237457275;4.96636438369751;235.3246307373047;236.0735626220703;236.63490295410156;408.1514587402344;409.37762451171875;408.6869201660156;1139.6719970703125;1147.2828369140625;1174.9759521484375;-1139.476806640625;-1140.13818359375;-1172.981689453125;43.913185119628906;119.45318603515625;93.1445541381836;1.0;0.9946384429931641;0.9993246793746948;49.9333610534668;3461.955078125;-3453.1025390625;256.1851806640625;0.9978687763214111;-4.984000205993652;-5.005000114440918;-5.01800012588501;-15.006999969482422;256.70001220703125;254.39999389648438;253.60000610351562;442.6000061035156;439.8999938964844;441.8999938964844;-3816.39990234375;-1273.5999755859375;-1272.0999755859375;-1270.5999755859375;-49.599998474121094;-70.5;14.699999809265137;6.099999904632568;3818.39990234375;1275.5;1272.199951171875;1270.5999755859375;1.0;-0.9990000128746033;1.0;1.0;49.900001525878906;MPPT;49.94804382324219;5.149790287017822;5.1417622566223145;5.153376579284668;255.85653686523438;253.583984375;252.91839599609375;440.98590087890625;438.0299072265625;441.43438720703125;3924.72607421875;-23.0810489654541;3924.7939453125;99.9982681274414;242805.265625;4042.384521484375;2016-07-14 07:00:00;4064.9286037453617;606.5409240705558;6.701820837521113;152.38146902462842;50;-3831.2485626458256;-3983.630031670454
2026-04-24 19:24:19;5.046837329864502;5.068422794342041;5.177589416503906;235.04959106445312;236.09115600585938;236.5635528564453;407.935546875;409.3102722167969;408.5287170410156;1190.4036865234375;1198.4127197265625;1225.551513671875;-1190.9423828125;-1191.6248779296875;-1222.3414306640625;47.561031341552734;122.93162536621094;95.55268096923828;1.0;0.9953893423080444;0.9990368485450745;49.955055236816406;3612.9296875;-3604.5458984375;268.2147216796875;0.9977704882621765;-5.198999881744385;-5.224999904632568;-5.23199987411499;-15.656000137329102;256.70001220703125;254.60000610351562;253.60000610351562;442.79998779296875;440.1000061035156;441.8999938964844;-3973.800048828125;-1325.699951171875;-1327.4000244140625;-1325.0999755859375;-48.70000076293945;-69.19999694824219;14.5;5.900000095367432;3982.5;1329.800048828125;1327.5;1325.0999755859375;1.0;-0.9990000128746033;1.0;1.0;49.900001525878906;MPPT;49.96419906616211;5.3503875732421875;5.342273235321045;5.353973388671875;255.9226837158203;253.75204467773438;253.0788116455078;441.17254638671875;438.3381652832031;441.6231689453125;4079.751953125;-12.318368911743164;4079.7705078125;99.99954223632812;242805.265625;4204.37548828125;2016-07-14 07:15:00;4227.264303876083;607.6415368237685;6.9568389382539815;142.85423673646523;47;-3999.864781062096;-4142.719017798561
2026-04-24 19:24:47;5.18527364730835;5.204692363739014;5.317332744598389;235.35133361816406;236.26499938964844;236.6837921142578;408.5666198730469;409.71527099609375;408.9285888671875;1222.3323974609375;1229.9346923828125;1258.0601806640625;-1223.2738037109375;-1222.9112548828125;-1256.2969970703125;44.80221176147461;119.70292663574219;92.08610534667969;1.0;0.9950613975524902;0.9988753199577332;49.93709945678711;3709.46728515625;-3702.996337890625;278.68951416015625;0.9978697896003723;-5.327000141143799;-5.353000164031982;-5.361000061035156;-16.041000366210938;257.1000061035156;254.8000030517578;253.89999389648438;443.29998779296875;440.5;442.5;-4083.300048828125;-1362.4000244140625;-1361.699951171875;-1359.800048828125;-50.79999923706055;-70.0;13.800000190734863;5.300000190734863;4086.5;1364.800048828125;1361.800048828125;1359.800048828125;1.0;-0.9990000128746033;1.0;1.0;49.900001525878906;MPPT;49.94595718383789;5.545191764831543;5.537002086639404;5.548746109008789;256.41802978515625;254.1975555419922;253.45266723632812;441.9465026855469;439.03057861328125;442.4345703125;4237.01123046875;-28.633583068847656;4237.10791015625;99.99771881103516;242805.265625;4366.25439453125;2016-07-14 07:30:00;4389.615029525144;608.7422514478395;7.210958363880334;199.9972876207009;66;-4101.825441313939;-4301.8227289346405
2026-04-24 19:25:16;5.386450290679932;5.400936603546143;5.5143537521362305;235.51278686523438;236.21131896972656;236.80821228027344;408.4150695800781;409.7515869140625;408.930419921875;1270.9862060546875;1278.0164794921875;1306.6754150390625;-1270.834716796875;-1272.1671142578125;-1306.0565185546875;48.69744110107422;123.7185287475586;97.86515808105469;1.0;0.995466411113739;0.9996798634529114;49.94383239746094;3854.928955078125;-3847.59130859375;291.70257568359375;0.9980313777923584;-5.526000022888184;-5.558000087738037;-5.566999912261963;-16.650999069213867;257.20001220703125;255.1999969482422;254.10000610351562;443.70001220703125;441.0;442.79998779296875;-4244.0;-1415.5999755859375;-1415.699951171875;-1412.5999755859375;-49.79999923706055;-69.9000015258789;14.100000381469727;5.900000095367432;4245.7998046875;1417.300048828125;1416.0;1413.4000244140625;1.0;-0.9990000128746033;1.0;1.0;49.900001525878906;MPPT;49.9591178894043;5.750868320465088;5.742897033691406;5.754547595977783;256.3495788574219;254.24436950683594;253.6129608154297;441.9440612792969;439.3052673339844;442.4013671875;4393.5869140625;-30.914936065673828;4393.69580078125;99.99752044677734;242805.265625;4525.50341796875;2016-07-14 07:45:00;4551.965755174205;609.8429660719106;7.464160461658014;199.9972876207009;66;-4260.9291524500195;-4460.926440070721
2026-04-24 19:25:42;5.564403057098389;5.589819431304932;5.705234527587891;235.2058563232422;236.22386169433594;236.65882873535156;408.3495788574219;409.630859375;408.68084716796875;1312.4898681640625;1319.168212890625;1348.29638671875;-1311.9254150390625;-1313.335205078125;-1347.9892578125;51.49751281738281;125.67843627929688;97.59485626220703;1.0;0.9966108798980713;0.9997013211250305;49.93635177612305;3983.016845703125;-3973.50537109375;274.397705078125;0.998578667640686;-5.709000110626221;-5.736000061035156;-5.747000217437744;-17.191999435424805;256.8999938964844;254.89999389648438;254.0;443.20001220703125;440.70001220703125;442.3999938964844;-4385.0;-1462.4000244140625;-1460.199951171875;-1457.699951171875;-69.0;-76.0;6.900000095367432;0.0;4380.2998046875;1462.300048828125;1460.199951171875;1457.699951171875;1.0;-0.9990000128746033;1.0;1.0;49.900001525878906;MPPT;49.947410583496094;5.96433687210083;5.956274032592773;5.967758655548096;256.11859130859375;254.10255432128906;253.49264526367188;441.5652770996094;439.102783203125;442.12689208984375;4553.79150390625;5.263418674468994;4553.79443359375;-99.99993896484375;242805.265625;4690.14599609375;2016-07-14 08:00:00;4714.316480823264;610.9436806959817;7.716450189733948;219.0449712487794;73;-4400.985179958019;-4620.030151206799
2026-04-24 19:26:09;5.823024749755859;5.836755275726318;5.9589762687683105;235.0636749267578;236.16722106933594;236.6011199951172;408.12908935546875;409.4544372558594;408.5206298828125;1370.430419921875;1377.8519287109375;1408.7730712890625;-1369.3992919921875;-1371.4273681640625;-1408.143798828125;59.7652587890625;136.20945739746094;106.24775695800781;1.0;0.9961356520652771;0.9994385838508606;49.95131301879883;4158.12841796875;-4147.8427734375;317.58905029296875;0.9980545043945312;-5.954999923706055;-5.985000133514404;-5.99399995803833;-17.93400001525879;257.20001220703125;255.39999389648438;254.3000030517578;443.8999938964844;441.3999938964844;442.8999938964844;-4572.89990234375;-1525.300048828125;-1525.9000244140625;-1522.0999755859375;-33.400001525878906;-64.5999984741211;20.100000381469727;11.0;4575.5;1527.300048828125;1526.0;1522.199951171875;1.0;-0.9990000128746033;1.0;1.0;49.900001525878906;MPPT;49.96818542480469;6.135517120361328;6.127291679382324;6.138918876647949;256.5280456542969;254.7510528564453;253.84457397460938;442.48291015625;439.7646484375;442.6335144042969;4694.107421875;-31.178438186645508;4694.2109375;99.99779510498047;242805.265625;4834.51806640625;2016-07-14 08:15:00;4860.184212854832;611.9326429884835;7.942351610986538;171.42915265270696;57;-4591.551375945029;-4762.980528597735
2026-04-24 19:26:36;6.058408737182617;6.0724263191223145;6.196744441986084;235.29454040527344;236.5387725830078;236.84463500976562;408.6265869140625;409.97454833984375;408.9014587402344;1427.2086181640625;1434.8116455078125;1467.1170654296875;-1427.6129150390625;-1428.292724609375;-1467.3922119140625;64.99116516113281;141.63681030273438;109.97099304199219;1.0;0.995818555355072;0.9985677003860474;49.96628189086914;4331.7578125;-4324.314453125;314.32830810546875;0.9984170794487;-6.196000099182129;-6.228000164031982;-6.235000133514404;-18.659000396728516;257.3999938964844;255.5;254.5;444.1000061035156;441.6000061035156;443.29998779296875;-4764.2001953125;-1589.5999755859375;-1589.0999755859375;-1585.4000244140625;-50.400001525878906;-69.9000015258789;13.100000381469727;3.0999999046325684;4759.89990234375;1589.0999755859375;1587.0;1583.699951171875;1.0;-0.9990000128746033;1.0;1.0;49.900001525878906;MPPT;49.97027587890625;6.317288875579834;6.309099197387695;6.32112979888916;256.6506652832031;254.82049560546875;253.99252319335938;442.6602478027344;440.1161193847656;443.050537109375;4834.4755859375;4.441761493682861;4834.4775390625;-99.99996185302734;242805.265625;4977.04248046875;2016-07-14 08:30:00;5006.051944886399;612.9216052809853;8.167524038561904;123.8065531083867;41;-4782.124352880284;-4905.930905988671
2026-04-24 19:27:03;6.213660717010498;6.218443393707275;6.344944953918457;235.19161987304688;236.35809326171875;236.85191345214844;408.2853698730469;409.81451416015625;408.7801208496094;1464.4718017578125;1470.5997314453125;1504.1270751953125;-1463.069580078125;-1465.467041015625;-1502.5318603515625;65.74114227294922;139.03944396972656;108.26830291748047;1.0;0.9959026575088501;0.9988747835159302;49.94682312011719;4439.369140625;-4431.7548828125;319.9404296875;0.9985215663909912;-6.35699987411499;-6.392000198364258;-6.3979997634887695;-19.14699935913086;256.8999938964844;255.0;254.0;443.29998779296875;440.79998779296875;442.3999938964844;-4879.5;-1627.800048828125;-1627.5999755859375;-1624.0999755859375;-50.70000076293945;-69.4000015258789;14.199999809265137;4.400000095367432;4881.39990234375;1629.5;1627.5999755859375;1624.0999755859375;1.0;-0.9990000128746033;1.0;1.0;49.900001525878906;MPPT;49.95933532714844;6.510043144226074;6.50173282623291;6.513390064239502;256.420166015625;254.65301513671875;253.8176727294922;442.224853515625;439.8785705566406;442.729736328125;4978.05078125;-12.704558372497559;4978.06689453125;99.99967956542969;242805.265625;5126.2265625;2016-07-14 08:45:00;5151.934702436305;613.9106694443454;8.391994078062456;152.38146902462842;50;-4896.514539362951;-5048.896008387579
2026-04-24 19:27:31;6.148468017578125;6.156074523925781;6.279524803161621;235.15542602539062;236.323486328125;236.6288299560547;408.3418884277344;409.6859130859375;408.63299560546875;1448.60498046875;1455.849853515625;1487.6279296875;-1448.76611328125;-1450.4110107421875;-1488.6387939453125;59.370262145996094;135.1967010498047;108.14680480957031;1.0;0.9960082173347473;0.9999502301216125;49.93709945678711;4365.3427734375;-4348.44140625;312.28961181640625;0.9985606074333191;-6.228000164031982;-6.258999824523926;-6.26800012588501;-18.7549991607666;257.3999938964844;255.5;254.60000610351562;444.1000061035156;441.70001220703125;443.3999938964844;-4796.60009765625;-1599.9000244140625;-1596.9000244140625;-1594.5;-53.29999923706055;-70.19999694824219;13.399999618530273;3.4000000953674316;4790.7001953125;1599.199951171875;1596.9000244140625;1594.5;1.0;-0.9990000128746033;1.0;1.0;49.900001525878906;MPPT;49.9520378112793;6.577046871185303;6.568352222442627;6.580933570861816;256.79046630859375;254.93051147460938;254.1711883544922;442.7972106933594;440.3558349609375;443.4129943847656;5035.8017578125;-29.561641693115234;5035.888671875;99.99827575683594;242805.265625;5187.7119140625;2016-07-14 09:00:00;5297.802434467871;614.8996317368471;8.615718990599627;342.8583053054139;114;-4848.988080473099;-5191.846385778513
2026-04-24 19:28:00;6.203568458557129;6.233286380767822;6.368578910827637;234.15223693847656;237.05899047851562;237.04734802246094;408.585693359375;410.335693359375;409.1755065917969;1419.6884765625;1419.3472900390625;1449.461669921875;-1410.2884521484375;-1411.4713134765625;-1448.1820068359375;62.80034637451172;138.6347198486328;108.2511978149414;1.0;0.9956517815589905;0.9994558691978455;49.970027923583984;4312.46875;-4305.1240234375;310.7779541015625;0.9985569715499878;-6.170000076293945;-6.198999881744385;-6.206999778747559;-18.576000213623047;257.5;255.6999969482422;254.60000610351562;444.29998779296875;441.8999938964844;443.3999938964844;-4745.2998046875;-1582.5999755859375;-1583.0999755859375;-1579.5;-50.900001525878906;-70.30000305175781;14.5;4.099999904632568;4740.89990234375;1582.0;1581.300048828125;1577.5;1.0;-0.9990000128746033;1.0;1.0;49.900001525878906;MPPT;49.97723388671875;6.45613431930542;6.447754383087158;6.460014820098877;256.64776611328125;254.97833251953125;254.10134887695312;442.7276306152344;440.4251708984375;443.1301574707031;4942.31787109375;-12.428457260131836;4942.33349609375;99.99968719482422;242805.265625;5059.828125;2016-07-14 09:15:00;5754.878702329456;617.9985432467262;9.312123410672688;238.09265487685795;79;-4951.209209083803;-5189.301863960661
2026-04-24 19:28:28;6.234563827514648;6.244765281677246;6.371347427368164;235.24319458007812;236.38619995117188;236.75399780273438;408.32989501953125;409.7329406738281;408.72833251953125;1485.3466796875;1491.549560546875;1524.486572265625;-1478.0830078125;-1480.3760986328125;-1512.637939453125;61.8919563293457;137.99688720703125;107.84620666503906;1.0;0.9955762624740601;0.9988487362861633;49.955055236816406;4475.35693359375;-4466.96875;322.668212890625;0.9983493089675903;-6.388000011444092;-6.422999858856201;-6.434000015258789;-19.2450008392334;257.3999938964844;255.5;254.5;444.1000061035156;441.6000061035156;443.29998779296875;-4923.10009765625;-1642.0999755859375;-1639.0999755859375;-1635.9000244140625;-51.0;-70.30000305175781;14.5;4.699999809265137;4915.7001953125;1640.5;1639.199951171875;1635.9000244140625;1.0;-0.9990000128746033;1.0;1.0;49.900001525878906;MPPT;49.965415954589844;6.706392765045166;6.697872638702393;6.710307598114014;256.7854919433594;255.00384521484375;254.17941284179688;442.90447998046875;440.34173583984375;443.2431335449219;5109.06787109375;-12.76474666595459;5109.083984375;99.99968719482422;242805.265625;5248.7392578125;2016-07-14 09:30:00;6211.939944672703;621.0973528857468;10.001555981217349;295.23570576109364;98;-4825.744377317567;-5120.980083078661
2026-04-24 19:28:54;6.181936740875244;6.174432754516602;6.300882816314697;235.28128051757812;236.5264129638672;236.81118774414062;408.5860595703125;409.87689208984375;408.8330078125;1446.8511962890625;1453.228515625;1478.9808349609375;-1440.2900390625;-1441.4627685546875;-1478.2686767578125;70.10294342041016;145.6796112060547;113.63780212402344;1.0;0.995624303817749;0.9997791051864624;49.9790153503418;4415.4619140625;-4409.1142578125;328.85498046875;0.998337984085083;-6.333000183105469;-6.36899995803833;-6.375;-19.07699966430664;257.3999938964844;255.1999969482422;254.60000610351562;443.8999938964844;441.3999938964844;443.3999938964844;-4807.89990234375;-1604.0;-1622.699951171875;-1621.5;-45.400001525878906;-69.69999694824219;17.700000762939453;6.5;4870.89990234375;1626.4000244140625;1622.800048828125;1621.5;1.0;-0.9990000128746033;1.0;1.0;49.900001525878906;MPPT;49.986087799072266;6.652008056640625;6.643123149871826;6.655829429626465;256.77191162109375;254.98841857910156;254.1790771484375;442.8983459472656;440.46014404296875;443.29022216796875;5093.611328125;-13.327454566955566;5093.62890625;99.9996566772461;242805.265625;5226.07763671875;2016-07-14 09:45:00;6669.016212534288;624.1962643956257;10.684165530839122;257.14033850493655;85;-4826.975394766186;-5084.115733271122
2026-04-24 19:29:22;6.045409202575684;6.066169738769531;6.1920976638793945;235.34954833984375;236.5967559814453;237.0193634033203;408.7408142089844;410.1022033691406;409.06597900390625;1428.55126953125;1436.115966796875;1470.3172607421875;-1430.5213623046875;-1435.181640625;-1472.6419677734375;58.79080581665039;133.38894653320312;102.60710144042969;1.0;0.9966751337051392;0.9997133612632751;49.95954513549805;4288.4912109375;-4282.56640625;295.85528564453125;0.9985156059265137;-6.131999969482422;-6.158999919891357;-6.168000221252441;-18.458999633789062;257.6000061035156;255.6999969482422;254.6999969482422;444.5;442.0;443.6000061035156;-4714.7001953125;-1572.5999755859375;-1572.5999755859375;-1569.4000244140625;-69.80000305175781;-77.5;7.699999809265137;0.0;4716.60009765625;1580.4000244140625;1578.5999755859375;1575.4000244140625;1.0;-0.9990000128746033;1.0;1.0;49.900001525878906;MPPT;49.969058990478516;6.303815841674805;6.295200347900391;6.307516574859619;256.9535827636719;255.18992614746094;254.2698211669922;443.22039794921875;440.6814270019531;443.5700988769531;4830.0048828125;4.238979816436768;4830.0068359375;-99.99996185302734;242805.265625;4967.5400390625;2016-07-14 10:00:00;7126.092480395872;627.2951759055046;11.36003073849454;180.94960399262234;60;-4652.214334667971;-4833.163938660594
2026-04-24 19:29:50;6.165345191955566;6.124083995819092;6.248735427856445;235.5562744140625;236.5965118408203;237.01220703125;408.78271484375;410.111328125;409.20556640625;1423.56689453125;1430.3392333984375;1462.788818359375;-1423.34423828125;-1424.529052734375;-1464.40185546875;66.83499145507812;142.3734588623047;111.7493667602539;1.0;0.9959523677825928;0.9986661672592163;49.9730224609375;4370.85888671875;-4356.025390625;315.5794982910156;0.9986011385917664;-6.239999771118164;-6.250999927520752;-6.26200008392334;-18.731000900268555;257.70001220703125;255.60000610351562;254.6999969482422;444.5;441.8999938964844;443.70001220703125;-4803.2998046875;-1602.800048828125;-1601.5;-1592.699951171875;-50.79999923706055;-70.30000305175781;15.300000190734863;4.199999809265137;4786.7001953125;1598.4000244140625;1595.4000244140625;1592.699951171875;1.0;-0.9990000128746033;1.0;1.0;49.900001525878906;MPPT;49.9848747253418;6.359691619873047;6.351171970367432;6.364220142364502;256.91064453125;254.97232055664062;254.2112579345703;442.9977722167969;440.40478515625;443.51617431640625;4870.89208984375;-22.068103790283203;4870.94189453125;99.99897766113281;242805.265625;4997.7392578125;2016-07-14 10:15:00;6679.098335339519;624.2646197415536;10.699146041793421;152.38146902462842;50;-5101.106822840244;-5253.488291864872
2026-04-24 19:30:16;6.209808826446533;6.222171306610107;6.336466312408447;235.35296630859375;236.53274536132812;236.85203552246094;408.68060302734375;409.9414367675781;408.9461975097656;1452.52587890625;1460.4835205078125;1492.145751953125;-1450.8067626953125;-1454.493896484375;-1493.60595703125;73.2982177734375;148.2754364013672;116.0028076171875;1.0;0.9960951209068298;0.9991092085838318;50.00149917602539;4392.83935546875;-4383.52978515625;317.3695983886719;0.9983410835266113;-6.2729997634887695;-6.302000045776367;-6.314000129699707;-18.888999938964844;257.5;255.60000610351562;254.60000610351562;444.29998779296875;441.79998779296875;443.3999938964844;-4836.7001953125;-1613.4000244140625;-1608.800048828125;-1606.0;-50.099998474121094;-69.5;14.800000190734863;4.400000095367432;4825.7001953125;1610.800048828125;1608.800048828125;1606.0;1.0;-0.9990000128746033;1.0;1.0;50.0;MPPT;50.012847900390625;6.489710807800293;6.480884552001953;6.493110656738281;256.8053283691406;254.950927734375;254.20379638671875;442.9124450683594;440.3778381347656;443.3956604003906;4969.3251953125;-12.586791038513184;4969.34130859375;99.99967193603516;242805.265625;5085.9833984375;2016-07-14 10:30:00;6232.104190283165;621.2340635776027;10.031813378669744;171.42915265270696;57;-4918.602125653535;-5090.031278306242
2026-04-24 19:30:43;6.156768798828125;6.171025276184082;6.307197570800781;235.3101043701172;236.5199737548828;236.83273315429688;408.63330078125;409.9246520996094;408.87139892578125;1453.2901611328125;1470.3614501953125;1503.4886474609375;-1466.8704833984375;-1467.4794921875;-1505.1204833984375;73.62791442871094;148.4405975341797;117.39115142822266;1.0;0.9954606890678406;0.9992099404335022;50.0262565612793;4490.296875;-4482.85009765625;324.96697998046875;0.9981438517570496;-6.418000221252441;-6.449999809265137;-6.4629998207092285;-19.33099937438965;257.5;255.5;254.5;444.20001220703125;441.6000061035156;443.3999938964844;-4939.0;-1648.0999755859375;-1645.699951171875;-1642.9000244140625;-49.5;-69.5;15.600000381469727;4.400000095367432;4937.2998046875;1648.4000244140625;1645.800048828125;1642.9000244140625;1.0;-0.9990000128746033;1.0;1.0;50.0;MPPT;50.036983489990234;6.653876781463623;6.645431995391846;6.658105850219727;256.7962341308594;254.9516143798828;254.13442993164062;442.8450622558594;440.35467529296875;443.349853515625;5094.8759765625;-13.177352905273438;5094.89306640625;99.99966430664062;242805.265625;5230.93505859375;2016-07-14 10:45:00;5785.11004522681;618.2035074136517;9.357937921494003;238.09265487685795;79;-4703.187544257036;-4941.280199133894
2026-04-24 19:31:13;6.268327713012695;6.275378227233887;6.403486251831055;235.2586212158203;236.43099975585938;236.84889221191406;408.6296691894531;409.9007568359375;408.9532470703125;1453.9405517578125;1466.2349853515625;1500.5921630859375;-1461.0364990234375;-1460.241943359375;-1510.3653564453125;71.09911346435547;146.4207000732422;117.43274688720703;1.0;0.9958270192146301;0.998940110206604;50.029258728027344;4416.1669921875;-4402.1708984375;318.43951416015625;0.9983429908752441;-6.293000221252441;-6.322999954223633;-6.334000110626221;-18.950000762939453;257.6000061035156;255.60000610351562;254.6999969482422;444.3999938964844;441.8999938964844;443.6000061035156;-4849.89990234375;-1618.300048828125;-1613.699951171875;-1611.0999755859375;-49.70000076293945;-69.69999694824219;15.399999618530273;4.5;4841.5;1616.5;1613.800048828125;1611.0999755859375;1.0;-0.9990000128746033;1.0;1.0;50.0;MPPT;50.03595733642578;6.505148887634277;6.496637344360352;6.509181499481201;256.8040771484375;254.95819091796875;254.14817810058594;442.8760681152344;440.3552551269531;443.3668518066406;4981.13427734375;-12.897150039672852;4981.15087890625;99.99966430664062;242805.265625;5129.68212890625;2016-07-14 11:00:00;5338.115900170456;615.1729512497008;8.677422974021004;209.52451990886405;69;-4815.966503500372;-5025.491023409236
2026-04-24 19:31:42;6.118886947631836;6.116326332092285;6.241551876068115;235.3877410888672;236.4790802001953;236.82904052734375;408.564208984375;409.84722900390625;409.0034484863281;1447.6558837890625;1463.0113525390625;1497.2747802734375;-1457.0137939453125;-1456.498779296875;-1498.0975341796875;66.54528045654297;142.40013122558594;113.92803955078125;1.0;0.9957839250564575;0.9994189143180847;50.0202522277832;4391.96923828125;-4393.935546875;319.5746765136719;0.9983774423599243;-6.295000076293945;-6.328000068664551;-6.335999965667725;-18.958999633789062;257.6000061035156;255.5;254.6999969482422;444.29998779296875;441.79998779296875;443.6000061035156;-4826.2998046875;-1610.4000244140625;-1614.5;-1611.800048828125;-49.79999923706055;-69.5999984741211;15.399999618530273;4.300000190734863;4843.5;1617.0;1614.5;1611.800048828125;1.0;-0.9990000128746033;1.0;1.0;50.0;MPPT;50.03352355957031;6.476526260375977;6.468018531799316;6.480940341949463;256.9324035644531;254.9582061767578;254.23318481445312;442.9849548339844;440.415771484375;443.5643005371094;4960.64111328125;-13.761695861816406;4960.66015625;99.99961853027344;242805.265625;5112.3662109375;2016-07-14 11:15:00;5374.357450403268;615.4186637599515;8.73284768058249;190.4768362807855;63;-4809.0079031610585;-4999.484739441844
2026-04-24 19:32:11;6.079931259155273;6.0625;6.1876068115234375;235.50631713867188;236.67111206054688;237.01132202148438;408.8265380859375;410.05853271484375;409.1637878417969;1432.4881591796875;1439.58154296875;1474.9088134765625;-1434.35546875;-1431.2874755859375;-1469.0118408203125;69.14168548583984;144.80337524414062;111.21642303466797;1.0;0.9958637356758118;0.9995611906051636;50.04277420043945;4333.599609375;-4307.4326171875;307.58892822265625;0.9984875917434692;-6.164000034332275;-6.197000026702881;-6.206999778747559;-18.56800079345703;257.70001220703125;255.6999969482422;254.6999969482422;444.5;442.0;443.6000061035156;-4744.60009765625;-1583.300048828125;-1582.0;-1579.300048828125;-52.20000076293945;-70.9000015258789;14.300000190734863;0.0;4735.0;1580.800048828125;1578.300048828125;1575.9000244140625;1.0;-0.9990000128746033;1.0;1.0;50.0;MPPT;50.04632568359375;6.336363792419434;6.327638626098633;6.340234279632568;256.797607421875;255.0281524658203;254.1790771484375;442.91656494140625;440.4911193847656;443.34796142578125;4872.35546875;10.614380836486816;4872.3671875;-99.999755859375;242805.265625;4984.7900390625;2016-07-14 11:30:00;5410.599000636081;615.6643762702023;8.788228146988777;171.42915265270696;57;-4580.653119199731;-4752.082271852438
2026-04-24 19:32:46;6.102307319641113;6.0924553871154785;6.217313766479492;235.35032653808594;236.56309509277344;236.91738891601562;408.6148986816406;409.96630859375;409.0186462402344;1434.7359619140625;1452.60205078125;1487.07421875;-1445.165771484375;-1444.7230224609375;-1485.69384765625;66.53113555908203;142.25250244140625;110.79253387451172;1.0;0.9964269399642944;0.999479353427887;50.04051971435547;4383.73779296875;-4372.2470703125;332.1946105957031;0.9981234669685364;-6.302999973297119;-6.334000110626221;-6.3460001945495605;-18.982999801635742;257.3999938964844;255.1999969482422;254.6999969482422;443.8999938964844;441.5;443.3999938964844;-4808.60009765625;-1604.0;-1615.4000244140625;-1614.0999755859375;-37.099998474121094;-67.0999984741211;20.700000762939453;9.199999809265137;4848.39990234375;1618.5999755859375;1615.5;1614.199951171875;1.0;-0.9990000128746033;1.0;1.0;50.0;MPPT;50.055416107177734;6.575440883636475;6.5666608810424805;6.57912540435791;256.732177734375;255.0133819580078;254.1593780517578;442.885498046875;440.48236083984375;443.220458984375;5034.708984375;-19.867691040039062;5034.748046875;99.99922180175781;242805.265625;5185.54296875;2016-07-14 11:45:00;5446.840550868892;615.9100887804531;8.84356442618765;199.9972876207009;66;-4736.428847456334;-4936.426135077035
2026-04-24 19:33:18;6.206292152404785;6.238381862640381;6.366388320922852;235.19520568847656;236.42662048339844;236.87322998046875;408.45263671875;409.9866943359375;408.8172302246094;1469.064208984375;1479.2843017578125;1514.248291015625;-1471.64453125;-1473.3875732421875;-1515.16845703125;68.138427734375;143.63092041015625;112.52550506591797;1.0;0.9962244033813477;0.9995144009590149;50.036766052246094;4352.890625;-4346.59765625;306.9819641113281;0.9986532330513;-6.2129998207092285;-6.243000030517578;-6.254000186920166;-18.709999084472656;257.5;255.60000610351562;254.6999969482422;444.29998779296875;441.8999938964844;443.5;-4812.2998046875;-1605.4000244140625;-1593.0;-1590.5999755859375;-49.599998474121094;-70.0;15.100000381469727;5.199999809265137;4779.0;1595.199951171875;1593.0999755859375;1590.5999755859375;1.0;-0.9990000128746033;1.0;1.0;50.0;MPPT;50.04157638549805;6.430906295776367;6.422423839569092;6.4350361824035645;256.8052978515625;254.94248962402344;254.24880981445312;442.8102722167969;440.48492431640625;443.4503479003906;4924.82177734375;6.3727593421936035;4924.82568359375;-99.99992370605469;242805.265625;5033.12548828125;2016-07-14 12:00:00;5483.067075583365;616.1556994198454;8.898833656405458;209.52451990886405;69;-4732.817160203291;-4942.341680112155
2026-04-24 19:33:46;6.120650291442871;6.1266069412231445;6.25376558303833;235.17942810058594;236.4806365966797;236.7796173095703;408.459716796875;409.7658996582031;408.7001953125;1443.5457763671875;1450.893798828125;1483.541259765625;-1442.18310546875;-1443.6380615234375;-1475.5703125;67.40034484863281;144.64788818359375;114.5995864868164;1.0;0.9953853487968445;0.9987934827804565;50.03751754760742;4340.6162109375;-4332.76806640625;333.3262939453125;0.9980103373527527;-6.205999851226807;-6.23799991607666;-6.250999927520752;-18.69499969482422;257.5;255.5;254.60000610351562;444.20001220703125;441.70001220703125;443.3999938964844;-4774.7001953125;-1592.800048828125;-1591.5999755859375;-1589.0999755859375;-28.799999237060547;-63.099998474121094;22.5;11.699999809265137;4774.89990234375;1593.800048828125;1591.800048828125;1589.0999755859375;1.0;-0.9990000128746033;1.0;1.0;50.0;MPPT;50.044471740722656;6.620852470397949;6.6125898361206055;6.624912738800049;256.8127746582031;254.93173217773438;254.13792419433594;442.8876037597656;440.275146484375;443.3902893066406;5069.5478515625;-27.976333618164062;5069.625;99.99848175048828;242805.265625;5199.50341796875;2016-07-14 12:15:00;5720.1096528938315;617.76281408059;9.259394580761569;352.3787566453293;117;-4727.4689385257225;-5079.847695171052
2026-04-24 19:34:15;6.243232727050781;6.243396282196045;6.372317314147949;235.21218872070312;236.32408142089844;236.75111389160156;408.380126953125;409.74310302734375;408.774658203125;1468.2757568359375;1475.70703125;1515.3746337890625;-1475.53857421875;-1476.6932373046875;-1509.7984619140625;64.701416015625;143.508056640625;111.31098937988281;1.0;0.9952440857887268;0.9994363188743591;50.0262565612793;4480.2216796875;-4471.888671875;328.1571960449219;0.9985162615776062;-6.40500020980835;-6.435999870300293;-6.451000213623047;-19.29199981689453;257.5;255.5;254.5;444.1000061035156;441.5;443.3999938964844;-4924.7001953125;-1643.5;-1642.199951171875;-1638.9000244140625;-41.400001525878906;-67.5;18.899999618530273;7.199999809265137;4926.2001953125;1645.5;1642.4000244140625;1639.5;1.0;-0.9990000128746033;1.0;1.0;50.0;MPPT;50.03681945800781;6.826686382293701;6.817881107330322;6.830352783203125;256.8016052246094;254.81211853027344;254.03192138671875;442.8361511230469;440.0202941894531;443.2858581542969;5225.38525390625;-13.487775802612305;5225.40234375;99.99967193603516;242805.265625;5346.5888671875;2016-07-14 12:30:00;5957.152230204297;619.3699287413347;9.618084368917048;323.81062167733535;107;-4744.117526675309;-5067.928148352644
2026-04-24 19:34:45;6.257626533508301;6.29173469543457;6.437661170959473;235.2253875732422;236.2412872314453;236.77786254882812;408.27166748046875;409.5939636230469;408.7231750488281;1487.083740234375;1489.5240478515625;1522.3839111328125;-1478.9315185546875;-1479.5440673828125;-1516.8306884765625;61.64704132080078;137.8034210205078;104.94254302978516;1.0;0.9959498047828674;0.9991629123687744;50.01350021362305;4472.96337890625;-4466.59375;303.7430725097656;0.9985948204994202;-6.4039998054504395;-6.435999870300293;-6.447000026702881;-19.17799949645996;257.5;255.5;254.60000610351562;444.20001220703125;441.70001220703125;443.3999938964844;-4925.5;-1643.800048828125;-1642.0999755859375;-1639.5;-65.5;-75.69999694824219;10.100000381469727;0.0;4898.89990234375;1636.199951171875;1632.5;1630.0999755859375;1.0;-0.9990000128746033;1.0;1.0;50.0;MPPT;50.01527786254883;6.676928520202637;6.668181896209717;6.68124532699585;256.8902587890625;254.87191772460938;254.14675903320312;442.991943359375;440.0875244140625;443.5191345214844;5112.666015625;7.393557548522949;5112.67138671875;-99.99989318847656;242805.265625;5244.796875;2016-07-14 12:45:00;6194.179781996424;620.9769415312209;9.974894988407552;285.7152544211783;95;-4771.918739861019;-5057.633994282198
2026-04-24 19:35:15;6.078832149505615;6.098885536193848;6.226877212524414;235.37937927246094;236.5279541015625;236.98472595214844;408.4635925292969;410.0237121582031;409.02349853515625;1419.065673828125;1426.672607421875;1450.2730712890625;-1412.09765625;-1413.177734375;-1450.4813232421875;61.85270690917969;138.40884399414062;108.6844253540039;1.0;0.9959538578987122;0.9996334910392761;50.0202522277832;4332.9638671875;-4302.955078125;320.6697082519531;0.9984917640686035;-6.164000034332275;-6.196000099182129;-6.210999965667725;-18.570999145507812;257.5;255.60000610351562;254.5;444.29998779296875;441.70001220703125;443.3999938964844;-4740.2001953125;-1582.300048828125;-1581.199951171875;-1578.4000244140625;-41.599998474121094;-67.80000305175781;19.299999237060547;6.800000190734863;4743.5;1583.699951171875;1581.300048828125;1578.4000244140625;1.0;-0.9990000128746033;1.0;1.0;50.0;MPPT;50.02743911743164;6.745444297790527;6.7364349365234375;6.749419212341309;256.7857666015625;254.9762420654297;254.12608337402344;442.9703063964844;440.2357482910156;443.3553771972656;5164.830078125;-12.168197631835938;5164.84423828125;99.99972534179688;242805.265625;5288.2392578125;2016-07-14 13:00:00;6431.22235930689;622.5840561919655;10.329886053689606;447.61717478572206;149;-4681.688899716172;-5129.306074501895
2026-04-24 19:35:49;6.0501627922058105;6.050568103790283;6.139895915985107;235.32601928710938;236.50137329101562;236.80007934570312;408.36279296875;409.7283020019531;409.0447998046875;1422.2867431640625;1429.45703125;1457.3565673828125;-1417.8807373046875;-1420.773193359375;-1458.8839111328125;66.96932220458984;142.8317413330078;110.13935089111328;1.0;0.9960864186286926;0.9993019700050354;50.0202522277832;4351.8369140625;-4330.3642578125;307.3154602050781;0.9981085062026978;-6.198999881744385;-6.230999946594238;-6.243000030517578;-18.67300033569336;257.3999938964844;255.39999389648438;254.39999389648438;444.0;441.5;443.20001220703125;-4763.60009765625;-1589.699951171875;-1588.9000244140625;-1586.4000244140625;-59.599998474121094;-73.4000015258789;13.699999809265137;0.0;4767.5;1592.0;1589.0;1586.4000244140625;1.0;-0.9990000128746033;1.0;1.0;50.0;MPPT;50.02790451049805;6.681396484375;6.672616004943848;6.6856255531311035;256.8264465332031;254.9384765625;254.14431762695312;443.0064697265625;440.1408996582031;443.4526672363281;5116.13427734375;-11.286985397338867;5116.14697265625;99.99974822998047;242805.265625;5252.4794921875;2016-07-14 13:15:00;5704.227680009883;617.6551365833533;9.235295462065814;390.47412390148645;130;-4693.763237398374;-5084.237361299861
2026-04-24 19:36:20;5.727734088897705;5.740001201629639;5.860040187835693;235.27735900878906;236.5685272216797;236.99386596679688;408.75457763671875;409.96044921875;408.9962158203125;1351.626953125;1358.5306396484375;1389.33447265625;-1351.3934326171875;-1352.0635986328125;-1387.765869140625;54.349369049072266;130.6754608154297;98.22708892822266;1.0;0.9957559108734131;0.999390721321106;49.99325180053711;4097.875;-4089.76171875;280.8717041015625;0.9983688592910767;-5.861999988555908;-5.888999938964844;-5.9019999504089355;-17.652999877929688;257.3999938964844;255.39999389648438;254.60000610351562;444.0;441.6000061035156;443.3999938964844;-4504.2998046875;-1503.0;-1501.800048828125;-1500.0999755859375;-65.5999984741211;-76.5;10.800000190734863;0.0;4507.2998046875;1505.300048828125;1501.9000244140625;1500.0999755859375;1.0;-0.9990000128746033;1.0;1.0;49.900001525878906;MPPT;50.00221252441406;6.278332233428955;6.270471572875977;6.282827854156494;256.6839599609375;254.82693481445312;253.9597930908203;442.7962951660156;439.8824462890625;443.1618957519531;4804.98828125;3.426583766937256;4804.9892578125;-99.9999771118164;242805.265625;4948.93408203125;2016-07-14 13:30:00;4977.2480262312165;612.7263188455994;8.123117733229655;352.3787566453293;117;-4525.324309061263;-4877.7030657065925
2026-04-24 19:36:53;4.7877278327941895;4.80329704284668;4.90170431137085;235.2407989501953;236.24404907226562;237.00836181640625;408.4255676269531;409.9385681152344;408.907958984375;1126.202392578125;1135.47021484375;1162.43310546875;-1127.402587890625;-1129.2830810546875;-1160.9034423828125;49.44990158081055;124.62564849853516;96.40695190429688;1.0;0.9937967658042908;0.9979274868965149;50.00299835205078;3425.10546875;-3416.271240234375;265.132568359375;0.9977802038192749;-4.934999942779541;-4.958000183105469;-4.9679999351501465;-14.861000061035156;256.6000061035156;254.5;253.6999969482422;442.6000061035156;440.1000061035156;442.1000061035156;-3777.699951171875;-1260.0;-1259.0999755859375;-1258.5;-36.29999923706055;-65.5999984741211;19.799999237060547;9.399999618530273;3779.60009765625;1261.699951171875;1259.300048828125;1258.0999755859375;1.0;-0.9980000257492065;1.0;1.0;50.0;MPPT;50.011627197265625;5.380060195922852;5.37245512008667;5.3839592933654785;255.73605346679688;253.37269592285156;253.13128662109375;440.8074035644531;437.86492919921875;441.5709533691406;4099.93017578125;-10.5698823928833;4099.94384765625;99.99966430664062;242805.265625;4225.9384765625;2016-07-14 13:45:00;4250.268372452549;607.7975011078456;6.992902018691247;371.4264402734078;123;-3793.83656473009;-4165.263005003498
2026-04-24 19:37:24;3.9325814247131348;3.9450368881225586;4.042133808135986;235.0895538330078;236.07542419433594;236.433349609375;408.0284118652344;409.2874755859375;408.3907775878906;923.79443359375;931.0160522460938;954.8944702148438;-923.20556640625;-924.689208984375;-953.3834228515625;32.844173431396484;107.90843200683594;84.71942901611328;0.9994934797286987;0.9930345416069031;0.9979135990142822;49.97227478027344;2810.45556640625;-2800.643798828125;233.95449829101562;0.9957642555236816;-4.079999923706055;-4.09499979019165;-4.110000133514404;-12.28499984741211;255.89999389648438;253.8000030517578;252.89999389648438;441.3999938964844;438.79998779296875;440.6000061035156;-3111.699951171875;-1037.699951171875;-1036.5999755859375;-1036.5999755859375;-27.700000762939453;-62.400001525878906;21.5;13.100000381469727;3112.300048828125;1038.699951171875;1036.800048828125;1036.699951171875;1.0;-0.9980000257492065;1.0;1.0;49.900001525878906;MPPT;49.986087799072266;4.4622483253479;4.454195022583008;4.465914249420166;255.11392211914062;253.06704711914062;252.3300323486328;439.91241455078125;436.9265441894531;440.4122314453125;3392.337646484375;-10.437114715576172;3392.353759765625;99.99952697753906;242805.265625;3500.88427734375;2016-07-14 14:00:00;3523.2736931555423;602.8685814992334;5.844181968139307;323.81062167733535;107;-3128.997597615096;-3452.808219292431
2026-04-24 19:37:57;3.779409885406494;3.8002870082855225;3.8895270824432373;235.32147216796875;236.1334686279297;236.84674072265625;408.5723876953125;409.6893615722656;408.74481201171875;890.514892578125;897.9569091796875;920.9644775390625;-889.9697265625;-890.63916015625;-917.978759765625;32.19596862792969;107.54275512695312;82.52705383300781;0.9998299479484558;0.9926322102546692;0.9976213574409485;49.99325180053711;2705.161865234375;-2696.93798828125;190.07969665527344;0.9974647760391235;-3.930000066757202;-3.938999891281128;-3.9539999961853027;-11.822999954223633;256.20001220703125;254.0;253.1999969482422;441.79998779296875;439.20001220703125;441.1000061035156;-2998.10009765625;-999.5999755859375;-999.2000122070312;-999.4000244140625;-67.4000015258789;-75.69999694824219;8.300000190734863;0.0;3001.10009765625;1002.4000244140625;999.2000122070312;999.4000244140625;1.0;-0.996999979019165;1.0;1.0;50.0;MPPT;50.00029754638672;4.172920227050781;4.164816379547119;4.176247596740723;255.50741577148438;253.33934020996094;252.7265167236328;440.4467468261719;437.4836730957031;441.15802001953125;3176.5986328125;9.367591857910156;3176.612548828125;-99.99956512451172;242805.265625;3280.9326171875;2016-07-14 14:15:00;3295.0510951098618;601.3212650323185;5.479684964962559;209.52451990886405;69;-3019.6255532988002;-3229.1500732076643
2026-04-24 19:38:27;3.5255045890808105;3.5407907962799072;3.6236753463745117;235.38829040527344;236.28941345214844;236.63954162597656;408.29168701171875;409.4576721191406;408.6268615722656;830.2603759765625;837.3518676757812;859.4119262695312;-829.8102416992188;-827.2700805664062;-853.1661376953125;22.51515007019043;98.00112915039062;74.80027770996094;0.9993633031845093;0.9929448366165161;0.9967963695526123;49.99250411987305;2527.0810546875;-2521.101806640625;180.44290161132812;0.9966915845870972;-3.690999984741211;-3.694999933242798;-3.7130000591278076;-11.098999977111816;255.6999969482422;253.5;252.60000610351562;440.8999938964844;438.20001220703125;440.20001220703125;-2801.0;-933.9000244140625;-934.7999877929688;-934.7999877929688;-63.70000076293945;-74.0;10.199999809265137;0.0;2808.0;938.2000122070312;934.9000244140625;934.7999877929688;1.0;-0.996999979019165;1.0;1.0;49.900001525878906;MPPT;49.994930267333984;3.894697904586792;3.8866028785705566;3.8979907035827637;254.75146484375;252.56541442871094;251.83021545410156;439.179443359375;435.9666442871094;439.7409362792969;2955.322265625;2.0089261531829834;2955.322998046875;99.99976348876953;242805.265625;3046.958740234375;2016-07-14 14:30:00;3066.8284970641807;599.7739485654037;5.11330727918362;180.94960399262234;60;-2824.5423231302743;-3005.491927122897
2026-04-24 19:38:57;3.211074113845825;3.236924409866333;3.318211078643799;235.24720764160156;236.26087951660156;236.59469604492188;408.1366882324219;409.364990234375;408.4455261230469;756.893798828125;763.7247314453125;783.9195556640625;-755.7816162109375;-757.62744140625;-782.0927734375;14.134495735168457;88.30311584472656;64.68429565429688;0.9980826377868652;0.9922869801521301;0.9978339076042175;49.97377395629883;2305.485595703125;-2297.5224609375;164.50457763671875;0.9961993098258972;-3.371999979019165;-3.374000072479248;-3.390000104904175;-10.13599967956543;255.5;253.39999389648438;252.5;440.70001220703125;438.1000061035156;439.8999938964844;-2564.0;-854.5;-852.5999755859375;-853.2999877929688;-65.69999694824219;-74.5;8.800000190734863;0.0;2562.10009765625;856.0;852.7000122070312;853.4000244140625;1.0;-0.9959999918937683;1.0;1.0;49.900001525878906;MPPT;49.980010986328125;3.597846746444702;3.5900204181671143;3.60137939453125;254.6352081298828;252.63809204101562;251.77197265625;439.1476135253906;436.0594482421875;439.5030212402344;2725.80615234375;-6.58690881729126;2725.814208984375;99.99970245361328;242805.265625;2814.775634765625;2016-07-14 14:45:00;2838.6058990184997;598.2266320984887;4.745034317614879;199.9972876207009;66;-2581.8364934174288;-2781.8337810381295
2026-04-24 19:39:26;2.8568947315216064;2.880112409591675;2.9544928073883057;235.13978576660156;235.98663330078125;236.5192108154297;407.8966064453125;409.2571716308594;408.5430603027344;672.0050659179688;678.6713256835938;699.3268432617188;-671.768310546875;-673.9362182617188;-696.3114624023438;12.929479598999023;86.15814971923828;66.09917449951172;0.9976255297660828;0.9905412197113037;0.9962869882583618;49.971527099609375;2053.845703125;-2042.5372314453125;144.35470581054688;0.9939643144607544;-3.0260000228881836;-3.0239999294281006;-3.0380001068115234;-9.088000297546387;255.3000030517578;253.1999969482422;252.5;440.29998779296875;437.8999938964844;439.70001220703125;-2288.60009765625;-762.4000244140625;-762.2999877929688;-763.7999877929688;-65.4000015258789;-74.19999694824219;8.800000190734863;0.0;2292.300048828125;766.0;762.5999755859375;763.5999755859375;1.0;-0.9950000047683716;1.0;1.0;49.900001525878906;MPPT;49.978790283203125;3.307560443878174;3.2998664379119873;3.3112576007843018;254.5689239501953;252.51185607910156;251.8200225830078;438.90325927734375;435.9836120605469;439.5728454589844;2508.9580078125;8.753013610839844;2508.973388671875;-99.9993896484375;242805.265625;2596.2177734375;2016-07-14 15:00:00;2610.3833009728187;596.6793156315739;4.374851335695753;247.61988716502117;82;-2310.555747788341;-2558.175634953362
2026-04-24 19:39:58;2.7407429218292236;2.7580134868621826;2.830388307571411;235.3662109375;236.3103790283203;236.9054412841797;408.65631103515625;409.9067077636719;409.0593566894531;645.2210693359375;651.2638549804688;669.9407348632812;-641.3516235351562;-644.8049926757812;-666.960205078125;7.8177056312561035;82.8913803100586;64.08272552490234;0.9948432445526123;0.9886559844017029;0.9956488013267517;49.95655059814453;1961.00341796875;-1949.130859375;170.83718872070312;0.993126630783081;-2.8889999389648438;-2.890000104904175;-2.9079999923706055;-8.690999984741211;255.39999389648438;253.3000030517578;252.5;440.5;438.0;439.79998779296875;-2186.10009765625;-728.0999755859375;-728.4000244140625;-729.5;-35.099998474121094;-62.70000076293945;19.899999618530273;13.899999618530273;2193.300048828125;732.0;730.0999755859375;731.0;1.0;-0.9959999918937683;1.0;1.0;49.900001525878906;MPPT;49.96663284301758;3.124952793121338;3.1174440383911133;3.1288437843322754;254.5379180908203;252.53028869628906;251.7115936279297;438.9776306152344;435.8995361328125;439.37261962890625;2370.106689453125;-22.75958251953125;2370.2158203125;99.99539947509766;242805.265625;2454.39013671875;2016-07-14 15:15:00;2465.612431779973;595.6977899117289;4.139032364288829;199.9972876207009;66;-2216.3028955236728;-2416.3001831443735
2026-04-24 19:40:33;2.6540849208831787;2.667602777481079;2.7361745834350586;235.51571655273438;236.48013305664062;236.89450073242188;408.6756286621094;409.91131591796875;408.9737854003906;623.8665771484375;630.9173583984375;648.38427734375;-621.21240234375;-625.0686645507812;-643.9166870117188;0.544630765914917;82.41641235351562;66.24687957763672;0.9940784573554993;0.9868568778038025;0.9937215447425842;49.96628189086914;1899.61181640625;-1890.1015625;151.46914672851562;0.9932597875595093;-2.7990000247955322;-2.799999952316284;-2.811000108718872;-8.40999984741211;255.5;253.60000610351562;252.60000610351562;440.79998779296875;438.29998779296875;440.0;-2122.89990234375;-706.9000244140625;-706.7000122070312;-707.5999755859375;-45.099998474121094;-68.0999984741211;14.399999618530273;8.5;2123.5;709.0;706.7999877929688;707.5999755859375;1.0;-0.9950000047683716;1.0;1.0;49.900001525878906;MPPT;49.96502685546875;2.935373544692993;2.927807331085205;2.939328670501709;254.52220153808594;252.48512268066406;251.72894287109375;438.91033935546875;435.871337890625;439.39263916015625;2226.165283203125;10.773046493530273;2226.19140625;-99.99882507324219;242805.265625;2303.074951171875;2016-07-14 15:30:00;2320.8265370687886;594.7161623210256;3.9024104003012026;123.8065531083867;41;-2150.603453219026;-2274.4100063274127
2026-04-24 19:41:04;2.411112070083618;2.436567544937134;2.5010573863983154;235.5354461669922;236.37928771972656;236.89576721191406;408.6554260253906;409.90057373046875;409.1582336425781;569.9562377929688;576.2545166015625;593.1189575195312;-566.9723510742188;-569.1316528320312;-589.7026977539062;0.0;78.68988037109375;61.261566162109375;0.994618833065033;0.9880421757698059;0.994421124458313;49.96029281616211;1739.1494140625;-1727.4156494140625;142.6671142578125;0.9910173416137695;-2.5810000896453857;-2.5789999961853027;-2.5889999866485596;-7.749000072479248;255.3000030517578;252.89999389648438;252.39999389648438;440.1000061035156;437.6000061035156;439.6000061035156;-1947.4000244140625;-648.5;-648.9000244140625;-650.7000122070312;-40.79999923706055;-67.0;15.800000190734863;10.300000190734863;1952.300048828125;652.2999877929688;649.0999755859375;650.7999877929688;1.0;-0.9950000047683716;1.0;1.0;49.900001525878906;MPPT;49.96906280517578;2.75488543510437;2.7474048137664795;2.7589006423950195;254.27462768554688;251.76161193847656;251.56895446777344;438.1596374511719;434.97705078125;439.0802307128906;2086.10693359375;-16.248754501342773;2086.170166015625;99.9969711303711;242805.265625;2162.362060546875;2016-07-14 15:45:00;2176.0556678759426;593.7346366011807;3.6650306950807514;161.9019203645438;53;-1970.6326341538797;-2132.5345545184236
2026-04-24 19:41:33;1.961383581161499;1.97008216381073;2.02191162109375;235.49888610839844;236.28468322753906;236.94918823242188;408.38763427734375;409.69970703125;409.0050048828125;460.0965270996094;463.8800964355469;478.87957763671875;-453.5819091796875;-454.6482849121094;-472.6816711425781;-7.875952243804932;64.30847930908203;48.95807647705078;0.986973762512207;0.9842321276664734;0.9918415546417236;49.94009017944336;1405.88623046875;-1387.7178955078125;111.9964599609375;0.9873726963996887;-2.117000102996826;-2.1040000915527344;-2.117000102996826;-6.3379998207092285;254.8000030517578;252.5;251.89999389648438;439.29998779296875;436.79998779296875;438.79998779296875;-1586.9000244140625;-527.7000122070312;-527.0999755859375;-529.4000244140625;-58.400001525878906;-72.69999694824219;9.199999809265137;5.0;1588.0999755859375;531.4000244140625;527.2000122070312;529.4000244140625;-0.9990000128746033;-0.9900000095367432;1.0;1.0;49.900001525878906;MPPT;49.95203399658203;2.5782036781311035;2.570549488067627;2.5819814205169678;253.77059936523438;251.5583953857422;251.0260772705078;437.4012756347656;434.44879150390625;438.2000427246094;1948.94287109375;10.765718460083008;1948.97265625;-99.99847412109375;242805.265625;2021.8826904296875;2016-07-14 16:00:00;2031.2847986830968;592.7531108813357;3.4268648470910232;380.953672561571;126;-1609.7054301478638;-1990.6591027094348
2026-04-24 19:42:07;1.7739471197128296;1.779382348060608;1.8335778713226318;235.1944580078125;236.13270568847656;236.74607849121094;408.13116455078125;409.44952392578125;408.7059020996094;419.20977783203125;422.2393798828125;435.7880859375;-412.3260192871094;-415.1654357910156;-430.6338806152344;0.0;66.0975112915039;52.6586799621582;0.9841751456260681;0.980731725692749;0.9884191155433655;49.94906997680664;1274.67724609375;-1254.3800048828125;128.51119995117188;0.9833576083183289;-1.9329999685287476;-1.9220000505447388;-1.934999942779541;-5.789999961853027;254.60000610351562;252.39999389648438;251.6999969482422;439.0;436.3999938964844;438.29998779296875;-1443.0;-479.6000061035156;-480.3999938964844;-482.79998779296875;-29.100000381469727;-62.79999923706055;18.899999618530273;14.699999809265137;1447.699951171875;483.70001220703125;480.79998779296875;482.5;1.0;-0.9919999837875366;0.9990000128746033;1.0;49.900001525878906;MPPT;49.96055221557617;2.3828794956207275;2.3754494190216064;2.386962652206421;253.5872039794922;251.3360137939453;250.82772827148438;437.1224060058594;434.0107727050781;437.8703308105469;1799.80126953125;-21.596952438354492;1799.9307861328125;99.99280548095703;242805.265625;1870.890869140625;2016-07-14 16:15:00;1879.8425993478925;591.7263545003998;3.1768782732941845;371.4264402734078;123;-1470.8193070875268;-1842.2457473609345
2026-04-24 19:42:39;1.5884785652160645;1.5953646898269653;1.6464022397994995;235.13140869140625;236.0477752685547;236.59571838378906;408.2319030761719;409.4365234375;408.6523132324219;374.2994079589844;376.3675842285156;389.24822998046875;-365.873046875;-368.9065246582031;-385.239990234375;-15.98218059539795;58.219482421875;46.47446060180664;0.9758152365684509;0.9781017899513245;0.9850617051124573;49.938594818115234;1141.282958984375;-1116.87841796875;122.3664779663086;0.9789825677871704;-1.746999979019165;-1.7280000448226929;-1.7389999628067017;-5.214000225067139;254.39999389648438;252.39999389648438;251.60000610351562;438.8999938964844;436.3999938964844;438.20001220703125;-1293.300048828125;-429.3999938964844;-430.5;-433.0;-26.899999618530273;-61.70000076293945;18.899999618530273;15.699999809265137;1297.9000244140625;433.6000061035156;430.8999938964844;433.29998779296875;1.0;-0.9890000224113464;0.9990000128746033;1.0;49.900001525878906;MPPT;49.953067779541016;2.1891517639160156;2.181947946548462;2.1931045055389404;253.3190155029297;251.37059020996094;250.60789489746094;436.79705810546875;433.97467041015625;437.4451599121094;1652.457275390625;-11.690021514892578;1652.4986572265625;99.99749755859375;242805.265625;1721.5823974609375;2016-07-14 16:30:00;1728.4154255310268;590.6996999903223;2.926047576390075;371.4264402734078;123;-1322.4206767469987;-1693.8471170204064
2026-04-24 19:43:10;1.4290510416030884;1.4335027933120728;1.4817551374435425;235.2077178955078;236.16502380371094;236.61851501464844;408.2727355957031;409.529052734375;408.7465515136719;336.91522216796875;338.07586669921875;350.2899475097656;-327.16815185546875;-330.58526611328125;-345.857421875;-12.403923988342285;59.62649917602539;48.96099853515625;0.9709222316741943;0.9735689759254456;0.9830321073532104;49.95804977416992;1026.345458984375;-1003.1713256835938;99.59286499023438;0.9749859571456909;-1.5880000591278076;-1.569000005722046;-1.5820000171661377;-4.738999843597412;254.3000030517578;252.10000610351562;251.39999389648438;438.5;436.0;437.8999938964844;-1169.0999755859375;-387.8999938964844;-389.8999938964844;-392.3999938964844;-42.400001525878906;-67.0999984741211;13.899999618530273;10.699999809265137;1176.9000244140625;394.1000061035156;390.1000061035156;392.5;-0.9990000128746033;-0.9850000143051147;0.9990000128746033;1.0;49.900001525878906;MPPT;49.96231460571289;1.9967389106750488;1.9893550872802734;2.000901937484741;253.1455078125;251.06521606445312;250.44717407226562;436.4155578613281;433.5047912597656;437.1893005371094;1506.0279541015625;4.606017112731934;1506.0350341796875;-99.99952697753906;242805.265625;1571.9151611328125;2016-07-14 16:45:00;1576.9732261958225;589.6729436093864;2.6743184392066115;342.8583053054139;114;-1202.575456366492;-1545.433761671906
2026-04-24 19:43:36;1.328633427619934;1.3321319818496704;1.378610372543335;234.99383544921875;235.9860382080078;236.3788604736328;407.8898620605469;409.0826721191406;408.2986145019531;312.6009826660156;314.69378662109375;325.18865966796875;-300.6351013183594;-303.9601135253906;-318.73663330078125;-14.764358520507812;57.33816146850586;47.02734375;0.9630442261695862;0.9705832004547119;0.9800634980201721;49.96104431152344;943.072509765625;-919.0638427734375;97.94163513183594;0.9696974158287048;-1.4819999933242798;-1.4589999914169312;-1.468000054359436;-4.408999919891357;254.10000610351562;251.89999389648438;251.1999969482422;438.20001220703125;435.6000061035156;437.6000061035156;-1074.0999755859375;-355.8999938964844;-361.70001220703125;-364.1000061035156;-29.799999237060547;-63.099998474121094;18.0;15.300000190734863;1091.9000244140625;365.29998779296875;362.20001220703125;364.3999938964844;1.0;-0.9850000143051147;0.9990000128746033;0.9990000128746033;49.900001525878906;MPPT;49.972713470458984;1.796608567237854;1.7897287607192993;1.8009190559387207;252.98670959472656;251.03927612304688;250.2427520751953;436.32843017578125;433.3517761230469;436.7558288574219;1354.3524169921875;-18.579090118408203;1354.4798583984375;99.99736785888672;242805.265625;1420.1351318359375;2016-07-14 17:00:00;1425.544549827123;588.646278912223;2.4217337319475276;276.1880221330151;92;-1120.8456366975656;-1397.0336588305806
2026-04-24 19:44:03;1.383614420890808;1.3786073923110962;1.4256564378738403;234.77915954589844;235.90725708007812;236.30604553222656;407.74853515625;409.048828125;408.07891845703125;323.94708251953125;325.76611328125;337.44671630859375;-313.2278747558594;-316.85443115234375;-330.4573669433594;-15.99994945526123;54.23029708862305;44.24289321899414;0.9678072333335876;0.9739825129508972;0.9814767241477966;49.95580291748047;985.9371337890625;-960.9873046875;92.08087158203125;0.9734140634536743;-1.5290000438690186;-1.5010000467300415;-1.5160000324249268;-4.546000003814697;254.3000030517578;252.3000030517578;251.39999389648438;438.70001220703125;436.20001220703125;437.8999938964844;-1123.4000244140625;-372.5;-374.20001220703125;-376.6000061035156;-50.20000076293945;-69.9000015258789;11.0;8.600000381469727;1130.199951171875;379.0;374.3999938964844;377.5;-0.9990000128746033;-0.984000027179718;0.9990000128746033;1.0;49.900001525878906;MPPT;49.96784591674805;1.6578372716903687;1.6507364511489868;1.6606197357177734;253.21243286132812;251.26968383789062;250.44590759277344;436.7498779296875;433.703125;437.1260986328125;1249.7581787109375;10.372664451599121;1249.80126953125;-99.99655151367188;242805.265625;1309.787353515625;2016-07-14 17:15:00;1317.0137283152553;587.9104555155429;2.2401604121164276;133.33378539654987;44;-1157.3396683524002;-1290.6734537489501
2026-04-24 19:44:33;0.5384135842323303;0.462288498878479;0.4895959198474884;234.91815185546875;236.10940551757812;236.47360229492188;407.9237060546875;409.3620910644531;408.36614990234375;128.8026580810547;108.29638671875;115.10289764404297;-90.35223388671875;-90.83700561523438;-99.41151428222656;-37.82213592529297;31.26163673400879;28.609193801879883;0.6936597228050232;0.8351167440414429;0.859900712966919;49.94831848144531;347.6169738769531;-273.7411804199219;33.60304260253906;0.7936215400695801;-0.6679999828338623;-0.5550000071525574;-0.5720000267028809;-1.7949999570846558;253.60000610351562;251.6999969482422;250.6999969482422;437.6000061035156;435.0;436.70001220703125;-385.8999938964844;-126.30000305175781;-127.9000015258789;-131.60000610351562;-46.400001525878906;-68.4000015258789;11.0;10.899999618530273;404.29998779296875;143.60000610351562;128.39999389648438;132.1999969482422;-0.9959999918937683;-0.8899999856948853;0.9940000176429749;0.9940000176429749;49.900001525878906;MPPT;49.961761474609375;1.521701455116272;1.5144528150558472;1.5258036851882935;252.47377014160156;250.60177612304688;249.76707458496094;435.46270751953125;432.6049499511719;435.8963928222656;1144.7880859375;-3.6605212688446045;1144.7939453125;99.9994888305664;242805.265625;1202.9420166015625;2016-07-14 17:30:00;1208.4844093552215;587.1746423059487;2.0581345349132736;761.907345123142;253;-422.4073760449751;-1184.314721168117
2026-04-24 19:44:52;0.4106374979019165;0.2639506757259369;0.2862453758716583;234.8384246826172;235.8589324951172;236.4486846923828;407.69415283203125;409.060302734375;408.1730651855469;98.91073608398438;59.825538635253906;65.31970977783203;-27.954801559448242;-27.185565948486328;-33.61519241333008;-39.856910705566406;25.837596893310547;26.309982299804688;0.2900952994823456;0.44232702255249023;0.50877445936203;49.95280838012695;227.81333923339844;-88.60931396484375;11.980031967163086;0.3881444036960602;-0.4959999918937683;-0.32100000977516174;-0.335999995470047;-1.159999966621399;253.3000030517578;251.3000030517578;250.1999969482422;436.8999938964844;434.29998779296875;436.0;-174.8000030517578;-55.70000076293945;-57.5;-61.5;-46.20000076293945;-68.5;10.800000190734863;11.300000190734863;211.1999969482422;88.69999694824219;59.29999923706055;63.099998474121094;-0.9679999947547913;-0.6359999775886536;0.9829999804496765;0.984000027179718;49.900001525878906;MPPT;49.963104248046875;1.3822087049484253;1.3751393556594849;1.3864657878875732;252.36231994628906;250.4112091064453;249.47811889648438;435.2438049316406;432.132080078125;435.5653076171875;1039.03125;-2.5744292736053467;1039.034423828125;99.99969482421875;242805.265625;1094.4322509765625;2016-07-14 17:45:00;1099.953587843354;586.4388189092688;1.8756493471717701;866.6662146034503;288;-211.28830148303655;-1077.9545160864868
2026-04-24 19:45:16;0.46828413009643555;0.27921566367149353;0.28577467799186707;235.15451049804688;236.03384399414062;236.57626342773438;407.9970397949219;409.2302551269531;408.4691162109375;110.93289947509766;67.33160400390625;69.04429626464844;45.24683380126953;40.71463394165039;38.559234619140625;-46.95469665527344;14.58442211151123;20.85264015197754;0.40090274810791016;0.6015164852142334;0.5461071729660034;49.97377395629883;241.6778564453125;122.45390319824219;-8.598623275756836;0.5087606310844421;0.4440000057220459;0.2460000067949295;0.24799999594688416;0.9380000233650208;253.5;251.5;250.5;437.29998779296875;434.70001220703125;436.3999938964844;65.4000015258789;24.700000762939453;23.700000762939453;19.200000762939453;-29.200000762939453;-62.599998474121094;16.399999618530273;16.899999618530273;122.4000015258789;67.80000305175781;28.899999618530273;25.600000381469727;0.9200000166893005;0.3919999897480011;-0.8429999947547913;-0.8399999737739563;49.900001525878906;MPPT;49.9836540222168;1.242882490158081;1.2356523275375366;1.247352123260498;252.37132263183594;250.50457763671875;249.53640747070312;435.30633544921875;432.32354736328125;435.5914001464844;934.4691162109375;-2.6652116775512695;934.472900390625;99.99959564208984;242805.265625;986.0747680664062;2016-07-14 18:00:00;991.4242688833202;585.7030056996746;1.6927081801449446;1000.0;333;28.4042164943462;-971.5957835056538
2026-04-24 19:45:43;0.5958995223045349;0.542648196220398;0.5694751739501953;235.160400390625;236.2418212890625;236.52606201171875;408.2387390136719;409.47454833984375;408.5115966796875;142.75172424316406;127.4333724975586;134.61581420898438;-107.64012145996094;-108.97401428222656;-118.14217376708984;-29.999074935913086;38.354339599609375;35.588966369628906;0.7544715404510498;0.8551586270332336;0.8774166703224182;49.978267669677734;404.95489501953125;-331.486572265625;55.399688720703125;0.8217507600784302;-0.7269999980926514;-0.6380000114440918;-0.656000018119812;-2.0209999084472656;253.60000610351562;251.8000030517578;250.6999969482422;437.6000061035156;435.1000061035156;436.70001220703125;-451.1000061035156;-147.6999969482422;-148.60000610351562;-151.89999389648438;-27.100000381469727;-61.099998474121094;18.5;15.399999618530273;461.0;158.5;149.8000030517578;152.6999969482422;-0.996999979019165;-0.9160000085830688;0.9950000047683716;0.9959999918937683;49.900001525878906;MPPT;49.99216842651367;0.9117000102996826;0.9044327139854431;0.915272057056427;252.63760375976562;250.8059539794922;249.81077575683594;435.8207702636719;432.821044921875;436.0380859375;685.6083984375;-5.359719753265381;685.6293334960938;99.9969482421875;242805.265625;734.624755859375;2016-07-14 18:15:00;743.5678260245318;584.0225745822022;1.2731833637705956;238.09265487685795;79;-490.60381462718317;-728.6964695040411
2026-04-24 19:46:09;0.42022615671157837;0.28650808334350586;0.29740339517593384;234.8449249267578;236.318115234375;236.45399475097656;408.1145935058594;409.46710205078125;408.2287292480469;97.9703140258789;68.86331939697266;71.58966827392578;-32.379764556884766;-30.685487747192383;-35.04290771484375;-37.20914077758789;27.864639282226562;28.913114547729492;0.24025584757328033;0.35984519124031067;0.4490765631198883;50.00600051879883;241.79989624023438;-86.08334350585938;15.759696960449219;0.3557611405849457;-0.5170000195503235;-0.35600000619888306;-0.36399999260902405;-1.2369999885559082;253.39999389648438;251.6999969482422;250.60000610351562;437.3999938964844;435.0;436.3999938964844;-168.3000030517578;-58.0;-59.599998474121094;-63.70000076293945;-39.20000076293945;-66.19999694824219;13.199999809265137;13.699999809265137;214.39999389648438;88.0;61.099998474121094;65.19999694824219;-0.9750000238418579;-0.6320000290870667;0.9729999899864197;0.9739999771118164;50.0;MPPT;50.01417541503906;0.5617461800575256;0.555036723613739;0.5654252767562866;252.1772918701172;250.56045532226562;249.47312927246094;435.1100158691406;432.3017883300781;435.45556640625;421.47332763671875;-4.561469078063965;421.4980163574219;99.994140625;242805.265625;472.30712890625;2016-07-14 18:30:00;495.71138316574314;582.3421434647298;0.8512373502910775;247.61988716502117;82;-238.1772683374071;-485.79715550242827
2026-04-24 19:46:32;0.5793780088424683;0.41548827290534973;0.41574278473854065;235.15228271484375;236.36679077148438;236.6790313720703;408.4264831542969;409.6664733886719;408.6217346191406;136.66453552246094;100.5062255859375;100.39652252197266;86.32103729248047;82.28408813476562;82.20455169677734;-54.72903060913086;1.679375171661377;13.343646049499512;0.6501664519309998;0.8318558931350708;0.8452706933021545;49.99700164794922;327.3170471191406;243.5046844482422;-50.25082778930664;0.7439413666725159;0.5370000004768372;0.3889999985694885;0.36899998784065247;1.2949999570846558;253.0;251.39999389648438;250.1999969482422;436.79998779296875;434.3999938964844;435.8999938964844;222.39999389648438;77.0;74.9000015258789;70.30000305175781;-45.79999923706055;-67.0999984741211;11.399999618530273;9.800000190734863;249.10000610351562;102.19999694824219;70.80000305175781;66.19999694824219;0.968999981880188;0.7390000224113464;-0.996999979019165;-0.9940000176429749;50.0;MPPT;50.00088882446289;0.24440805613994598;0.2368682622909546;0.24650561809539795;251.90440368652344;250.27293395996094;249.2301025390625;434.5981750488281;431.83135986328125;435.0486755371094;177.72413635253906;21.37253189086914;179.00462341308594;-99.28466033935547;242805.265625;208.3313446044922;2016-07-14 18:45:00;247.85644285878848;580.6617225343432;0.42685169908737874;380.953672561571;126;138.0543585599583;-242.8993140016127
2026-04-24 19:46:55;0.4341306984424591;0.2940341830253601;0.3072846829891205;234.89358520507812;236.2467803955078;236.605712890625;408.1077880859375;409.48394775390625;408.4166564941406;101.31866455078125;67.47345733642578;69.4047622680664;-35.0282096862793;-34.061180114746094;-39.80453872680664;-42.516456604003906;22.638883590698242;22.25115394592285;0.33214205503463745;0.5301520824432373;0.5923610925674438;49.98201370239258;244.13516235351562;-94.31022644042969;4.353607177734375;0.4437541961669922;-0.5299999713897705;-0.37299999594688416;-0.382999986410141;-1.2860000133514404;253.1999969482422;251.5;250.60000610351562;436.8999938964844;434.79998779296875;436.20001220703125;-191.5;-61.099998474121094;-63.20000076293945;-67.0999984741211;-55.400001525878906;-70.19999694824219;6.800000190734863;7.599999904632568;222.5;93.5;62.599998474121094;66.30000305175781;-0.9649999737739563;-0.6800000071525574;0.9940000176429749;0.9940000176429749;49.900001525878906;MPPT;49.98973846435547;0.47573453187942505;0.46941620111465454;0.479920893907547;251.9473876953125;250.34014892578125;249.4244842529297;434.64794921875;432.0284118652344;435.3274841308594;356.0671081542969;3.6818675994873047;356.0861511230469;-99.9946517944336;242805.265625;397.48406982421875;2016-07-15 06:15:00;453.52273277449535;582.0561104687588;0.7791735618225035;161.9019203645438;53;-282.55035775446163;-444.4522781190054
2026-04-24 19:47:22;0.8869351744651794;0.867469072341919;0.9066857099533081;235.16221618652344;236.59327697753906;236.73532104492188;408.584228515625;409.4747314453125;408.5125732421875;208.1794891357422;205.00482177734375;213.99732971191406;-187.97622680664062;-190.7584228515625;-203.56248474121094;-21.139358520507812;47.50972366333008;40.966514587402344;0.8995408415794373;0.9393118023872375;0.9487788677215576;49.99025344848633;631.1840209960938;-584.0918579101562;75.20487976074219;0.9228020310401917;-1.0479999780654907;-0.9879999756813049;-1.0049999952316284;-3.0409998893737793;253.89999389648438;252.1999969482422;251.1999969482422;438.20001220703125;435.8999938964844;437.3999938964844;-718.0999755859375;-237.10000610351562;-240.0;-243.10000610351562;-31.899999618530273;-63.0;16.200000762939453;14.699999809265137;730.7999877929688;246.5;240.60000610351562;243.60000610351562;-0.9990000128746033;-0.9670000076293945;0.996999979019165;0.9980000257492065;49.900001525878906;MPPT;50.00676345825195;1.1217247247695923;1.1149837970733643;1.1266058683395386;252.6072540283203;251.00682067871094;250.06715393066406;435.8489685058594;433.1954040527344;436.4513244628906;853.0584716796875;-3.01692795753479;853.0638427734375;99.9993667602539;242805.265625;903.0767211914062;2016-07-15 06:30:00;907.0439629971569;585.1309193335609;1.550155585745223;133.33378539654987;44;-755.5692983406639;-888.9030837372137
2026-04-24 19:47:45;1.419418454170227;1.4113010168075562;1.4598466157913208;235.1260986328125;236.47415161132812;236.8083953857422;408.4183349609375;409.9327392578125;408.77813720703125;333.739013671875;335.27447509765625;347.4371032714844;-322.7018737792969;-326.182861328125;-341.2647705078125;-12.50543212890625;59.1981315612793;46.53178405761719;0.9652527570724487;0.9726777672767639;0.9805411696434021;49.99550247192383;1016.20654296875;-990.874267578125;78.73128509521484;0.9766886234283447;-1.5709999799728394;-1.5390000343322754;-1.5540000200271606;-4.664000034332275;254.39999389648438;252.6999969482422;251.6999969482422;439.1000061035156;436.79998779296875;438.20001220703125;-1161.9000244140625;-385.5;-383.8999938964844;-386.1000061035156;-59.099998474121094;-72.5;7.900000095367432;5.400000095367432;1159.199951171875;389.0;384.0;386.1000061035156;-0.9990000128746033;-0.9819999933242798;1.0;1.0;49.900001525878906;MPPT;50.00413131713867;1.7130504846572876;1.70524001121521;1.716753363609314;253.456298828125;251.60157775878906;250.82456970214844;437.1338195800781;434.3621520996094;437.7339782714844;1293.685791015625;13.236799240112305;1293.7535400390625;-99.99476623535156;242805.265625;1353.6842041015625;2016-07-15 06:45:00;1360.5666957716523;588.2057383854487;2.3130796029060137;142.85423673646523;47;-1190.501125119754;-1333.3553618562194
2026-04-24 19:48:12;1.937633991241455;1.944933533668518;1.9979746341705322;235.27850341796875;236.33926391601562;236.9192657470703;408.4395751953125;409.8896484375;408.90478515625;456.6112976074219;460.5108947753906;474.69378662109375;-449.84552001953125;-452.98822021484375;-470.4552001953125;-1.7229926586151123;64.59608459472656;49.917869567871094;0.9856677651405334;0.984178364276886;0.9903224110603333;49.988006591796875;1388.6083984375;-1369.559326171875;125.16934204101562;0.9859079122543335;-2.0899999141693115;-2.075000047683716;-2.0950000286102295;-6.281000137329102;254.60000610351562;252.60000610351562;251.89999389648438;439.20001220703125;436.8999938964844;438.6000061035156;-1561.5999755859375;-518.9000244140625;-520.5;-522.0;-42.900001525878906;-67.0;14.0;8.0;1572.4000244140625;525.4000244140625;522.5999755859375;524.2999877929688;1.0;-0.9909999966621399;1.0;1.0;49.900001525878906;MPPT;49.99516677856445;2.294965982437134;2.2871739864349365;2.2980003356933594;253.58816528320312;251.44937133789062;251.1085205078125;437.18084716796875;434.3894958496094;438.11737060546875;1733.987060546875;9.178082466125488;1734.0113525390625;-99.99859619140625;242805.265625;1802.938720703125;2016-07-15 07:00:00;1814.0909310979814;591.2805676244225;3.068071285323011;180.94960399262234;60;-1596.8595084833994;-1777.8091124760217
2026-04-24 19:48:37;2.2585296630859375;2.277301073074341;2.3402106761932373;234.88632202148438;235.96337890625;236.57289123535156;407.7626953125;409.2510070800781;408.24169921875;532.7579956054688;538.9194946289062;553.717529296875;-526.2503051757812;-530.154541015625;-549.5426025390625;0.0;75.32942962646484;59.37770462036133;0.9897722005844116;0.9869349002838135;0.9932045936584473;49.988006591796875;1623.4390869140625;-1607.321044921875;132.7067108154297;0.9895055890083313;-2.4210000038146973;-2.4100000858306885;-2.424999952316284;-7.25600004196167;254.8000030517578;252.8000030517578;252.10000610351562;439.5;437.20001220703125;438.8999938964844;-1819.199951171875;-605.0999755859375;-606.2000122070312;-607.7999877929688;-49.5;-69.0;12.300000190734863;7.199999809265137;1823.300048828125;609.0;606.4000244140625;607.7999877929688;1.0;-0.9940000176429749;1.0;1.0;49.900001525878906;MPPT;49.99861526489258;2.6113719940185547;2.6042301654815674;2.615471124649048;253.88345336914062;251.93536376953125;251.2339630126953;437.7784118652344;434.9615783691406;438.5158996582031;1976.14599609375;-4.641098976135254;1976.1514892578125;99.99972534179688;242805.265625;2049.572021484375;2016-07-15 07:15:00;2060.0436407832635;592.9480917041467;3.4742394310818168;171.42915265270696;57;-1847.4136153148913;-2018.8427679675983
2026-04-24 19:49:03;2.5903615951538086;2.608755111694336;2.67732834815979;234.8979949951172;235.94451904296875;236.58334350585938;407.61981201171875;409.02105712890625;408.2626037597656;608.375244140625;614.3390502929688;631.6441040039062;-604.65478515625;-607.3864135742188;-628.8931274414062;0.5822277665138245;78.58362579345703;60.52102279663086;0.994175374507904;0.9894409775733948;0.9947738647460938;49.99175262451172;1856.736572265625;-1845.84375;134.30496215820312;0.9933896064758301;-2.753999948501587;-2.746000051498413;-2.759000062942505;-8.258999824523926;254.8000030517578;252.8000030517578;252.10000610351562;439.5;437.20001220703125;438.8999938964844;-2075.10009765625;-690.5;-691.5999755859375;-692.7000122070312;-65.69999694824219;-73.9000015258789;8.100000381469727;0.0;2079.0;694.5;691.7000122070312;692.7000122070312;1.0;-0.9940000176429749;1.0;1.0;49.900001525878906;MPPT;49.99946594238281;2.927882194519043;2.9203648567199707;2.9311635494232178;253.7917938232422;251.9763946533203;251.2826385498047;437.7667236328125;435.0567626953125;438.4299011230469;2214.89111328125;11.069450378417969;2214.918701171875;-99.9987564086914;242805.265625;2294.321044921875;2016-07-15 07:30:00;2305.9963504685456;594.6156157838708;3.8781294827391863;161.9019203645438;53;-2097.9745030946306;-2259.8764234591745
2026-04-24 19:49:31;1.7445980310440063;1.7521711587905884;1.8084771633148193;235.0619354248047;236.10972595214844;236.53701782226562;407.9577331542969;409.28790283203125;408.3580627441406;408.33380126953125;413.478759765625;427.4039306640625;-404.121826171875;-406.8680725097656;-423.5974426269531;-10.504135131835938;61.35734939575195;48.2212028503418;0.9815009236335754;0.9819460511207581;0.9898360967636108;49.96553421020508;1253.0355224609375;-1232.6744384765625;91.22146606445312;0.9835686683654785;-1.9040000438690186;-1.8860000371932983;-1.9010000228881836;-5.698999881744385;254.1999969482422;252.39999389648438;251.5;438.70001220703125;436.29998779296875;437.8999938964844;-1414.4000244140625;-469.70001220703125;-471.0;-473.5;-61.70000076293945;-73.4000015258789;7.599999904632568;3.9000000953674316;1423.5999755859375;476.6000061035156;472.29998779296875;474.70001220703125;-0.9990000128746033;-0.9890000224113464;1.0;1.0;49.900001525878906;MPPT;49.98244094848633;3.241753578186035;3.2342398166656494;3.2454471588134766;253.2982177734375;251.5650634765625;250.65911865234375;436.9914855957031;434.1693115234375;437.4420166015625;2448.13623046875;-11.841718673706055;2448.164794921875;99.99883270263672;242805.265625;2533.510498046875;2016-07-15 07:45:00;2551.964085672166;596.2832417344532;4.279785020033565;1057.143050884236;352;-1443.781753074487;-2500.924803958723
2026-04-24 19:49:56;2.047318935394287;2.056845188140869;2.1194403171539307;235.04226684570312;236.02967834472656;236.5568084716797;408.01904296875;409.4111022949219;408.5291748046875;479.3045959472656;484.1447448730469;499.4889831542969;-473.9910583496094;-476.4776916503906;-495.13592529296875;0.0;73.45452880859375;58.24118423461914;0.987851083278656;0.9848486185073853;0.9914892315864563;49.986507415771484;1469.933349609375;-1451.127197265625;123.87726593017578;0.9881631731987;-2.2079999446868896;-2.194000005722046;-2.2090001106262207;-6.611000061035156;254.6999969482422;252.8000030517578;251.89999389648438;439.5;437.0;438.70001220703125;-1651.300048828125;-549.2000122070312;-550.0;-552.7000122070312;-47.79999923706055;-68.5999984741211;12.699999809265137;8.100000381469727;1656.5999755859375;553.5999755859375;550.2000122070312;552.7000122070312;1.0;-0.9919999837875366;1.0;1.0;49.900001525878906;MPPT;49.99216842651367;3.556442975997925;3.548980951309204;3.5603973865509033;253.70936584472656;251.9345703125;251.11257934570312;437.6318664550781;434.9051818847656;438.2059326171875;2690.34765625;-1.593733310699463;2690.34814453125;99.99998474121094;242805.265625;2778.598388671875;2016-07-15 08:00:00;2797.916795357449;597.9507658141773;4.679175870855805;1066.663502224151;355;-1675.2949572261489;-2741.9584594503
2026-04-24 19:50:23;3.2299728393554688;3.2425503730773926;3.3221380710601807;235.16143798828125;236.15625;236.73670959472656;408.1880798339844;409.5376892089844;408.6375427246094;760.5776977539062;767.195556640625;788.2866821289062;-758.7066650390625;-761.2760620117188;-784.161865234375;20.623451232910156;95.11154174804688;74.0267562866211;0.9972413182258606;0.9914505481719971;0.9967204332351685;49.9730224609375;2316.096435546875;-2304.570068359375;189.48843383789062;0.9954857230186462;-3.388000011444092;-3.3910000324249268;-3.4070000648498535;-10.185999870300293;255.3000030517578;253.5;252.60000610351562;440.6000061035156;438.20001220703125;439.79998779296875;-2572.39990234375;-856.7999877929688;-856.7999877929688;-857.5;-33.70000076293945;-63.79999923706055;18.600000381469727;11.399999618530273;2573.300048828125;858.5999755859375;857.0;857.5;1.0;-0.996999979019165;1.0;1.0;49.900001525878906;MPPT;49.98000717163086;4.0242462158203125;4.016279220581055;4.027877330780029;254.4188995361328;252.65863037109375;251.92881774902344;438.9010009765625;436.2210998535156;439.5185546875;3053.1826171875;-7.687398910522461;3053.1923828125;99.99967956542969;242805.265625;3151.662841796875;2016-07-15 08:15:00;3169.107200395338;600.4673834979396;5.27773412426524;514.2874579581209;171;-2591.4375984293106;-3105.7250563874313
2026-04-24 19:50:50;3.956913948059082;3.9739627838134766;4.06685733795166;234.94326782226562;236.1930389404297;236.61305236816406;407.90655517578125;409.38311767578125;408.4458312988281;929.9193115234375;938.236083984375;962.3018798828125;-929.8248901367188;-931.1743774414062;-959.3839111328125;31.494901657104492;106.33248138427734;80.37249755859375;0.9987364411354065;0.9925656914710999;0.9975156784057617;49.97077560424805;2829.931640625;-2821.75732421875;216.47308349609375;0.9966067671775818;-4.099999904632568;-4.11299991607666;-4.127999782562256;-12.340999603271484;255.8000030517578;254.0;253.10000610351562;441.5;439.1000061035156;440.70001220703125;-3124.800048828125;-1041.4000244140625;-1041.5999755859375;-1041.699951171875;-47.29999923706055;-68.0;14.899999618530273;5.599999904632568;3134.39990234375;1046.0;1044.199951171875;1044.0999755859375;1.0;-0.9980000257492065;1.0;1.0;49.900001525878906;MPPT;49.98243713378906;4.492887020111084;4.485311985015869;4.497149467468262;254.93203735351562;253.15379333496094;252.32025146484375;439.7210388183594;437.0234680175781;440.3231201171875;3415.573486328125;-6.599426746368408;3415.579833984375;99.99981689453125;242805.265625;3521.47607421875;2016-07-15 08:30:00;3540.312630951566;602.9841030525603;5.871320011637136;323.81062167733535;107;-3145.695756655199;-3469.5063783325345
2026-04-24 19:51:19;4.292017459869385;4.317670822143555;4.416650772094727;235.06439208984375;236.22964477539062;236.80133056640625;408.07818603515625;409.6654968261719;408.70458984375;1012.6325073242188;1020.6060180664062;1045.5089111328125;-1011.5352783203125;-1013.6087036132812;-1043.8497314453125;38.919410705566406;115.54417419433594;88.8091812133789;0.9999746680259705;0.9935372471809387;0.9978939890861511;49.96778106689453;3074.51806640625;-3064.2939453125;248.40811157226562;0.9968428611755371;-4.443999767303467;-4.4629998207092285;-4.47599983215332;-13.383000373840332;256.0;254.1999969482422;253.3000030517578;441.79998779296875;439.5;441.0;-3392.199951171875;-1130.5;-1131.5;-1131.0999755859375;-30.899999618530273;-62.5;20.600000381469727;11.0;3395.5;1132.5999755859375;1131.5999755859375;1131.199951171875;1.0;-0.9980000257492065;1.0;1.0;49.900001525878906;MPPT;49.98335647583008;4.962395668029785;4.954740524291992;4.966193199157715;255.21487426757812;253.4539337158203;252.67666625976562;440.20416259765625;437.6055603027344;440.8822937011719;3776.95947265625;-27.330808639526367;3774.537353515625;99.99738311767578;242805.265625;3888.655029296875;2016-07-15 08:45:00;3911.518061507794;605.5008226071809;6.459971507000568;419.0490398177281;139;-3414.23866045991;-3833.287700277638
2026-04-24 19:51:47;4.880727767944336;4.891880989074707;4.99951696395874;235.18182373046875;236.5386199951172;236.7957000732422;408.606201171875;409.90228271484375;408.86474609375;1148.0137939453125;1156.22314453125;1183.6126708984375;-1147.8995361328125;-1149.9141845703125;-1182.285888671875;50.88320541381836;126.3790054321289;96.69680786132812;0.9998304843902588;0.9938989877700806;0.9981900453567505;49.97227478027344;3488.154052734375;-3479.8642578125;265.0236511230469;0.9978742599487305;-5.01800012588501;-5.040999889373779;-5.053999900817871;-15.11299991607666;256.70001220703125;254.8000030517578;253.89999389648438;442.8999938964844;440.5;442.1000061035156;-3846.199951171875;-1282.4000244140625;-1281.699951171875;-1280.800048828125;-32.400001525878906;-63.20000076293945;20.799999237060547;9.899999618530273;3846.39990234375;1283.5;1281.9000244140625;1280.9000244140625;1.0;-0.9990000128746033;1.0;1.0;49.900001525878906;MPPT;49.978790283203125;5.419579982757568;5.411242961883545;5.4235053062438965;255.8905029296875;254.09759521484375;253.31219482421875;441.3679504394531;438.7062072753906;442.0033264160156;4135.5615234375;-10.592730522155762;4135.5751953125;99.99967193603516;242805.265625;4260.50244140625;2016-07-15 09:00:00;4282.708466545683;608.0174402909431;7.043726351823658;333.33107301725073;111;-3863.723224197519;-4197.05429721477
2026-04-24 19:52:13;5.794350624084473;5.806336879730225;5.926631927490234;235.3315887451172;236.6217803955078;237.0965118408203;408.77227783203125;410.2408447265625;409.1851806640625;1364.1168212890625;1370.7373046875;1404.3885498046875;-1365.2467041015625;-1366.1575927734375;-1402.99755859375;61.379554748535156;137.23394775390625;108.50777435302734;1.0;0.9953858852386475;0.9980041980743408;49.98575973510742;4142.0791015625;-4130.97412109375;308.8931579589844;0.9975343346595764;-5.932000160217285;-5.958000183105469;-5.9720001220703125;-17.86199951171875;257.20001220703125;255.3000030517578;254.60000610351562;443.79998779296875;441.5;443.20001220703125;-4558.2998046875;-1520.5;-1519.5;-1518.199951171875;-42.599998474121094;-66.5999984741211;18.0;5.900000095367432;4559.7998046875;1521.9000244140625;1519.5999755859375;1518.199951171875;1.0;-0.9990000128746033;1.0;1.0;49.900001525878906;MPPT;49.9909553527832;6.505972862243652;6.498434066772461;6.510517597198486;256.5289306640625;254.7365264892578;254.0148162841797;442.4608459472656;439.8980712890625;443.1488037109375;4978.0419921875;-17.930320739746094;4978.07421875;99.99935150146484;242805.265625;5125.34130859375;2016-07-15 09:15:00;5153.542432898539;613.9215696261849;8.394463866184921;476.19209070196376;158;-4574.279493538605;-5050.4715842405685
2026-04-24 19:52:45;6.085440158843994;6.099119186401367;6.224182605743408;235.37136840820312;236.33140563964844;236.86695861816406;408.70660400390625;409.9676818847656;409.0169982910156;1427.480712890625;1433.433837890625;1465.875244140625;-1427.5087890625;-1430.4339599609375;-1468.9945068359375;64.60460662841797;141.6820068359375;110.13746643066406;1.0;0.9948957562446594;0.9990874528884888;49.963287353515625;4362.712890625;-4358.42333984375;333.0574035644531;0.9983468651771545;-6.247000217437744;-6.275000095367432;-6.283999919891357;-18.797000885009766;257.5;255.5;254.60000610351562;444.20001220703125;441.70001220703125;443.3999938964844;-4803.2998046875;-1603.699951171875;-1600.699951171875;-1598.800048828125;-32.70000076293945;-64.4000015258789;22.799999237060547;8.800000190734863;4800.89990234375;1602.9000244140625;1600.0999755859375;1597.800048828125;1.0;-0.9990000128746033;1.0;1.0;49.900001525878906;MPPT;49.980010986328125;6.741514205932617;6.732484340667725;6.745269298553467;256.7445068359375;254.89324951171875;254.0637969970703;442.9151916503906;439.98504638671875;443.337158203125;5160.3134765625;-29.546241760253906;5160.39794921875;99.99835968017578;242805.265625;5274.4755859375;2016-07-15 09:30:00;6024.376399251395;619.8256989614266;9.719468568898929;361.9059889334925;120;-4703.169429290076;-5065.075418223568
2026-04-24 19:53:14;6.233383655548096;6.269964694976807;6.400997161865234;235.2651824951172;236.47923278808594;236.67886352539062;408.406005859375;409.5962219238281;408.48193359375;1485.1107177734375;1491.2421875;1522.808349609375;-1483.7652587890625;-1482.04150390625;-1520.72705078125;66.86080169677734;144.9158477783203;109.74774169921875;1.0;0.9954798817634583;0.999720573425293;49.96104431152344;4503.7939453125;-4480.68017578125;323.8018493652344;0.9983863830566406;-6.406000137329102;-6.435999870300293;-6.449999809265137;-19.29199981689453;257.5;255.39999389648438;254.60000610351562;444.1000061035156;441.6000061035156;443.3999938964844;-4944.60009765625;-1650.199951171875;-1641.699951171875;-1639.4000244140625;-53.599998474121094;-70.0;16.399999618530273;0.0;4926.2001953125;1644.9000244140625;1641.800048828125;1639.4000244140625;1.0;-0.9990000128746033;1.0;1.0;49.900001525878906;MPPT;49.96906280517578;6.777965068817139;6.768984317779541;6.782118797302246;256.7762756347656;254.85455322265625;254.1371612548828;442.7989807128906;440.0863952636719;443.4659729003906;5188.9306640625;-13.038875579833984;5188.947265625;99.99967956542969;242805.265625;5320.69140625;2016-07-15 09:45:00;6895.210365604251;625.7298282966683;11.019468872650776;333.33107301725073;111;-4885.80282926997;-5219.133902287221
2026-04-24 19:53:39;6.0248003005981445;6.038210391998291;6.164337635040283;235.30323791503906;236.4510498046875;236.96493530273438;408.57659912109375;409.99444580078125;409.0261535644531;1413.71826171875;1419.3338623046875;1452.6290283203125;-1412.6934814453125;-1412.7493896484375;-1451.45458984375;57.89719009399414;134.17483520507812;103.72257232666016;1.0;0.9956983923912048;0.9996585845947266;49.964786529541016;4337.46923828125;-4330.52197265625;313.2899169921875;0.9982365369796753;-6.2270002365112305;-6.251999855041504;-6.267000198364258;-18.746000289916992;257.29998779296875;255.3000030517578;254.60000610351562;443.8999938964844;441.5;443.29998779296875;-4768.2998046875;-1591.0999755859375;-1594.0;-1593.0999755859375;-54.0;-70.0;16.0;0.0;4785.39990234375;1598.0;1594.0999755859375;1593.0999755859375;1.0;-0.9990000128746033;1.0;1.0;49.900001525878906;MPPT;49.972835540771484;6.8692803382873535;6.860206127166748;6.872828483581543;256.7374572753906;254.71780395507812;254.15200805664062;442.6546630859375;439.93157958984375;443.39166259765625;5251.826171875;-26.82991600036621;5251.89453125;99.99869537353516;242805.265625;5383.90625;2016-07-15 10:00:00;7766.044331957108;631.63395763191;12.295165955093939;552.3828252142781;184;-4709.995369843528;-5262.378195057807
2026-04-24 19:54:06;6.01770544052124;6.0158305168151855;6.140480995178223;235.54917907714844;236.60865783691406;237.0930633544922;408.77728271484375;410.14361572265625;409.2707824707031;1418.2779541015625;1424.968017578125;1464.1826171875;-1424.164794921875;-1426.172119140625;-1464.6494140625;67.20110321044922;143.62376403808594;109.47030639648438;1.0;0.9951426982879639;0.9992674589157104;49.955055236816406;4305.47119140625;-4298.66650390625;311.6192626953125;0.9980084300041199;-6.158999919891357;-6.184000015258789;-6.193999767303467;-18.52400016784668;257.6000061035156;255.5;254.6999969482422;444.29998779296875;441.79998779296875;443.6000061035156;-4735.2998046875;-1580.4000244140625;-1578.0999755859375;-1576.800048828125;-53.5;-69.69999694824219;16.200000762939453;0.0;4731.0;1579.699951171875;1576.0999755859375;1575.0;1.0;-0.9990000128746033;1.0;1.0;49.900001525878906;MPPT;49.96906280517578;6.543000221252441;6.534010887145996;6.546702861785889;256.8002014160156;254.7672119140625;254.16604614257812;442.75457763671875;439.9637756347656;443.5743103027344;5008.63232421875;-28.198867797851562;5008.71142578125;99.99842071533203;242805.265625;5125.5810546875;2016-07-15 10:15:00;7624.669229908796;630.6754547260438;12.089687608376707;314.2833893891722;104;-4662.655936358173;-4976.939325747345
2026-04-24 19:54:31;6.028379440307617;6.059671878814697;6.185342311859131;235.4720458984375;236.5800018310547;237.12539672851562;408.79400634765625;410.224365234375;409.2655944824219;1414.0174560546875;1420.8177490234375;1451.181396484375;-1412.665283203125;-1411.910888671875;-1449.9879150390625;60.851478576660156;136.80136108398438;103.3290786743164;1.0;0.9949449300765991;0.9995848536491394;49.955055236816406;4282.87060546875;-4274.05322265625;293.68951416015625;0.9984123706817627;-6.09499979019165;-6.119999885559082;-6.136000156402588;-18.35099983215332;257.79998779296875;255.6999969482422;254.89999389648438;444.70001220703125;442.1000061035156;444.0;-4730.0;-1578.5;-1562.800048828125;-1561.5999755859375;-58.599998474121094;-72.30000305175781;13.699999809265137;0.0;4691.39990234375;1566.800048828125;1562.9000244140625;1561.5999755859375;1.0;-0.9990000128746033;1.0;1.0;49.900001525878906;MPPT;49.960548400878906;6.200124740600586;6.191530227661133;6.204174041748047;256.9933166503906;254.96302795410156;254.38363647460938;443.1372985839844;440.3086853027344;443.8959045410156;4750.2119140625;5.08518648147583;4750.21484375;-99.99993896484375;242805.265625;4882.826171875;2016-07-15 10:30:00;7483.294127860483;629.7169518201775;11.883583737471655;209.52451990886405;69;-4604.820245574689;-4814.344765483553
2026-04-24 19:54:56;5.934039115905762;5.959039211273193;6.084279537200928;235.416259765625;236.5587921142578;237.13865661621094;408.7499694824219;410.1578063964844;409.42864990234375;1410.62158203125;1410.216796875;1443.5140380859375;-1403.5335693359375;-1400.2523193359375;-1443.3212890625;66.4251937866211;143.23646545410156;109.7972183227539;1.0;0.9950788021087646;0.999034583568573;49.946075439453125;4291.3779296875;-4288.5048828125;328.9330139160156;0.9979603886604309;-6.14300012588501;-6.175000190734863;-6.185999870300293;-18.503999710083008;257.5;255.39999389648438;254.8000030517578;444.1000061035156;441.79998779296875;443.6000061035156;-4688.7001953125;-1564.5999755859375;-1574.699951171875;-1574.0;-33.0;-63.70000076293945;22.299999237060547;8.300000190734863;4727.0;1578.0999755859375;1574.9000244140625;1574.0;1.0;-0.9990000128746033;1.0;1.0;49.900001525878906;MPPT;49.96176528930664;6.373506546020508;6.364679336547852;6.377407073974609;256.9203796386719;254.9174346923828;254.3481903076172;442.9810485839844;440.2591857910156;443.8379211425781;4881.8623046875;-27.684185028076172;4881.94091796875;99.9983901977539;242805.265625;5006.70068359375;2016-07-15 10:45:00;7341.919025812172;628.7584489143113;11.676851481661355;190.4768362807855;63;-4516.282409218598;-4706.759245499384
2026-04-24 19:55:24;5.888404846191406;5.872199058532715;5.9943389892578125;235.67617797851562;236.6796112060547;237.3472137451172;408.8192138671875;410.42333984375;409.5970458984375;1396.724365234375;1402.5450439453125;1427.7073974609375;-1389.5792236328125;-1381.8720703125;-1419.8944091796875;61.26410675048828;136.31790161132812;101.3829116821289;1.0;0.9947042465209961;0.9995031952857971;49.96403884887695;4183.97900390625;-4176.37109375;299.9371337890625;0.9983419179916382;-5.982999801635742;-6.010000228881836;-6.019000053405762;-18.011999130249023;257.70001220703125;255.6999969482422;255.0;444.6000061035156;442.20001220703125;444.0;-4603.39990234375;-1536.199951171875;-1533.9000244140625;-1533.199951171875;-50.599998474121094;-69.5999984741211;15.600000381469727;3.299999952316284;4605.10009765625;1537.699951171875;1522.5;1521.9000244140625;1.0;-0.9990000128746033;1.0;1.0;49.900001525878906;MPPT;49.97358703613281;6.173929214477539;6.165386199951172;6.17773962020874;256.98089599609375;254.79058837890625;254.5176239013672;442.9587707519531;440.2951965332031;444.00201416015625;4729.68115234375;-1.4003233909606934;4729.68115234375;100.0;242805.265625;4861.4189453125;2016-07-15 11:00:00;7200.558949282197;627.8000478793034;11.469510035250154;247.61988716502117;82;-4525.2276063246445;-4772.847493489666
2026-04-24 19:55:51;5.7801947593688965;5.769748687744141;5.89091682434082;235.65672302246094;236.75961303710938;237.1769256591797;409.076171875;410.4361267089844;409.5639343261719;1361.75;1368.60888671875;1400.4627685546875;-1356.500244140625;-1356.2835693359375;-1394.9384765625;63.14760208129883;141.62550354003906;108.4855728149414;1.0;0.9946503639221191;0.9984585642814636;49.964786529541016;4113.79833984375;-4078.568359375;309.32965087890625;0.9975892901420593;-5.828000068664551;-5.854000091552734;-5.869999885559082;-17.552000045776367;257.70001220703125;255.6999969482422;254.89999389648438;444.6000061035156;442.1000061035156;443.8999938964844;-4507.7001953125;-1504.0;-1494.800048828125;-1493.699951171875;-32.79999923706055;-64.19999694824219;21.899999618530273;9.300000190734863;4486.2001953125;1497.5;1495.0;1493.699951171875;1.0;-0.9990000128746033;1.0;1.0;50.0;MPPT;49.976356506347656;6.193914413452148;6.1851935386657715;6.197647571563721;256.965576171875;255.0576934814453;254.38844299316406;443.0390625;440.4129638671875;443.7401428222656;4742.24951171875;-14.347403526306152;4742.27099609375;99.99954986572266;242805.265625;4861.4521484375;2016-07-15 11:15:00;7095.5906781684225;627.0883780631293;11.315136632071509;323.81062167733535;107;-4476.96709005282;-4800.777711730156
2026-04-24 19:56:20;5.93922233581543;5.949848651885986;6.081340789794922;235.45071411132812;236.560302734375;237.075439453125;408.83184814453125;410.2344055175781;409.3643493652344;1401.8572998046875;1409.1239013671875;1440.7108154296875;-1399.2601318359375;-1403.4112548828125;-1442.04931640625;58.49784851074219;135.47767639160156;105.3899917602539;1.0;0.994651198387146;0.999247670173645;49.971527099609375;4235.642578125;-4195.7001953125;321.05078125;0.9978592991828918;-5.997000217437744;-6.025000095367432;-6.039000034332275;-18.06100082397461;257.70001220703125;255.6999969482422;254.89999389648438;444.6000061035156;442.1000061035156;443.8999938964844;-4653.5;-1552.699951171875;-1537.9000244140625;-1536.300048828125;-29.799999237060547;-63.29999923706055;23.200000762939453;10.300000190734863;4615.39990234375;1540.9000244140625;1538.0;1536.300048828125;1.0;-0.9990000128746033;1.0;1.0;49.900001525878906;MPPT;49.98365783691406;6.268904209136963;6.260496139526367;6.273351192474365;256.8895263671875;254.994140625;254.24620056152344;443.0360412597656;440.3304138183594;443.6120910644531;4801.67333984375;-30.110424041748047;4801.767578125;99.99803924560547;242805.265625;4922.673828125;2016-07-15 11:30:00;6990.622407054649;626.3767082469553;11.16041244033379;266.66757079309974;88;-4642.635513870686;-4909.303084663786
2026-04-24 19:56:44;5.819199085235596;5.8176069259643555;5.939179420471191;235.75253295898438;236.82598876953125;237.36013793945312;409.2462463378906;410.479248046875;409.66845703125;1366.558349609375;1375.68994140625;1408.1434326171875;-1369.134521484375;-1368.7196044921875;-1404.489013671875;60.49150466918945;136.37161254882812;104.05040740966797;1.0;0.9952605962753296;0.9993283152580261;49.977516174316406;4149.86962890625;-4141.76953125;309.58087158203125;0.9981170892715454;-5.934999942779541;-5.958000183105469;-5.9730000495910645;-17.865999221801758;257.70001220703125;255.60000610351562;254.8000030517578;444.5;442.0;443.70001220703125;-4563.10009765625;-1523.0999755859375;-1520.5;-1519.4000244140625;-50.79999923706055;-70.5;16.0;3.5999999046325684;4564.7998046875;1524.699951171875;1520.5999755859375;1521.0999755859375;1.0;-0.9990000128746033;1.0;1.0;50.0;MPPT;49.988525390625;6.354689121246338;6.345606803894043;6.357691287994385;256.76861572265625;254.90162658691406;254.26429748535156;442.8072509765625;440.23919677734375;443.5909118652344;4865.5205078125;-26.185640335083008;4865.5908203125;99.9985580444336;242805.265625;4971.90673828125;2016-07-15 11:45:00;6885.654135940873;625.6650384307814;11.005336263011678;257.14033850493655;85;-4509.736324482013;-4766.876662986949
2026-04-24 19:57:12;5.696245193481445;5.690094947814941;5.810800552368164;235.6916961669922;236.78128051757812;237.3421630859375;409.2037658691406;410.5784912109375;409.64495849609375;1324.252197265625;1328.4395751953125;1354.5340576171875;-1316.9678955078125;-1307.302001953125;-1343.8494873046875;58.47737121582031;133.8897247314453;100.4887466430664;1.0;0.9952865839004517;0.9993085265159607;49.9947509765625;3881.3662109375;-3874.33251953125;282.38665771484375;0.9980255365371704;-5.565999984741211;-5.5879998207092285;-5.599999904632568;-16.753999710083008;257.70001220703125;255.60000610351562;254.8000030517578;444.5;442.0;443.79998779296875;-4271.10009765625;-1425.5999755859375;-1425.199951171875;-1424.0;-54.0;-72.30000305175781;14.899999618530273;3.299999952316284;4278.89990234375;1429.5;1425.300048828125;1424.0;1.0;-0.9990000128746033;1.0;1.0;50.0;MPPT;50.00433349609375;6.230985164642334;6.2225799560546875;6.235040664672852;256.9541015625;254.99777221679688;254.24002075195312;443.0693664550781;440.32012939453125;443.6946716308594;4772.927734375;-11.640496253967285;4772.94189453125;99.99970245361328;242805.265625;4891.40283203125;2016-07-15 12:00:00;6780.685864827098;624.9533686146073;10.849906897627386;523.8079092980362;174;-4470.988622489864;-4994.7965317879
2026-04-24 19:57:36;5.461818218231201;5.468709468841553;5.601092338562012;235.7489471435547;236.9000701904297;237.33047485351562;409.2804260253906;410.70855712890625;409.5998840332031;1299.6058349609375;1306.820556640625;1337.2802734375;-1299.6058349609375;-1305.1495361328125;-1340.672607421875;56.81814956665039;132.83717346191406;102.77279663085938;1.0;0.994705855846405;0.9993243217468262;49.98426055908203;4021.476318359375;-4013.6240234375;293.78857421875;0.9982178807258606;-5.769000053405762;-5.793000221252441;-5.807000160217285;-17.368999481201172;257.5;255.39999389648438;254.8000030517578;444.1000061035156;441.79998779296875;443.6000061035156;-4413.2998046875;-1473.0999755859375;-1476.800048828125;-1476.9000244140625;-50.599998474121094;-70.69999694824219;15.699999809265137;4.199999809265137;4435.0;1481.0999755859375;1476.800048828125;1476.9000244140625;1.0;-0.9990000128746033;1.0;1.0;49.900001525878906;MPPT;49.99338912963867;6.58062744140625;6.572277069091797;6.584859848022461;256.6707763671875;254.91201782226562;254.16485595703125;442.6849060058594;440.23016357421875;443.4005126953125;5037.962890625;-13.271305084228516;5053.11962890625;99.99964904785156;242805.265625;5171.06298828125;2016-07-15 12:15:00;6875.632115208997;625.5970905682866;10.990511654974668;676.1893783226647;225;-4317.490387019316;-4993.679765341981
2026-04-24 19:58:03;5.6492109298706055;5.649670124053955;5.770203590393066;235.5736846923828;236.65687561035156;237.0664520263672;408.8583679199219;410.2143249511719;409.2802429199219;1340.05224609375;1356.44482421875;1389.7459716796875;-1362.5001220703125;-1361.43896484375;-1399.5255126953125;63.25869369506836;138.6896209716797;107.94746398925781;1.0;0.9951517581939697;0.998393714427948;50.00600051879883;4119.666015625;-4111.31494140625;309.434326171875;0.997858464717865;-5.892000198364258;-5.916999816894531;-5.927999973297119;-17.73699951171875;257.3999938964844;255.3000030517578;254.5;443.8999938964844;441.3999938964844;443.29998779296875;-4526.10009765625;-1511.300048828125;-1507.5;-1507.199951171875;-32.599998474121094;-64.0;21.5;9.800000190734863;4549.0;1519.9000244140625;1514.5;1514.5;1.0;-0.9990000128746033;1.0;1.0;50.0;MPPT;50.00919723510742;6.873376369476318;6.864777088165283;6.877187252044678;256.79827880859375;254.6985626220703;254.12408447265625;442.6114501953125;439.9949951171875;443.48773193359375;5261.0908203125;0.5374679565429688;5261.0908203125;-100.0;242805.265625;5400.82470703125;2016-07-15 12:30:00;6970.578365590895;626.240812521966;11.130827353010302;790.475480091136;263;-4344.403369546628;-5134.878849637764
2026-04-24 19:58:28;5.89091157913208;5.933490753173828;6.024758815765381;235.50350952148438;236.1378631591797;237.1669921875;408.37750244140625;409.9035949707031;409.242431640625;1389.691650390625;1392.51904296875;1429.2398681640625;-1390.1595458984375;-1383.29248046875;-1423.5499267578125;67.49605560302734;143.67767333984375;112.09146881103516;1.0;0.995087742805481;0.9995093941688538;50.01124954223633;4146.8076171875;-4139.75537109375;308.8925476074219;0.9982600808143616;-5.946000099182129;-5.966000080108643;-5.979000091552734;-17.891000747680664;257.3999938964844;255.1999969482422;254.89999389648438;443.8999938964844;441.70001220703125;443.6000061035156;-4561.39990234375;-1522.800048828125;-1519.699951171875;-1521.300048828125;-38.29999923706055;-66.4000015258789;20.799999237060547;7.300000190734863;4566.7001953125;1525.4000244140625;1519.9000244140625;1521.4000244140625;1.0;-0.9990000128746033;1.0;1.0;50.0;MPPT;50.01770782470703;6.7443718910217285;6.735543727874756;6.747867584228516;256.85406494140625;254.56370544433594;254.49896240234375;442.6228942871094;440.104736328125;443.8853759765625;5164.173828125;-13.234649658203125;5164.19091796875;99.99967193603516;242805.265625;5301.822265625;2016-07-15 12:45:00;7065.539641491132;626.8846363465035;11.270877019206024;628.5735597265922;209;-4559.899022219802;-5188.472581946394
2026-04-24 19:58:51;5.978433132171631;5.988261699676514;6.106904983520508;235.68397521972656;236.25779724121094;237.27720642089844;408.71502685546875;410.0917053222656;409.579345703125;1407.7781982421875;1412.75927734375;1443.40478515625;-1404.2994384765625;-1398.695068359375;-1439.3687744140625;63.468475341796875;142.32102966308594;108.28565216064453;1.0;0.9954309463500977;0.9986487030982971;50.00600051879883;4259.55810546875;-4250.81494140625;308.54583740234375;0.9979717135429382;-6.091000080108643;-6.118000030517578;-6.127999782562256;-18.336999893188477;257.79998779296875;255.3000030517578;255.0;444.29998779296875;441.8999938964844;444.1000061035156;-4674.2998046875;-1561.5999755859375;-1559.4000244140625;-1560.0999755859375;-51.29999923706055;-71.69999694824219;17.200000762939453;3.0999999046325684;4685.60009765625;1565.800048828125;1559.5;1560.0999755859375;1.0;-0.9990000128746033;1.0;1.0;50.0;MPPT;50.01527786254883;6.284443378448486;6.275435924530029;6.287796497344971;257.0252685546875;254.70376586914062;254.53627014160156;442.98101806640625;440.2000732421875;444.03350830078125;4813.92431640625;-9.897430419921875;4813.9345703125;99.99978637695312;242805.265625;4939.14794921875;2016-07-15 13:00:00;7160.4858918730315;627.5283583001828;11.410617220979454;199.9972876207009;66;-4729.418650162444;-4929.415937783145
2026-04-24 19:59:16;6.076152801513672;6.057377338409424;6.180762767791748;235.38107299804688;236.027099609375;237.25050354003906;408.2829284667969;409.8408508300781;409.1769104003906;1426.6685791015625;1427.9444580078125;1465.341796875;-1443.59326171875;-1439.9312744140625;-1493.708740234375;68.87045288085938;147.97438049316406;113.990478515625;1.0;0.9947100877761841;0.9986725449562073;50.0;4397.0185546875;-4386.7373046875;322.58538818359375;0.9980981945991516;-6.283999919891357;-6.309999942779541;-6.318999767303467;-18.913000106811523;257.5;255.10000610351562;254.89999389648438;443.8999938964844;441.6000061035156;443.70001220703125;-4828.89990234375;-1612.5999755859375;-1607.0999755859375;-1609.0;-36.29999923706055;-66.5;22.200000762939453;7.900000095367432;4830.39990234375;1614.0;1607.800048828125;1609.9000244140625;1.0;-0.9990000128746033;1.0;1.0;50.0;MPPT;50.01226043701172;6.8144941329956055;6.8056159019470215;6.817655086517334;256.8470153808594;254.51364135742188;254.46087646484375;442.6783752441406;439.9398193359375;443.8277282714844;5216.99658203125;-28.569215774536133;5217.07470703125;99.99850463867188;242805.265625;5355.68798828125;2016-07-15 13:15:00;6745.541177433007;624.7150926770133;10.797788074123812;457.14440707388525;152;-4572.3713983779435;-5029.515805451829
2026-04-24 19:59:44;5.815288066864014;5.8173065185546875;5.938856601715088;235.2993621826172;235.905029296875;237.10250854492188;408.06494140625;409.36346435546875;409.076171875;1404.148681640625;1404.7149658203125;1440.880615234375;-1392.2164306640625;-1388.320556640625;-1425.9476318359375;64.9825439453125;143.598388671875;107.5098648071289;1.0;0.9953108429908752;0.9994699358940125;50.01274871826172;4420.79638671875;-4420.2099609375;321.9484558105469;0.9981388449668884;-6.309999942779541;-6.339000225067139;-6.348999977111816;-18.99799919128418;257.29998779296875;254.8000030517578;254.6999969482422;443.3999938964844;441.20001220703125;443.3999938964844;-4881.5;-1627.4000244140625;-1612.0;-1614.5;-52.79999923706055;-70.5;17.700000762939453;0.0;4846.7998046875;1620.0999755859375;1612.0999755859375;1614.5;1.0;-0.9990000128746033;1.0;1.0;50.0;MPPT;50.01642608642578;7.444916248321533;7.435637474060059;7.448332786560059;258.4842834472656;256.0250244140625;256.0759582519531;445.4721984863281;442.57574462890625;446.6508483886719;5021.708984375;4.396697521209717;5021.7109375;-99.99996185302734;242805.265625;5474.0625;2016-07-15 13:30:00;6330.596462992983;621.9018270538438;10.179414479264562;1047.6158185960724;349;-4531.990389652426;-5579.606208248498
2026-04-24 20:00:10;3.2436187267303467;3.2520575523376465;3.316689968109131;237.6935577392578;238.42840576171875;239.55186462402344;412.3304138183594;413.7677917480469;413.17138671875;756.7060546875;758.7472534179688;780.740966796875;-758.2891845703125;-754.489990234375;-777.4862670898438;20.440683364868164;92.74825286865234;76.96497344970703;0.9968701004981995;0.9902317523956299;0.9957287311553955;50.00824737548828;2237.737548828125;-2224.21484375;193.15463256835938;0.9940453171730042;-3.2049999237060547;-3.200000047683716;-3.2160000801086426;-9.621000289916992;258.5;256.0;255.6999969482422;445.5;443.1000061035156;445.29998779296875;-2482.0;-832.0999755859375;-815.5999755859375;-818.5;-32.70000076293945;-67.4000015258789;21.600000381469727;13.0;2455.5;820.9000244140625;815.9000244140625;818.5999755859375;1.0;-0.996999979019165;1.0;1.0;50.0;MPPT;50.03048324584961;4.987624168395996;4.979068279266357;4.9916090965271;257.4770812988281;255.16017150878906;255.0338897705078;443.8407897949219;440.9512634277344;444.8584899902344;3827.455078125;-33.433895111083984;3827.60107421875;99.99618530273438;242805.265625;3930.239013671875;2016-07-15 13:45:00;5915.666774071297;619.0886633015326;9.555443549109249;1495.2397743300426;498;-2552.8484099714447;-4048.088184301487
2026-04-24 20:00:46;5.901372909545898;5.914332866668701;6.033839225769043;235.23204040527344;235.9726104736328;237.08865356445312;408.0803527832031;409.6802062988281;408.9812927246094;1394.5616455078125;1398.1673583984375;1431.1722412109375;-1391.39111328125;-1389.48095703125;-1430.5517578125;55.20281982421875;130.06405639648438;97.76721954345703;1.0;0.9962776303291321;0.9997352361679077;49.99025344848633;4219.955078125;-4213.859375;284.58465576171875;0.9984179735183716;-6.058000087738037;-6.078000068664551;-6.081999778747559;-18.218000411987305;257.1000061035156;254.60000610351562;254.39999389648438;443.1000061035156;440.79998779296875;442.8999938964844;-4639.39990234375;-1549.800048828125;-1544.699951171875;-1545.9000244140625;-73.80000305175781;-77.69999694824219;8.800000190734863;-5.0;4643.2998046875;1552.5999755859375;1544.800048828125;1545.9000244140625;1.0;-0.9990000128746033;1.0;1.0;50.0;MPPT;50.00068283081055;6.950809955596924;6.9433770179748535;6.955134868621826;256.37335205078125;253.92820739746094;253.9537811279297;441.6741943359375;438.9923400878906;443.06756591796875;5311.455078125;6.473566055297852;5311.458984375;-99.99992370605469;242805.265625;5469.43505859375;2016-07-15 14:00:00;5500.722059631274;616.2753976783631;8.925753129775472;733.3324292069003;244;-4657.375189231748;-5390.707618438648
2026-04-24 20:01:12;5.720754623413086;5.731346607208252;5.842955589294434;234.93743896484375;235.52362060546875;236.70095825195312;407.43145751953125;408.9557800292969;408.447265625;1343.6513671875;1349.121337890625;1382.8929443359375;-1344.217041015625;-1342.597412109375;-1381.0552978515625;66.46331024169922;143.1173858642578;110.84732818603516;1.0;0.9941294193267822;0.9983729124069214;50.00374984741211;4077.2333984375;-4067.8857421875;317.5831298828125;0.9974319934844971;-5.85099983215332;-5.875999927520752;-5.883999824523926;-17.611000061035156;256.70001220703125;254.3000030517578;254.10000610351562;442.5;440.20001220703125;442.29998779296875;-4487.7001953125;-1497.699951171875;-1492.800048828125;-1493.800048828125;-28.899999618530273;-61.599998474121094;23.299999237060547;9.399999618530273;4484.2998046875;1497.5;1493.0;1493.800048828125;1.0;-0.9990000128746033;1.0;1.0;50.0;MPPT;50.01869583129883;6.342153549194336;6.333912372589111;6.345086097717285;255.92955017089844;253.63861083984375;253.5926055908203;441.0211181640625;438.4961853027344;442.37823486328125;4840.8681640625;-31.734724044799805;4840.97216796875;99.99784851074219;242805.265625;4985.93603515625;2016-07-15 14:15:00;5011.596361153358;612.9591956277028;8.17606848367976;409.52180752956497;136;-4501.842626400726;-4911.364433930291
2026-04-24 20:01:37;5.111048221588135;5.112911224365234;5.224655628204346;234.82069396972656;235.32275390625;236.8839111328125;407.1878356933594;408.98736572265625;408.5157165527344;1203.722900390625;1208.6556396484375;1240.5321044921875;-1201.52392578125;-1199.920654296875;-1238.438232421875;55.94778060913086;130.36842346191406;100.54503631591797;0.9997818470001221;0.993381142616272;0.9985297918319702;50.01124954223633;3655.0458984375;-3643.8740234375;281.2736511230469;0.9969434142112732;-5.254000186920166;-5.27400016784668;-5.2870001792907715;-15.8149995803833;256.5;254.10000610351562;253.89999389648438;442.1000061035156;439.8999938964844;442.0;-4019.60009765625;-1341.5999755859375;-1338.0999755859375;-1339.800048828125;-30.899999618530273;-62.5;21.799999237060547;9.600000381469727;4021.199951171875;1343.0;1338.300048828125;1339.5999755859375;1.0;-0.9990000128746033;1.0;1.0;50.0;MPPT;50.026222229003906;5.726019382476807;5.718571186065674;5.730202674865723;255.83580017089844;253.51605224609375;253.41513061523438;440.7846374511719;438.19024658203125;442.1802062988281;4366.7001953125;-12.473237037658691;4366.7177734375;99.99959564208984;242805.265625;4499.20556640625;2016-07-15 14:30:00;4522.485688193782;609.6430954479007;7.418251304677112;390.47412390148645;130;-4041.56185052842;-4432.035974429907
2026-04-24 20:02:02;4.602400779724121;4.62346887588501;4.71876335144043;234.85494995117188;235.50830078125;236.86378479003906;407.5135803222656;409.2384338378906;408.5656433105469;1080.2330322265625;1086.3560791015625;1114.74365234375;-1080.38427734375;-1081.716796875;-1114.31201171875;34.997737884521484;110.06432342529297;80.95173645019531;1.0;0.9948103427886963;0.9989203810691833;50.00600051879883;3280.56787109375;-3276.2900390625;234.6064453125;0.99665367603302;-4.748000144958496;-4.763999938964844;-4.775000095367432;-14.286999702453613;256.1000061035156;253.8000030517578;253.60000610351562;441.5;439.3999938964844;441.3999938964844;-3618.39990234375;-1207.4000244140625;-1206.0;-1207.4000244140625;-64.0;-74.69999694824219;10.600000381469727;0.0;3624.89990234375;1211.4000244140625;1206.0;1207.4000244140625;1.0;-0.9980000257492065;1.0;1.0;50.0;MPPT;50.02379608154297;5.113865852355957;5.106342315673828;5.117971897125244;255.18089294433594;252.99026489257812;252.8101806640625;439.7632141113281;437.2589111328125;441.03985595703125;3890.676025390625;-8.761333465576172;3890.68603515625;99.99974060058594;242805.265625;4010.6337890625;2016-07-15 14:45:00;4033.375015234206;606.3269952680986;6.65214487679338;314.2833893891722;104;-3638.4241255403495;-3952.7075149295215
2026-04-24 20:02:30;3.8734755516052246;3.8816041946411133;3.9668092727661133;234.70228576660156;235.4359893798828;236.48382568359375;406.8778076171875;408.3486633300781;407.7227783203125;907.5369262695312;913.2584838867188;938.8916625976562;-906.9739379882812;-907.396728515625;-937.4218139648438;31.6538143157959;106.55551147460938;81.16848754882812;0.9983628392219543;0.9925341606140137;0.9971581697463989;50.02250289916992;2759.43701171875;-2747.08837890625;228.42918395996094;0.9960983395576477;-4.019000053405762;-4.0289998054504395;-4.0370001792907715;-12.085000038146973;255.3000030517578;253.10000610351562;252.8000030517578;440.20001220703125;438.1000061035156;440.0;-3051.199951171875;-1018.0;-1016.2000122070312;-1017.7999877929688;-26.299999237060547;-61.0;21.899999618530273;12.699999809265137;3053.89990234375;1019.5;1016.4000244140625;1017.9000244140625;1.0;-0.9980000257492065;1.0;1.0;50.0;MPPT;50.03266143798828;4.495030879974365;4.487565517425537;4.499267578125;254.5724334716797;252.3890380859375;252.27088928222656;438.7350769042969;436.2411804199219;440.0541687011719;3411.85009765625;-24.362829208374023;3411.93701171875;99.99745178222656;242805.265625;3521.082275390625;2016-07-15 15:00:00;3544.249316756291;603.0107932174383;5.877588521833105;400.0013561896496;133;-3073.3629742315156;-3473.364330421165
2026-04-24 20:02:57;3.3817899227142334;3.3933844566345215;3.4679317474365234;234.6832275390625;235.43614196777344;236.543701171875;407.0135803222656;408.7319641113281;407.9898986816406;792.902587890625;798.806640625;821.3453979492188;-791.1149291992188;-791.6375122070312;-817.6089477539062;21.083240509033203;96.37838745117188;74.1430892944336;0.9977675080299377;0.990982174873352;0.9966028928756714;50.01874923706055;2409.01904296875;-2399.092529296875;202.5687255859375;0.9939788579940796;-3.5280001163482666;-3.5339999198913574;-3.5399999618530273;-10.60200023651123;254.89999389648438;252.60000610351562;252.5;439.5;437.3999938964844;439.3999938964844;-2672.10009765625;-890.5999755859375;-889.7999877929688;-891.7000122070312;-29.799999237060547;-62.0;20.100000381469727;12.0;2674.60009765625;892.7000122070312;890.0;888.2000122070312;1.0;-0.9980000257492065;1.0;1.0;50.0;MPPT;50.03352355957031;3.80692458152771;3.7994744777679443;3.8109591007232666;254.09722900390625;251.953125;251.8594970703125;437.8695373535156;435.4057312011719;439.2594909667969;2880.90673828125;-24.59208869934082;2881.01171875;99.99635314941406;242805.265625;2977.0712890625;2016-07-15 15:15:00;2995.006519405457;599.2870058626679;4.997616317567529;238.09265487685795;79;-2697.0137341404898;-2935.1063890173477
2026-04-24 20:03:22;2.7825889587402344;2.795257091522217;2.864889621734619;232.09983825683594;232.6915283203125;233.91920471191406;402.47119140625;404.03631591796875;403.4422302246094;646.4690551757812;650.7271118164062;670.3182983398438;-643.5352172851562;-643.9910278320312;-667.113037109375;12.78707504272461;85.17537689208984;67.70780944824219;0.9952537417411804;0.9889589548110962;0.995270311832428;50.01499938964844;1969.7939453125;-1956.548095703125;160.00027465820312;0.9934345483779907;-2.943000078201294;-2.941999912261963;-2.9509999752044678;-8.836000442504883;251.89999389648438;249.60000610351562;249.39999389648438;434.29998779296875;432.1000061035156;434.1000061035156;-2193.699951171875;-730.5999755859375;-730.5999755859375;-732.5;-43.20000076293945;-65.19999694824219;14.399999618530273;7.599999904632568;2196.800048828125;733.5;730.7000122070312;732.5;1.0;-0.9959999918937683;1.0;1.0;50.0;MPPT;50.02257537841797;3.142397880554199;3.135277271270752;3.146329164505005;250.814453125;248.63914489746094;248.5955047607422;432.2132873535156;429.8150329589844;433.635009765625;2349.849609375;-0.7135789394378662;2349.849609375;100.0;242805.265625;2434.201171875;2016-07-15 15:30:00;2445.748696536284;595.5631166370392;4.106615450511225;180.94960399262234;60;-2215.8841186129357;-2396.8337226055583
2026-04-24 20:03:50;1.979999303817749;1.9819432497024536;2.0371904373168945;232.2394561767578;232.73867797851562;234.03208923339844;402.8499755859375;404.4466552734375;404.0074462890625;458.3008117675781;460.6248474121094;475.5542907714844;-452.7218933105469;-454.4960632324219;-472.7671203613281;0.0;71.1155776977539;58.60061264038086;0.985012412071228;0.9826508164405823;0.9905390739440918;50.02700424194336;1400.24267578125;-1381.2470703125;117.77984619140625;0.9881772398948669;-2.13700008392334;-2.118000030517578;-2.128000020980835;-6.382999897003174;251.6999969482422;249.39999389648438;249.1999969482422;433.8999938964844;431.79998779296875;433.70001220703125;-1575.199951171875;-523.7999877929688;-524.0999755859375;-526.5;-51.79999923706055;-69.0999984741211;11.100000381469727;6.199999809265137;1579.5999755859375;528.7999877929688;524.2999877929688;526.5;-0.9990000128746033;-0.9909999966621399;1.0;1.0;50.0;MPPT;50.02899932861328;2.4287636280059814;2.4215586185455322;2.4329826831817627;250.6708984375;248.41128540039062;248.2657928466797;431.90753173828125;429.27337646484375;433.2618713378906;1814.3695068359375;8.953571319580078;1814.3916015625;-99.998779296875;242805.265625;1886.3453369140625;2016-07-15 15:45:00;1896.5058991854498;591.8393292822689;3.204426953993353;257.14033850493655;85;-1601.435442696804;-1858.5757812017407
2026-04-24 20:04:18;1.2048696279525757;1.1907637119293213;1.22947096824646;232.3867645263672;232.94482421875;234.09332275390625;403.02880859375;404.2738037109375;403.9786071777344;280.8046875;278.01629638671875;287.99615478515625;-265.69268798828125;-267.3251953125;-280.5450134277344;-17.10255241394043;52.89140701293945;43.92969512939453;0.951910138130188;0.965214192867279;0.9758352637290955;50.01499938964844;847.0032958984375;-816.5316162109375;77.09439086914062;0.9622236490249634;-1.3589999675750732;-1.3179999589920044;-1.3259999752044678;-4.002999782562256;251.10000610351562;248.6999969482422;248.5;432.79998779296875;430.6000061035156;432.70001220703125;-967.0;-321.3999938964844;-321.3999938964844;-324.0;-41.5;-66.0;13.699999809265137;10.600000381469727;974.2000122070312;328.20001220703125;321.70001220703125;324.5;-0.9990000128746033;-0.9779999852180481;0.9990000128746033;1.0;50.0;MPPT;50.0201416015625;1.7166011333465576;1.7096468210220337;1.7207527160644531;249.9681854248047;247.36781311035156;247.68638610839844;430.4985656738281;427.76544189453125;432.15765380859375;1278.1866455078125;12.13507080078125;1278.2442626953125;-99.99549102783203;242805.265625;1340.4876708984375;2016-07-15 16:00:00;1347.251081419945;588.1154604308118;2.2907935126089765;323.81062167733535;107;-996.4954381142106;-1320.306059791546
2026-04-24 20:04:43;0.8938616514205933;0.8695770502090454;0.9037935733795166;232.24343872070312;232.780517578125;234.0227508544922;402.7500915527344;404.20208740234375;403.6880187988281;211.16612243652344;203.5706329345703;212.24624633789062;-190.65127563476562;-191.9534912109375;-203.1647491455078;-27.16769790649414;41.949710845947266;35.054931640625;0.9025413393974304;0.9483048915863037;0.9583107233047485;50.018001556396484;625.83935546875;-584.3801879882812;58.28115463256836;0.9337543249130249;-1.055999994277954;-0.9900000095367432;-0.9990000128746033;-3.0450000762939453;250.60000610351562;248.10000610351562;248.3000030517578;431.79998779296875;429.79998779296875;432.0;-718.0;-238.10000610351562;-239.10000610351562;-241.3000030517578;-48.599998474121094;-68.80000305175781;11.0;9.100000381469727;729.2000122070312;248.3000030517578;239.3000030517578;241.5;-0.9980000257492065;-0.9639999866485596;0.9980000257492065;0.9990000128746033;50.0;MPPT;50.025779724121094;1.2743080854415894;1.267192006111145;1.2784101963043213;249.59837341308594;247.5037384033203;247.3487091064453;430.2454833984375;427.7342529296875;431.5285339355469;953.5242919921875;0.4365682899951935;953.5243530273438;-99.99999237060547;242805.265625;1007.2452392578125;2016-07-15 16:15:00;1010.4390623408756;585.8319232708695;1.7247934470680621;238.09265487685795;79;-752.1376262172;-990.230281094058
2026-04-24 20:05:12;0.6402372121810913;0.5648534297943115;0.587780237197876;232.19992065429688;232.80296325683594;233.92599487304688;402.7306823730469;404.2575378417969;403.7937927246094;148.48451232910156;133.4990997314453;139.21397399902344;-114.52301788330078;-116.31602478027344;-123.8381576538086;-29.78510856628418;37.983856201171875;34.167999267578125;0.7673042416572571;0.8666641712188721;0.8991191387176514;50.01124954223633;423.87554931640625;-359.67279052734375;31.497529983520508;0.8422980308532715;-0.777999997138977;-0.6729999780654907;-0.6779999732971191;-2.128999948501587;250.39999389648438;248.10000610351562;248.0;431.70001220703125;429.6000061035156;431.6000061035156;-472.8999938964844;-156.1999969482422;-155.60000610351562;-158.0;-50.900001525878906;-69.80000305175781;9.699999809265137;9.0;484.0;169.6999969482422;156.0;158.1999969482422;-0.9940000176429749;-0.9139999747276306;0.9980000257492065;0.9980000257492065;50.0;MPPT;50.01527786254883;0.8330398797988892;0.826086163520813;0.8369458317756653;249.3950958251953;247.09945678710938;247.0494384765625;429.649658203125;427.0812072753906;431.1272888183594;618.5067138671875;10.56069564819336;618.5968627929688;-99.98542785644531;242805.265625;668.9661865234375;2016-07-15 16:30:00;673.6255407099725;583.5483759238414;1.1543610924176182;152.38146902462842;50;-507.7715608711446;-660.153029895773
2026-04-24 20:05:36;0.4168764650821686;0.24057479202747345;0.2533048093318939;231.7734375;232.16207885742188;233.65928649902344;401.83538818359375;403.5298156738281;402.96405029296875;100.19430541992188;53.42679977416992;56.55405807495117;-13.870766639709473;-12.171921730041504;-16.347795486450195;-42.09202575683594;20.857650756835938;23.464067459106445;0.13307170569896698;0.21494612097740173;0.27856919169425964;49.99774932861328;210.23037719726562;-39.864501953125;1.545816421508789;0.18092837929725647;-0.47999998927116394;-0.2840000092983246;-0.2840000092983246;-1.0479999780654907;249.89999389648438;247.60000610351562;247.5;430.79998779296875;428.70001220703125;430.70001220703125;-117.80000305175781;-37.099998474121094;-38.29999923706055;-40.599998474121094;-35.0;-64.0999984741211;14.199999809265137;14.800000190734863;158.3000030517578;74.19999694824219;40.79999923706055;43.20000076293945;-0.9570000171661377;-0.503000020980835;0.9369999766349792;0.9179999828338623;50.0;MPPT;50.012847900390625;0.3985140323638916;0.392372190952301;0.40262189507484436;248.7462158203125;246.5382080078125;246.47067260742188;428.6005859375;426.1007385253906;430.0584716796875;294.23370361328125;-17.299114227294922;294.7418212890625;99.82760620117188;242805.265625;340.4539794921875;2016-07-15 16:45:00;336.81352163090315;581.264838763899;0.5794493304414577;171.42915265270696;57;-158.6480985455781;-330.07725119828507
2026-04-24 20:06:01;0.426271915435791;0.2305014431476593;0.23542967438697815;231.97134399414062;232.51156616210938;233.78378295898438;402.1631164550781;403.9716491699219;403.33135986328125;100.04436492919922;52.982200622558594;54.90650177001953;1.1068623065948486;0.0;0.0;-43.390892028808594;17.82375144958496;21.1231746673584;0.0;0.0;0.0;50.00225067138672;205.1729736328125;0.0;-6.940410614013672;0.0;-0.46000000834465027;-0.24400000274181366;-0.2409999966621399;-0.9449999928474426;250.0;247.6999969482422;247.60000610351562;431.0;428.8999938964844;430.8999938964844;-55.900001525878906;-16.899999618530273;-18.100000381469727;-20.799999237060547;-40.400001525878906;-66.0999984741211;12.300000190734863;13.199999809265137;114.9000015258789;68.19999694824219;21.899999618530273;24.200000762939453;-0.7829999923706055;-0.26100000739097595;0.9010000228881836;0.9020000100135803;49.900001525878906;MPPT;50.011627197265625;0.43053093552589417;0.423822820186615;0.4347301721572876;248.7146453857422;246.45388793945312;246.42010498046875;428.4683532714844;426.0071105957031;429.9960021972656;318.23638916015625;10.061738967895508;318.3954162597656;-99.9500503540039;242805.265625;363.9398498535156;2016-07-16 04:15:00;360.9775602231122;581.4286674782378;0.6208458241124191;257.14033850493655;85;-96.61767051371339;-353.75800901864994
2026-04-24 20:06:27;0.6347079873085022;0.5589271187782288;0.5829645395278931;232.00498962402344;232.5580291748047;233.7025909423828;402.2417907714844;403.74310302734375;403.2435302734375;145.8720703125;132.06973266601562;138.47122192382812;-111.88304901123047;-112.388427734375;-121.47392272949219;-23.660322189331055;43.3084602355957;40.947513580322266;0.7659092545509338;0.8518332242965698;0.8764371275901794;50.00824737548828;418.0395812988281;-347.182373046875;55.061500549316406;0.8305011987686157;-0.7580000162124634;-0.671999990940094;-0.6800000071525574;-2.109999895095825;250.1999969482422;248.0;247.8000030517578;431.3999938964844;429.29998779296875;431.20001220703125;-462.1000061035156;-152.39999389648438;-153.5;-156.0;-27.0;-59.70000076293945;18.399999618530273;14.100000381469727;474.70001220703125;163.3000030517578;154.60000610351562;156.6999969482422;-0.996999979019165;-0.925000011920929;0.9950000047683716;0.9940000176429749;50.0;MPPT;50.01406478881836;0.9073522090911865;0.9005494117736816;0.9117363095283508;249.18917846679688;246.9764404296875;246.91810607910156;429.3504943847656;426.9247741699219;430.7852478027344;673.4569702148438;-12.987771987915039;673.5822143554688;99.98140716552734;242805.265625;720.653564453125;2016-07-16 04:30:00;721.9551204462244;583.8760435396049;1.2364869708809239;209.52451990886405;69;-497.99149812843586;-707.5160180372999
2026-04-24 20:06:52;1.0894029140472412;1.0635185241699219;1.1008154153823853;232.18312072753906;232.6786346435547;233.9182891845703;402.4716491699219;404.02239990234375;403.5331115722656;252.0904998779297;246.4757080078125;256.0981140136719;-236.07850646972656;-237.71568298339844;-250.1661834716797;-20.171302795410156;48.38886642456055;40.06209945678711;0.9352619647979736;0.961807906627655;0.9728913307189941;49.98426055908203;756.1690063476562;-723.7896118164062;70.75214385986328;0.9541306495666504;-1.2400000095367432;-1.1890000104904175;-1.1970000267028809;-3.625999927520752;250.6999969482422;248.39999389648438;248.1999969482422;432.20001220703125;430.0;432.0;-865.0999755859375;-286.5;-288.5;-290.8999938964844;-50.099998474121094;-68.5999984741211;10.300000190734863;8.0;876.0;296.1000061035156;288.70001220703125;291.0;-0.9990000128746033;-0.9750000238418579;0.9990000128746033;0.9990000128746033;50.0;MPPT;49.99338912963867;1.3750874996185303;1.367720127105713;1.3789353370666504;249.737060546875;247.26429748535156;247.3544158935547;430.2218017578125;427.4095153808594;431.6352233886719;1022.5887451171875;-2.54984974861145;1022.5919189453125;99.99968719482422;242805.265625;1078.2183837890625;2016-07-16 04:45:00;1082.9326806693366;586.3234196009719;1.8469886149291752;161.9019203645438;53;-899.372106691406;-1061.2740270559498
2026-04-24 20:07:18;1.5297925472259521;1.5343050956726074;1.579640507698059;231.81581115722656;232.4567413330078;233.67117309570312;402.0719299316406;403.76605224609375;403.2504577636719;356.3746032714844;356.2562561035156;368.5274658203125;-343.43597412109375;-345.37152099609375;-361.2890319824219;-10.715620994567871;60.449798583984375;49.03095626831055;0.9694881439208984;0.9754418134689331;0.9844227433204651;49.98426055908203;1078.6282958984375;-1057.337890625;82.68388366699219;0.979368269443512;-1.687999963760376;-1.659000039100647;-1.6660000085830688;-5.013000011444092;251.10000610351562;248.60000610351562;248.60000610351562;432.70001220703125;430.3999938964844;432.5;-1225.0999755859375;-407.70001220703125;-407.5;-409.79998779296875;-59.099998474121094;-71.5;8.0;4.300000190734863;1231.5;413.8999938964844;407.6000061035156;410.20001220703125;-0.9990000128746033;-0.9869999885559082;0.9990000128746033;1.0;50.0;MPPT;49.9909553527832;1.8487000465393066;1.8415582180023193;1.8520604372024536;249.98353576660156;247.5979766845703;247.57566833496094;430.6231689453125;427.9234313964844;432.10699462890625;1376.49755859375;-3.202014207839966;1376.501220703125;99.9997329711914;242805.265625;1438.9921875;2016-07-16 05:00:00;1443.9102408924489;588.7707956623389;2.452414847221013;161.9019203645438;53;-1253.130115710056;-1415.0320360745998
2026-04-24 20:07:48;1.4893478155136108;1.4887890815734863;1.5298022031784058;232.08273315429688;232.71974182128906;233.8094024658203;402.37353515625;403.96209716796875;403.4178466796875;344.67144775390625;346.2492370605469;358.51947021484375;-334.8026123046875;-337.0252990722656;-352.0159912109375;0.0;62.790008544921875;51.5242919921875;0.9685961008071899;0.9732965230941772;0.983204185962677;49.98201370239258;1049.8160400390625;-1024.2222900390625;114.34088134765625;0.9752508401870728;-1.6469999551773071;-1.6180000305175781;-1.628999948501587;-4.894000053405762;250.6999969482422;248.5;248.39999389648438;432.29998779296875;430.29998779296875;432.20001220703125;-1192.5;-396.5;-396.79998779296875;-399.3999938964844;-24.200000762939453;-59.79999923706055;19.5;16.0;1198.5;401.3999938964844;397.29998779296875;399.70001220703125;1.0;-0.9869999885559082;0.9990000128746033;1.0;49.900001525878906;MPPT;49.993385314941406;1.855865478515625;1.8491523265838623;1.8600300550460815;249.86569213867188;247.8137664794922;247.6792755126953;430.6786804199219;428.27008056640625;432.052978515625;1382.66064453125;-4.243985652923584;1382.6671142578125;99.9995346069336;242805.265625;1445.11865234375;2016-07-16 05:15:00;1450.534991927958;588.815710523769;2.4634787523547295;199.9972876207009;66;-1221.5270044686977;-1421.5242920893986
2026-04-24 20:08:15;1.508705973625183;1.506717324256897;1.5512155294418335;231.9765625;232.68544006347656;233.83697509765625;402.40057373046875;403.9529113769531;403.41436767578125;349.7957458496094;349.90667724609375;363.24835205078125;-340.6827392578125;-342.01025390625;-357.0504455566406;-11.775800704956055;59.57664108276367;47.62190628051758;0.9715957045555115;0.9759781360626221;0.9829133749008179;49.97077560424805;1064.50927734375;-1040.2989501953125;95.75497436523438;0.976540744304657;-1.6640000343322754;-1.6339999437332153;-1.6390000581741333;-4.936999797821045;250.8000030517578;248.5;248.39999389648438;432.3999938964844;430.29998779296875;432.29998779296875;-1208.699951171875;-401.8999938964844;-400.79998779296875;-403.1000061035156;-42.70000076293945;-66.5;13.600000381469727;10.0;1210.5999755859375;406.20001220703125;401.0;403.20001220703125;-0.9990000128746033;-0.9869999885559082;0.9990000128746033;1.0;50.0;MPPT;49.97757339477539;1.8615275621414185;1.8542402982711792;1.865703821182251;249.80059814453125;247.6249542236328;247.41287231445312;430.451171875;427.96990966796875;431.6803283691406;1385.7464599609375;-3.537616491317749;1385.7509765625;99.99967193603516;242805.265625;1448.634033203125;2016-07-16 05:30:00;1457.1597429634662;588.8606253851992;2.4745409697078573;190.4768362807855;63;-1237.5397118234114;-1428.0165481041968
2026-04-24 20:08:41;1.5860792398452759;1.599712610244751;1.6488173007965088;231.69479370117188;232.40562438964844;233.46969604492188;401.86981201171875;403.5800476074219;402.9350891113281;370.56793212890625;372.361083984375;385.2540588378906;-362.1636962890625;-364.1301574707031;-379.924072265625;0.0;65.5339126586914;53.49070358276367;0.974456250667572;0.9760280847549438;0.9843486547470093;49.96778106689453;1130.400146484375;-1106.3251953125;111.74684143066406;0.9789750576019287;-1.7599999904632568;-1.7339999675750732;-1.74399995803833;-5.23799991607666;250.8000030517578;248.5;248.3000030517578;432.5;430.3999938964844;432.3999938964844;-1279.699951171875;-425.5;-425.8999938964844;-428.29998779296875;-30.799999237060547;-61.70000076293945;16.899999618530273;13.800000190734863;1282.5999755859375;429.5;425.3999938964844;427.6000061035156;1.0;-0.9890000224113464;0.9990000128746033;1.0;49.900001525878906;MPPT;49.978790283203125;1.872165560722351;1.86516535282135;1.8766443729400635;249.77825927734375;247.59487915039062;247.41790771484375;430.3098449707031;427.93994140625;431.7681884765625;1393.75927734375;-6.022727012634277;1393.7723388671875;99.99906158447266;242805.265625;1458.6356201171875;2016-07-16 05:45:00;1463.784493998975;588.9055402466294;2.4856014996665725;123.8065531083867;41;-1310.7022510106087;-1434.5088041189954
2026-04-24 20:09:08;1.6384391784667969;1.6405776739120483;1.6883443593978882;231.8257598876953;232.5782012939453;233.73939514160156;402.1526794433594;403.8035888671875;403.1384582519531;378.72314453125;380.25262451171875;393.62884521484375;-369.4046325683594;-372.17047119140625;-387.4842224121094;0.0;63.738548278808594;51.76099395751953;0.975996196269989;0.979709804058075;0.9870607852935791;49.97526931762695;1155.4324951171875;-1133.109130859375;106.15443420410156;0.9808939695358276;-1.7949999570846558;-1.7649999856948853;-1.774999976158142;-5.335000038146973;250.89999389648438;248.8000030517578;248.39999389648438;432.70001220703125;430.5;432.3999938964844;-1307.0;-434.0;-435.20001220703125;-437.5;-42.70000076293945;-65.80000305175781;13.399999618530273;9.600000381469727;1312.5;439.3999938964844;435.3999938964844;437.6000061035156;-0.9990000128746033;-0.9890000224113464;1.0;1.0;49.900001525878906;MPPT;49.98309326171875;1.8828246593475342;1.876054286956787;1.8870679140090942;249.87342834472656;247.84490966796875;247.61944580078125;430.6024475097656;428.3848876953125;431.97833251953125;1401.1795654296875;8.657732009887695;1401.206298828125;-99.99809265136719;242805.265625;1465.171630859375;2016-07-16 06:00:00;1470.4107475863175;588.9504652951454;2.4966628506685007;104.75886948030814;34;-1336.2436631542828;-1441.002532634591
2026-04-24 20:09:34;1.1230758428573608;1.0963716506958008;1.1308245658874512;234.3616485595703;235.4008331298828;236.5865478515625;406.90087890625;408.7650146484375;407.9648742675781;264.89093017578125;261.32110595703125;270.2612609863281;-247.02975463867188;-249.24990844726562;-260.896484375;-13.903617858886719;58.36066818237305;49.8895378112793;0.9357859492301941;0.952441930770874;0.9648427963256836;49.970027923583984;792.0166015625;-752.905517578125;90.92933654785156;0.9527996182441711;-1.2710000276565552;-1.2259999513626099;-1.2330000400543213;-3.7300000190734863;253.1999969482422;251.10000610351562;251.0;436.70001220703125;434.79998779296875;436.6000061035156;-901.9000244140625;-299.20001220703125;-300.29998779296875;-302.79998779296875;-21.200000762939453;-60.0;20.600000381469727;18.200000762939453;910.2999877929688;305.79998779296875;301.1000061035156;303.29998779296875;1.0;-0.9789999723434448;0.9980000257492065;0.9990000128746033;49.900001525878906;MPPT;49.976356506347656;1.3748928308486938;1.3676929473876953;1.3791049718856812;252.24940490722656;250.31817626953125;250.14309692382812;434.8517761230469;432.6094970703125;436.2721862792969;1034.085205078125;-3.297555446624756;1034.0904541015625;99.9994888305664;242805.265625;1098.2403564453125;2016-07-16 06:15:00;1102.8084363276964;586.4581743723481;1.8804553922502107;142.85423673646523;47;-937.8980308646771;-1080.7522676011424
2026-04-24 20:09:59;0.6577910780906677;0.5905859470367432;0.5865225195884705;234.1393585205078;235.09251403808594;236.372802734375;406.4740905761719;408.34124755859375;407.5577697753906;152.55213928222656;134.03013610839844;142.0273895263672;-115.24349212646484;-115.78323364257812;-124.8876953125;-28.878293991088867;38.96263122558594;35.77754592895508;0.7644116282463074;0.862102210521698;0.8905537128448486;49.971527099609375;425.8259582519531;-355.2884521484375;61.393463134765625;0.8303892016410828;-0.7670000195503235;-0.6759999990463257;-0.6809999942779541;-2.124000072479248;252.60000610351562;250.5;250.5;435.70001220703125;433.8999938964844;435.6000061035156;-472.79998779296875;-156.10000610351562;-157.10000610351562;-159.5;-24.0;-61.20000076293945;18.5;18.700000762939453;486.6000061035156;167.6999969482422;158.60000610351562;161.0;-0.9990000128746033;-0.9319999814033508;0.9929999709129333;0.9940000176429749;49.900001525878906;MPPT;49.98365783691406;0.9112613797187805;0.9043228030204773;0.9149952530860901;251.4994354248047;249.59228515625;249.4969940185547;433.5074157714844;431.4543762207031;435.0948181152344;682.8714599609375;-16.75120735168457;683.076904296875;99.96992492675781;242805.265625;730.7184448242188;2016-07-16 06:30:00;735.2046225172418;583.9658732624652;1.258985595185289;209.52451990886405;69;-510.97601015803286;-720.5005300668969
2026-04-24 20:10:25;0.44029033184051514;0.26451975107192993;0.2720044255256653;233.8688201904297;234.78042602539062;236.24642944335938;405.8406066894531;407.93243408203125;407.1480407714844;98.4356460571289;60.85227584838867;60.341529846191406;-18.654497146606445;-16.956785202026367;-21.573610305786133;-41.15978240966797;20.130023956298828;21.233009338378906;0.18628306686878204;0.31103044748306274;0.3323618769645691;49.97227478027344;227.23719787597656;-51.16808319091797;-10.386175155639648;0.20794789493083954;-0.49300000071525574;-0.2750000059604645;-0.3269999921321869;-1.2020000219345093;252.10000610351562;250.0;250.0;434.79998779296875;433.0;434.79998779296875;-127.80000305175781;-41.0;-42.0;-44.70000076293945;-62.0;-72.80000305175781;6.099999904632568;8.300000190734863;173.60000610351562;83.9000015258789;43.29999923706055;46.20000076293945;-0.9240000247955322;-0.5120000243186951;0.9829999804496765;0.984000027179718;49.900001525878906;MPPT;49.97514724731445;0.4114125072956085;0.40437614917755127;0.4157656133174896;250.86199951171875;248.8303680419922;248.89450073242188;432.20245361328125;430.2733459472656;434.1155090332031;306.634521484375;10.091078758239746;306.800537109375;-99.94588470458984;242805.265625;359.4438171386719;2016-07-16 06:45:00;367.6023112586209;581.473582339668;0.6321909067295955;180.94960399262234;60;-179.3006610408261;-360.25026503344844
2026-04-24 20:10:50;0.4798976480960846;0.2877788543701172;0.27202537655830383;233.74395751953125;234.30030822753906;236.0868682861328;405.3759460449219;407.5437316894531;406.7644348144531;113.72679901123047;66.26141357421875;62.22412872314453;35.9525032043457;33.13789367675781;32.305545806884766;-51.404056549072266;5.0208964347839355;13.079352378845215;0.3178519010543823;0.48968836665153503;0.5009953379631042;49.950565338134766;239.99974060058594;100.78239440917969;-27.052413940429688;0.42151859402656555;0.4749999940395355;0.0689999982714653;0.07000000029802322;0.6140000224113464;252.0;249.8000030517578;249.6999969482422;434.5;432.5;434.3999938964844;44.70000076293945;16.600000381469727;16.399999618530273;13.199999809265137;-43.20000076293945;-67.5999984741211;11.300000190734863;13.0;108.4000015258789;69.80000305175781;19.899999618530273;18.600000381469727;0.7630000114440918;0.26100000739097595;-0.8190000057220459;-0.7070000171661377;49.900001525878906;MPPT;49.95933532714844;0.15261483192443848;0.1453644186258316;0.1560133695602417;250.71141052246094;248.5511016845703;248.66409301757812;432.0216979980469;429.6982421875;433.7287902832031;111.89799499511719;1.1181776523590088;111.90357971191406;-99.99501037597656;242805.265625;152.56849670410156;2016-07-16 07:00:00;150.2551833864513;580.0;0.25906066101112296;152.38146902462842;50;5.13138930590614;-147.25007971872228
2026-04-24 20:11:16;0.6371839642524719;0.5843823552131653;0.5951087474822998;234.05911254882812;234.82774353027344;236.15280151367188;405.8365478515625;407.7541809082031;407.01300048828125;150.0463104248047;137.9201202392578;141.2135009765625;-112.88224029541016;-114.04305267333984;-121.90680694580078;-28.598264694213867;39.194637298583984;34.66031265258789;0.7522882223129272;0.8511666655540466;0.8935590982437134;49.976768493652344;424.73101806640625;-352.5880432128906;38.300228118896484;0.8163130879402161;-0.7770000100135803;-0.6729999780654907;-0.6660000085830688;-2.115999937057495;252.60000610351562;250.5;250.39999389648438;435.6000061035156;433.70001220703125;435.6000061035156;-470.70001220703125;-155.6999969482422;-151.89999389648438;-153.8000030517578;-47.099998474121094;-68.69999694824219;10.399999618530273;11.100000381469727;472.6000061035156;166.10000610351562;152.3000030517578;154.1999969482422;-0.9959999918937683;-0.9190000295639038;0.996999979019165;0.9990000128746033;50.0;MPPT;49.987186431884766;0.788131594657898;0.7809397578239441;0.7918816804885864;251.51318359375;249.45127868652344;249.34613037109375;433.50054931640625;431.13214111328125;434.94598388671875;590.2581176757812;14.401138305664062;597.31103515625;-99.97942352294922;242805.265625;639.5606079101562;2016-07-16 07:15:00;644.2807033945985;583.3494221375562;1.1044507441762315;123.8065531083867;41;-507.5885362183198;-631.3950893267065
2026-04-24 20:11:43;1.3282618522644043;1.303563117980957;1.3395355939865112;233.9998016357422;234.97657775878906;236.4029998779297;406.0289306640625;408.0714111328125;407.38238525390625;310.50836181640625;307.8704528808594;317.70269775390625;-294.09344482421875;-295.99072265625;-311.5955810546875;-14.647064208984375;56.500389099121094;46.800811767578125;0.9529690742492676;0.9607312679290771;0.9710742831230164;49.970027923583984;925.203125;-895.8825073242188;82.22516632080078;0.9683464765548706;-1.4520000219345093;-1.4170000553131104;-1.4270000457763672;-4.296000003814697;253.1999969482422;251.10000610351562;251.0;436.70001220703125;434.79998779296875;436.6000061035156;-1051.800048828125;-348.79998779296875;-350.0;-352.79998779296875;-39.79999923706055;-66.0;14.199999809265137;11.899999618530273;1058.5;355.0;350.29998779296875;355.1000061035156;-0.9980000257492065;-0.9789999723434448;1.0;1.0;49.900001525878906;MPPT;49.97514343261719;1.627049446105957;1.6075624227523804;1.6184002161026;252.1479034423828;250.04196166992188;250.00892639160156;434.574462890625;432.2192077636719;436.0543212890625;1213.644287109375;13.81283187866211;1213.722900390625;-99.99352264404297;242805.265625;1282.3441162109375;2016-07-16 07:30:00;1288.5629093410307;587.7175630453274;2.192486647266743;171.42915265270696;57;-1091.362498501503;-1262.79165115421
2026-04-24 20:12:08;2.1522934436798096;2.1611926555633545;2.220674514770508;234.1842803955078;235.24325561523438;236.52810668945312;406.53570556640625;408.4446105957031;407.63043212890625;503.6241149902344;508.0197448730469;523.625244140625;-498.57080078125;-501.0307312011719;-520.2439575195312;0.0;67.39198303222656;51.53949737548828;0.9881638288497925;0.9859707951545715;0.9914568662643433;49.96928024291992;1539.17431640625;-1520.402099609375;126.15082550048828;0.989075779914856;-2.316999912261963;-2.3010001182556152;-2.305000066757202;-6.918000221252441;253.6999969482422;251.60000610351562;251.39999389648438;437.6000061035156;435.6000061035156;437.3999938964844;-1725.199951171875;-574.5;-574.4000244140625;-576.2999877929688;-53.79999923706055;-71.19999694824219;11.199999809265137;6.099999904632568;1730.300048828125;579.0;574.7999877929688;576.2999877929688;1.0;-0.9929999709129333;1.0;1.0;49.900001525878906;MPPT;49.97757339477539;2.4577128887176514;2.4501781463623047;2.4616475105285645;252.5794219970703;250.5182342529297;250.49386596679688;435.3912048339844;433.1024475097656;436.7704162597656;1851.13427734375;6.693006992340088;1851.1463623046875;-99.99934387207031;242805.265625;1921.447509765625;2016-07-16 07:45:00;1932.837602528294;592.0856530176695;3.2644560675929983;142.85423673646523;47;-1751.3266137412627;-1894.180850477728
2026-04-24 20:12:35;2.9651267528533936;2.9764163494110107;3.045003890991211;234.16317749023438;234.8591766357422;236.2489471435547;406.2355651855469;408.0591735839844;407.3475341796875;694.7159423828125;700.4095458984375;719.0534057617188;-691.1355590820312;-691.5865478515625;-718.2693481445312;14.249883651733398;86.53875732421875;65.83920288085938;0.9959768056869507;0.9906435608863831;0.9969975352287292;49.964786529541016;2116.907470703125;-2104.69677734375;162.37448120117188;0.9946466088294983;-3.1579999923706055;-3.1540000438690186;-3.1630001068115234;-9.475000381469727;251.3000030517578;249.0;249.0;433.20001220703125;431.20001220703125;433.20001220703125;-2351.60009765625;-784.0;-782.4000244140625;-785.0999755859375;-44.5;-66.19999694824219;14.600000381469727;6.900000095367432;2354.5;786.7999877929688;782.5999755859375;785.0999755859375;1.0;-0.996999979019165;1.0;1.0;49.900001525878906;MPPT;49.97879409790039;3.3156180381774902;3.30820894241333;3.3191237449645996;250.36904907226562;248.13076782226562;248.18324279785156;431.38671875;428.9371643066406;432.9688720703125;2474.541748046875;-8.602231979370117;2474.556640625;99.99939727783203;242805.265625;2559.28955078125;2016-07-16 08:00:00;2577.131828889397;596.4538754221273;4.320756281557376;152.38146902462842;50;-2373.2077232869806;-2525.589192311609
2026-04-24 20:13:00;3.4163286685943604;3.4361605644226074;3.51611590385437;231.47911071777344;232.0678253173828;233.36705017089844;401.3915100097656;403.238525390625;402.4256896972656;791.06494140625;798.163818359375;820.64501953125;-790.6329956054688;-790.7872924804688;-818.7714233398438;23.89703941345215;95.2859115600586;72.57377624511719;0.9992719292640686;0.9915354251861572;0.9964499473571777;49.98201370239258;2409.25830078125;-2399.84814453125;189.95632934570312;0.9954540133476257;-3.569000005722046;-3.5799999237060547;-3.5869998931884766;-10.736000061035156;251.6999969482422;249.3000030517578;249.3000030517578;433.79998779296875;431.79998779296875;433.79998779296875;-2673.5;-891.5;-889.0999755859375;-891.5;-44.29999923706055;-66.4000015258789;15.300000190734863;6.699999809265137;2674.199951171875;893.2999877929688;889.2000122070312;891.5999755859375;1.0;-0.996999979019165;1.0;1.0;50.0;MPPT;49.99110794067383;3.7814178466796875;3.774139642715454;3.7856149673461914;250.8227081298828;248.5037078857422;248.5394744873047;432.1117858886719;429.5830383300781;433.6489562988281;2827.259765625;-9.560529708862305;2827.27587890625;99.99942779541016;242805.265625;2916.71826171875;2016-07-16 08:15:00;2933.31174110698;598.868724118435;4.898088049972827;180.94960399262234;60;-2693.695902292218;-2874.6455062848404
2026-04-24 20:13:28;3.886338710784912;3.89908504486084;3.985031843185425;231.5583038330078;231.9341278076172;233.4886016845703;401.4316711425781;402.92315673828125;402.587890625;899.5303344726562;904.9033203125;930.7952270507812;-899.466552734375;-898.6617431640625;-925.7197875976562;28.242216110229492;102.38642883300781;77.15974426269531;0.999366044998169;0.9924031496047974;0.997464120388031;49.96628189086914;2735.11962890625;-2725.649169921875;192.2292022705078;0.9963197112083435;-3.9809999465942383;-3.9860000610351562;-3.994999885559082;-11.961999893188477;254.60000610351562;252.39999389648438;252.3000030517578;439.0;437.0;438.8999938964844;-3025.699951171875;-1009.2000122070312;-1003.0999755859375;-1005.5;-63.900001525878906;-74.0;10.100000381469727;0.0;3016.800048828125;1008.0;1003.2000122070312;1005.5;1.0;-0.996999979019165;1.0;1.0;49.900001525878906;MPPT;49.969058990478516;4.193113327026367;4.185338973999023;4.196989059448242;253.68585205078125;251.48036193847656;251.6018524169922;437.2531433105469;434.7292175292969;438.78033447265625;3172.14892578125;13.191410064697266;3172.17626953125;-99.99913787841797;242805.265625;3269.003173828125;2016-07-16 08:30:00;3289.5066788429017;601.2836746856011;5.470806571561946;180.94960399262234;60;-3042.7669412734213;-3223.716545266044
2026-04-24 20:13:57;4.1803297996521;4.197010040283203;4.288234233856201;234.12022399902344;234.78782653808594;236.2425994873047;406.3168640136719;408.1698913574219;407.48565673828125;978.7943115234375;986.0599975585938;1012.8994750976562;-978.464599609375;-979.446533203125;-1010.6585083007812;41.315948486328125;115.98741912841797;88.05654907226562;0.9996067881584167;0.9928857684135437;0.9979074597358704;50.00824737548828;2978.986328125;-2970.771484375;222.4937286376953;0.9969087839126587;-4.324999809265137;-4.335999965667725;-4.3470001220703125;-13.006999969482422;255.5;253.3000030517578;253.1999969482422;440.6000061035156;438.6000061035156;440.5;-3288.10009765625;-1096.9000244140625;-1094.300048828125;-1097.9000244140625;-46.900001525878906;-69.30000305175781;16.799999237060547;5.599999904632568;3294.0;1100.199951171875;1095.800048828125;1097.9000244140625;1.0;-0.9980000257492065;1.0;1.0;50.0;MPPT;50.01358413696289;4.632091522216797;4.62445592880249;4.636406421661377;254.63572692871094;252.5229949951172;252.5161895751953;438.95404052734375;436.5177001953125;440.3280944824219;3518.031005859375;0.5873503684997559;3518.031005859375;-100.0;242805.265625;3622.668212890625;2016-07-16 08:45:00;3645.701616578823;603.6986252527671;6.038943048863788;266.66757079309974;88;-3306.120013454147;-3572.7875842472467
2026-04-24 20:14:27;4.502575874328613;4.510581970214844;4.608750343322754;234.6219482421875;235.54689025878906;236.688720703125;407.1392822265625;408.8966369628906;408.1113586425781;1058.755859375;1062.9322509765625;1092.226806640625;-1057.654541015625;-1056.0794677734375;-1089.2774658203125;33.80244827270508;108.96843719482422;80.30342864990234;1.0;0.9939556121826172;0.9987103939056396;49.964786529541016;3223.2607421875;-3214.69287109375;229.28724670410156;0.9984561204910278;-4.755000114440918;-4.769000053405762;-4.7769999504089355;-14.300999641418457;251.60000610351562;249.39999389648438;249.1999969482422;433.79998779296875;431.79998779296875;433.70001220703125;-3540.199951171875;-1181.300048828125;-1186.300048828125;-1187.5999755859375;-58.70000076293945;-70.19999694824219;11.399999618530273;0.0;3565.199951171875;1191.199951171875;1186.300048828125;1187.5999755859375;1.0;-0.9980000257492065;1.0;1.0;49.900001525878906;MPPT;49.97879409790039;5.223073482513428;5.215194225311279;5.226579666137695;248.03651428222656;245.869384765625;245.92233276367188;427.3922424316406;425.0480651855469;428.9815979003906;3862.8447265625;-20.89430046081543;3862.901123046875;99.99854278564453;242805.265625;3978.21875;2016-07-16 09:00:00;4001.896554314745;606.1135758199331;6.602552250873269;361.9059889334925;120;-3559.9526342949575;-3921.85862322845
2026-04-24 20:14:50;6.1754961013793945;6.184511661529541;6.306029319763184;234.6876678466797;235.39891052246094;236.6619873046875;407.2757873535156;408.9422302246094;408.34063720703125;1450.510986328125;1455.044921875;1491.2010498046875;-1449.0760498046875;-1445.7154541015625;-1489.053466796875;73.06790161132812;149.67388916015625;114.75269317626953;1.0;0.9951542615890503;0.9992306232452393;49.9947509765625;4392.3076171875;-4384.119140625;335.01123046875;0.9981357455253601;-6.302999973297119;-6.331999778747559;-6.336999893188477;-18.972000122070312;256.8999938964844;254.3000030517578;254.39999389648438;442.79998779296875;440.70001220703125;442.79998779296875;-4832.5;-1613.9000244140625;-1608.0;-1610.5;-30.399999618530273;-63.599998474121094;24.399999618530273;8.699999809265137;4827.60009765625;1612.9000244140625;1606.4000244140625;1608.199951171875;1.0;-0.9990000128746033;1.0;1.0;50.0;MPPT;50.005550384521484;6.547497749328613;6.5386881828308105;6.550454139709473;256.119140625;253.8675537109375;253.88584899902344;441.3755798339844;438.88580322265625;442.8076171875;4999.64794921875;-29.271974563598633;4999.7333984375;99.998291015625;242805.265625;5147.287109375;2016-07-16 09:15:00;5175.930455223121;614.0733572050711;8.428847131198053;219.0449712487794;73;-4853.366874869878;-5072.411846118658
2026-04-24 20:15:16;6.717243671417236;6.720186233520508;6.862959384918213;234.87010192871094;235.52023315429688;236.7493438720703;407.4613342285156;409.0528259277344;408.5177001953125;1573.3419189453125;1575.8436279296875;1615.257568359375;-1573.3419189453125;-1564.80615234375;-1609.4974365234375;67.40165710449219;144.3555450439453;109.30083465576172;1.0;0.9959471821784973;0.9993352890014648;49.968528747558594;4751.87109375;-4744.18896484375;357.44598388671875;0.9980754852294922;-6.795000076293945;-6.827000141143799;-6.829999923706055;-20.45199966430664;257.29998779296875;254.89999389648438;254.8000030517578;443.5;441.3999938964844;443.3999938964844;-5224.5;-1744.800048828125;-1737.0;-1738.5;-31.399999618530273;-62.900001525878906;23.5;7.900000095367432;5219.5;1743.800048828125;1737.199951171875;1738.5;1.0;-0.9990000128746033;1.0;1.0;50.0;MPPT;49.98783493041992;7.168227672576904;7.159421443939209;7.171696186065674;256.61871337890625;254.38522338867188;254.43350219726562;442.22869873046875;439.85638427734375;443.6947937011719;5485.087890625;-36.11137771606445;5485.20703125;99.9978256225586;242805.265625;5625.38916015625;2016-07-16 09:30:00;6349.979381649835;622.0332404610675;10.208424515935937;352.3787566453293;117;-5223.302183402287;-5575.680940047616
2026-04-24 20:15:44;6.731215953826904;6.724314212799072;6.855279445648193;234.73558044433594;235.4965362548828;236.57354736328125;407.1705017089844;408.8048400878906;407.99151611328125;1601.2469482421875;1619.939208984375;1667.1634521484375;-1623.39990234375;-1619.768798828125;-1663.305908203125;76.984375;156.7749481201172;121.02619934082031;1.0;0.9960517287254333;0.9998369812965393;49.98725891113281;4858.27978515625;-4842.97412109375;362.71929931640625;0.9982342720031738;-6.945000171661377;-6.973999977111816;-6.985000133514404;-20.90399932861328;257.29998779296875;254.8000030517578;254.6999969482422;443.3999938964844;441.20001220703125;443.3999938964844;-5364.2001953125;-1791.5;-1775.199951171875;-1777.0;-32.79999923706055;-63.599998474121094;23.100000381469727;7.5;5334.7998046875;1782.4000244140625;1775.300048828125;1777.0;1.0;-0.9990000128746033;1.0;1.0;49.900001525878906;MPPT;50.00068664550781;7.2176690101623535;7.2092084884643555;7.221655368804932;256.609375;254.25552368164062;254.2945556640625;442.1690673828125;439.5866394042969;443.52490234375;5533.7958984375;-32.18165969848633;5533.8896484375;99.99830627441406;242805.265625;5664.50927734375;2016-07-16 09:45:00;7524.013282558212;629.9930218462056;11.943010512257676;257.14033850493655;85;-5165.820025795397;-5422.960364300333
2026-04-24 20:16:12;6.636992454528809;6.647599220275879;6.776144027709961;234.92190551757812;235.63369750976562;236.94845581054688;407.42840576171875;409.23876953125;408.52154541015625;1580.68212890625;1583.8046875;1627.0479736328125;-1582.1424560546875;-1578.435546875;-1616.171875;67.70075225830078;143.51773071289062;108.40448760986328;1.0;0.9962314367294312;0.9996004700660706;49.97602081298828;4831.13818359375;-4803.28369140625;326.9101257324219;0.9988396167755127;-6.888999938964844;-6.921000003814697;-6.927999973297119;-20.56100082397461;257.29998779296875;255.0;254.89999389648438;443.6000061035156;441.5;443.5;-5294.39990234375;-1767.4000244140625;-1762.9000244140625;-1764.0;-68.80000305175781;-75.5;11.300000190734863;-3.4000000953674316;5251.7998046875;1754.5;1748.199951171875;1749.0;1.0;-0.9990000128746033;1.0;1.0;49.900001525878906;MPPT;49.98609161376953;6.994046688079834;6.98549222946167;6.998173236846924;256.51708984375;254.30165100097656;254.36146545410156;442.0279541015625;439.81707763671875;443.49066162109375;5350.5517578125;-6.514198303222656;5350.5556640625;99.99992370605469;242805.265625;5470.9150390625;2016-07-16 10:00:00;8698.047183466588;637.9528032313436;13.63431140894662;133.33378539654987;44;-5225.749749618252;-5359.083535014802
2026-04-24 20:16:40;6.688317775726318;6.645703315734863;6.772053241729736;235.02674865722656;235.71359252929688;236.93601989746094;407.6781005859375;409.39501953125;408.74298095703125;1548.2108154296875;1552.033203125;1590.818359375;-1549.1663818359375;-1546.36474609375;-1593.8197021484375;73.06141662597656;149.65029907226562;114.97373962402344;1.0;0.9963673949241638;0.9998160600662231;49.98126220703125;4736.93359375;-4733.90869140625;333.6755676269531;0.9987249374389648;-6.788000106811523;-6.816999912261963;-6.827000141143799;-20.43199920654297;257.29998779296875;255.0;254.89999389648438;443.6000061035156;441.5;443.5;-5205.2998046875;-1738.0;-1736.199951171875;-1737.800048828125;-52.599998474121094;-69.19999694824219;16.5;0.0;5217.0;1742.800048828125;1736.300048828125;1737.800048828125;1.0;-0.9990000128746033;1.0;1.0;49.900001525878906;MPPT;49.988525390625;6.862234115600586;6.853542804718018;6.86592960357666;256.7762145996094;254.4701385498047;254.54664611816406;442.4322509765625;440.05078125;443.91497802734375;5253.5703125;-13.406221389770508;5253.58740234375;99.99967193603516;242805.265625;5397.45458984375;2016-07-16 10:15:00;7902.581217100375;632.5596581213995;12.493021196719644;152.38146902462842;50;-5126.328053167484;-5278.709522192112
2026-04-24 20:17:08;6.6890764236450195;6.698283672332764;6.828127861022949;234.79444885253906;235.4942169189453;236.69485473632812;407.3830261230469;408.86260986328125;408.4842834472656;1590.4423828125;1592.9437255859375;1632.4820556640625;-1592.3367919921875;-1588.97265625;-1636.1201171875;75.94319152832031;153.01222229003906;116.77117156982422;1.0;0.9959707856178284;0.9996811151504517;49.98201370239258;4816.130859375;-4812.2578125;345.04486083984375;0.9981392025947571;-6.89900016784668;-6.927000045776367;-6.935999870300293;-20.761999130249023;257.20001220703125;254.8000030517578;254.8000030517578;443.3999938964844;441.29998779296875;443.3999938964844;-5288.7001953125;-1766.0;-1762.5;-1764.800048828125;-52.599998474121094;-69.9000015258789;17.200000762939453;0.0;5297.2001953125;1769.800048828125;1762.5999755859375;1764.800048828125;1.0;-0.9990000128746033;1.0;1.0;50.0;MPPT;50.00068664550781;7.180519104003906;7.172057151794434;7.184308052062988;256.4856872558594;254.1433563232422;254.37738037109375;441.9684143066406;439.5750732421875;443.4913024902344;5491.78759765625;-33.20578384399414;5491.88818359375;99.9981689453125;242805.265625;5617.62158203125;2016-07-16 10:30:00;7107.100225215824;627.1664111405971;11.332080447820038;171.42915265270696;57;-5398.546327136757;-5569.975479789464
2026-04-24 20:17:35;7.082170486450195;7.0519208908081055;7.187963962554932;234.63616943359375;235.07595825195312;236.49893188476562;406.8674621582031;408.4273681640625;408.0691223144531;1648.9228515625;1651.19384765625;1692.2724609375;-1648.2274169921875;-1639.7811279296875;-1688.4244384765625;78.70166778564453;156.841552734375;118.02979278564453;1.0;0.9961225986480713;1.0;49.96703338623047;4913.96484375;-4916.35498046875;332.36444091796875;0.9986006617546082;-7.043000221252441;-7.072999954223633;-7.076000213623047;-21.191999435424805;257.29998779296875;254.6999969482422;254.8000030517578;443.3999938964844;441.20001220703125;443.3999938964844;-5405.39990234375;-1806.0999755859375;-1798.0999755859375;-1801.0999755859375;-70.5999984741211;-76.4000015258789;11.600000381469727;-5.900000095367432;5418.5;1811.199951171875;1802.199951171875;1804.9000244140625;1.0;-0.9990000128746033;1.0;1.0;49.900001525878906;MPPT;49.97392654418945;7.265294551849365;7.256311416625977;7.269381046295166;256.6763000488281;254.1595001220703;254.38272094726562;442.1321105957031;439.51806640625;443.7516174316406;5558.28564453125;-6.435851573944092;5551.115234375;99.99993133544922;242805.265625;5690.40283203125;2016-07-16 10:45:00;6311.619233331275;621.7731641597946;10.150999749016506;219.0449712487794;73;-5378.672756191294;-5597.717727440074
2026-04-24 20:18:01;6.612940311431885;6.624210357666016;6.752811431884766;234.78695678710938;235.51072692871094;236.73934936523438;407.3031921386719;408.7595520019531;408.3299865722656;1555.1605224609375;1559.074462890625;1597.5467529296875;-1555.17822265625;-1552.9034423828125;-1597.4422607421875;72.45816040039062;150.5128173828125;115.04644775390625;1.0;0.9956439137458801;0.9993244409561157;49.97602081298828;4714.20654296875;-4708.9423828125;325.1923522949219;0.9985513091087341;-6.752999782562256;-6.781000137329102;-6.789999961853027;-20.323999404907227;257.1000061035156;254.6999969482422;254.60000610351562;443.20001220703125;441.0;443.1000061035156;-5183.2001953125;-1730.699951171875;-1724.4000244140625;-1725.9000244140625;-59.79999923706055;-74.0;14.100000381469727;0.0;5182.10009765625;1731.5999755859375;1724.4000244140625;1725.9000244140625;1.0;-0.9990000128746033;1.0;1.0;49.900001525878906;MPPT;49.986087799072266;6.965458869934082;6.9573235511779785;6.969696521759033;256.4505310058594;254.1290740966797;254.21868896484375;442.0158386230469;439.3973388671875;443.2620544433594;5326.1640625;-13.671845436096191;5326.181640625;99.99967193603516;242805.265625;5484.2470703125;2016-07-16 11:00:00;5516.138241446724;616.3799171789922;8.94925043420076;209.52451990886405;69;-5196.2909567089255;-5405.8154766177895
2026-04-24 20:18:28;6.208437442779541;6.214613437652588;6.334528923034668;234.9019012451172;235.11463928222656;236.8822479248047;407.0721740722656;408.79608154296875;408.5550231933594;1460.562744140625;1464.0543212890625;1500.2132568359375;-1460.1021728515625;-1456.19970703125;-1498.6807861328125;69.38492584228516;147.03799438476562;113.54776000976562;1.0;0.9954478144645691;0.998161792755127;49.98426055908203;4426.39013671875;-4417.03662109375;323.607177734375;0.9982174038887024;-6.343999862670898;-6.375;-6.38100004196167;-19.100000381469727;257.0;254.39999389648438;254.60000610351562;442.79998779296875;440.79998779296875;443.1000061035156;-4865.7001953125;-1625.0999755859375;-1618.800048828125;-1621.699951171875;-35.29999923706055;-64.4000015258789;21.899999618530273;7.099999904632568;4867.10009765625;1626.300048828125;1619.0;1621.699951171875;1.0;-0.9990000128746033;1.0;1.0;50.0;MPPT;49.992454528808594;6.5285563468933105;6.520111560821533;6.5324273109436035;256.3514709472656;253.7225799560547;254.2061004638672;441.4121398925781;439.058837890625;443.30364990234375;4988.35986328125;-12.497246742248535;4988.37548828125;99.99968719482422;242805.265625;5136.00244140625;2016-07-16 11:15:00;5165.187209610989;614.0005195413773;8.412349900728232;180.94960399262234;60;-4880.933861426147;-5061.883465418769
2026-04-24 20:18:55;5.761643886566162;5.771596431732178;5.886958599090576;234.8863525390625;235.455810546875;236.77645874023438;407.2922668457031;408.8177490234375;408.35906982421875;1354.6805419921875;1358.7440185546875;1394.1387939453125;-1355.5521240234375;-1351.6824951171875;-1393.0146484375;62.16785430908203;140.53582763671875;107.94998931884766;0.9998176693916321;0.9941432476043701;0.9989530444145203;49.988006591796875;4106.10595703125;-4098.16552734375;315.8180236816406;0.9979286789894104;-5.896999835968018;-5.921999931335449;-5.929999828338623;-17.749000549316406;256.79998779296875;254.3000030517578;254.1999969482422;442.5;440.29998779296875;442.3999938964844;-4517.89990234375;-1508.4000244140625;-1503.9000244140625;-1505.5;-30.200000762939453;-62.599998474121094;22.799999237060547;8.5;4520.10009765625;1510.0;1504.199951171875;1505.9000244140625;1.0;-0.9990000128746033;1.0;1.0;49.900001525878906;MPPT;49.99497604370117;6.0916547775268555;6.083955764770508;6.095021724700928;256.011962890625;253.63331604003906;253.71080017089844;440.9940185546875;438.5864562988281;442.5934143066406;4648.82470703125;-28.312528610229492;4648.91064453125;99.99815368652344;242805.265625;4788.0361328125;2016-07-16 11:30:00;4814.236177775256;611.6211219037626;7.8712719449423565;180.94960399262234;60;-4537.001850227128;-4717.95145421975
2026-04-24 20:19:20;5.288384914398193;5.297713756561279;5.406388759613037;234.59066772460938;235.29466247558594;236.68997192382812;407.277587890625;408.91571044921875;408.4247131347656;1240.1270751953125;1247.0870361328125;1278.6903076171875;-1240.69287109375;-1238.5859375;-1275.7593994140625;57.247135162353516;132.62322998046875;102.55164337158203;1.0;0.9944231510162354;0.9984298944473267;50.00449752807617;3769.4873046875;-3759.4677734375;291.6666259765625;0.9970829486846924;-5.429999828338623;-5.449999809265137;-5.459000110626221;-16.339000701904297;256.29998779296875;253.89999389648438;253.8000030517578;441.79998779296875;439.6000061035156;441.70001220703125;-4148.89990234375;-1385.0999755859375;-1381.0999755859375;-1382.5999755859375;-32.099998474121094;-63.400001525878906;21.399999618530273;9.800000190734863;4150.39990234375;1386.4000244140625;1381.300048828125;1382.5999755859375;1.0;-0.9990000128746033;1.0;1.0;50.0;MPPT;50.01719665527344;5.653140068054199;5.645332336425781;5.656447410583496;255.53372192382812;253.2498321533203;253.22047424316406;440.3029479980469;437.83905029296875;441.6908264160156;4306.35693359375;-27.697158813476562;4306.4462890625;99.9979248046875;242805.265625;4439.70361328125;2016-07-16 11:45:00;4463.285145939521;609.2417242661478;7.325967621990595;209.52451990886405;69;-4164.494923111866;-4374.01944302073
2026-04-24 20:19:46;4.857022762298584;4.864175796508789;4.965928554534912;234.8004150390625;235.5301055908203;236.63482666015625;407.23681640625;408.9375;408.2972412109375;1142.3760986328125;1147.5216064453125;1177.349365234375;-1142.59326171875;-1142.12939453125;-1176.6829833984375;41.464202880859375;116.8512954711914;86.07173156738281;1.0;0.9946494102478027;0.9986158013343811;50.00299835205078;3470.34033203125;-3460.955322265625;249.57000732421875;0.9975879788398743;-5.005000114440918;-5.0229997634887695;-5.0289998054504395;-15.057000160217285;256.20001220703125;253.8000030517578;253.6999969482422;441.6000061035156;439.5;441.5;-3822.5;-1275.5999755859375;-1271.9000244140625;-1273.199951171875;-56.79999923706055;-70.69999694824219;13.899999618530273;0.0;3822.199951171875;1277.0;1271.9000244140625;1273.199951171875;1.0;-0.9990000128746033;1.0;1.0;49.900001525878906;MPPT;50.0101318359375;5.2128190994262695;5.204543113708496;5.215824604034424;255.39263916015625;252.68968200683594;253.1724395751953;439.7846984863281;437.2058410644531;441.5469970703125;3966.7177734375;-2.2772974967956543;3966.718505859375;99.99998474121094;242805.265625;4088.967529296875;2016-07-16 12:00:00;4112.334114103786;606.862326628533;6.7763872194046915;190.4768362807855;63;-3839.6105955409253;-4030.0874318217107
2026-04-24 20:20:13;4.897146701812744;4.908890247344971;5.011425495147705;234.83843994140625;235.48007202148438;236.76348876953125;407.1827697753906;408.8596496582031;408.33197021484375;1150.2667236328125;1156.148193359375;1186.0048828125;-1150.3831787109375;-1149.3563232421875;-1184.6279296875;44.52267074584961;120.42723083496094;89.39053344726562;1.0;0.9940455555915833;0.9988774657249451;49.9730224609375;3493.4150390625;-3483.83056640625;248.90689086914062;0.9977842569351196;-5.039000034332275;-5.056000232696533;-5.064000129699707;-15.159000396728516;256.29998779296875;253.6999969482422;253.60000610351562;441.6000061035156;439.29998779296875;441.5;-3849.39990234375;-1285.0;-1279.800048828125;-1281.5;-63.900001525878906;-74.4000015258789;10.5;0.0;3847.199951171875;1285.800048828125;1279.800048828125;1281.5;1.0;-0.9990000128746033;1.0;1.0;49.900001525878906;MPPT;49.98685073852539;5.299454212188721;5.291731357574463;5.302855491638184;255.37203979492188;253.0322723388672;252.99139404296875;439.92620849609375;437.39727783203125;441.4526672363281;4033.7890625;-9.601713180541992;4033.800537109375;99.99971771240234;242805.265625;4158.8984375;2016-07-16 12:15:00;4179.483155559192;607.3175874943335;6.8818740665866;228.57220353694262;76;-3867.321288911065;-4095.8934924480077
2026-04-24 20:20:40;4.172729969024658;4.18390417098999;4.2746148109436035;234.44627380371094;235.0032958984375;236.44558715820312;406.48760986328125;408.3583068847656;407.942626953125;979.7837524414062;984.8396606445312;1011.8713989257812;-977.9816284179688;-977.4871826171875;-1009.1270141601562;39.09435272216797;113.34241485595703;87.59558868408203;0.9990432262420654;0.992790937423706;0.9971112608909607;49.98875427246094;2974.03076171875;-2962.784423828125;227.89341735839844;0.9974019527435303;-4.318999767303467;-4.328000068664551;-4.341000080108643;-12.98799991607666;255.5;253.10000610351562;253.0;440.3999938964844;438.20001220703125;440.29998779296875;-3283.89990234375;-1095.699951171875;-1092.4000244140625;-1094.800048828125;-43.400001525878906;-66.4000015258789;16.600000381469727;6.400000095367432;3284.800048828125;1097.4000244140625;1092.5;1094.800048828125;1.0;-0.9980000257492065;1.0;1.0;49.900001525878906;MPPT;50.00068664550781;5.40575647354126;5.3985795974731445;5.411133289337158;254.5738525390625;252.0376434326172;252.47767639160156;438.4024658203125;436.081787109375;440.30084228515625;4103.08740234375;-11.426883697509766;4103.10302734375;99.99961853027344;242805.265625;4226.12841796875;2016-07-16 12:30:00;4246.647222532935;607.7729502309921;6.987226432040026;857.138982315287;285;-3304.57529576699;-4161.714278082277
2026-04-24 20:21:08;4.325653553009033;4.3390212059021;4.439247131347656;234.8778839111328;235.48770141601562;236.5755615234375;407.4613952636719;409.0317687988281;408.3423156738281;1016.3675537109375;1022.7109375;1049.8612060546875;-1015.76123046875;-1015.884765625;-1047.903564453125;36.17880630493164;111.95822143554688;83.73474884033203;0.9997426271438599;0.9940063953399658;0.9979837536811829;49.9947509765625;3089.21728515625;-3081.9970703125;212.98550415039062;0.9974669218063354;-4.473999977111816;-4.48799991607666;-4.499000072479248;-13.461000442504883;255.6999969482422;253.5;253.3000030517578;440.8999938964844;438.8999938964844;440.79998779296875;-3408.10009765625;-1137.0;-1134.699951171875;-1136.0999755859375;-67.0;-75.0999984741211;8.100000381469727;0.0;3410.5;1139.5;1134.699951171875;1136.0999755859375;1.0;-0.9980000257492065;1.0;1.0;50.0;MPPT;49.99598693847656;5.474276542663574;5.466890335083008;5.478229522705078;254.87245178222656;252.7490997314453;252.6174774169922;439.1927490234375;436.88348388671875;440.69659423828125;4160.8642578125;11.511632919311523;4160.88037109375;-99.9996109008789;242805.265625;4281.12744140625;2016-07-16 12:45:00;4313.811289506679;608.2283129676509;7.092421049028199;800.0027123792992;266;-3427.5323513372455;-4227.535063716545
2026-04-24 20:21:37;5.180724620819092;5.189346790313721;5.299458980560303;234.7230224609375;235.5566864013672;236.67225646972656;407.2376708984375;408.9267883300781;408.2891845703125;1217.0340576171875;1222.42822265625;1254.0355224609375;-1217.2723388671875;-1216.172119140625;-1252.255126953125;51.246253967285156;125.54448699951172;95.34915924072266;1.0;0.9949421882629395;0.9989700317382812;49.96928024291992;3694.174072265625;-3686.1416015625;282.8913269042969;0.9978647828102112;-5.320000171661377;-5.336999893188477;-5.348999977111816;-16.006000518798828;256.29998779296875;254.10000610351562;253.89999389648438;442.0;439.8999938964844;441.79998779296875;-4066.0;-1356.4000244140625;-1354.0;-1355.5;-44.29999923706055;-66.9000015258789;16.700000762939453;8.199999809265137;4071.199951171875;1359.0999755859375;1355.5;1356.4000244140625;1.0;-0.9990000128746033;1.0;1.0;49.900001525878906;MPPT;49.98244094848633;5.546360969543457;5.5379743576049805;5.549267292022705;255.46351623535156;253.37229919433594;253.26048278808594;440.2621765136719;437.9029541015625;441.54766845703125;4229.3828125;-27.070514678955078;4229.46923828125;99.99795532226562;242805.265625;4358.48486328125;2016-07-16 13:00:00;4380.960330962083;608.6835738334513;7.197434790906328;209.52451990886405;69;-4083.816604433978;-4293.341124342842
2026-04-24 20:22:05;4.85068941116333;4.867980003356934;4.969707012176514;234.82745361328125;235.6006317138672;236.77792358398438;407.57257080078125;409.217041015625;408.5085754394531;1141.3876953125;1146.6925048828125;1177.91943359375;-1142.2933349609375;-1141.624267578125;-1176.4815673828125;41.16072463989258;117.06568145751953;88.10440826416016;1.0;0.9946444630622864;0.9975578188896179;49.97077560424805;3464.5439453125;-3449.89697265625;248.41065979003906;0.9971101880073547;-5.007999897003174;-5.026000022888184;-5.034999847412109;-15.069000244140625;255.6999969482422;253.5;253.3000030517578;440.8999938964844;438.8999938964844;440.79998779296875;-3808.800048828125;-1270.5999755859375;-1270.9000244140625;-1272.5;-51.900001525878906;-69.0;13.899999618530273;3.0999999046325684;3819.0;1275.4000244140625;1271.0;1272.5;1.0;-0.9990000128746033;1.0;1.0;50.0;MPPT;49.97879409790039;5.45066499710083;5.443156719207764;5.455049991607666;254.95541381835938;252.73480224609375;252.72998046875;439.2334899902344;436.99114990234375;440.8624267578125;4143.9404296875;-10.167991638183594;4143.953125;99.99969482421875;242805.265625;4269.67919921875;2016-07-16 13:15:00;4294.202988074747;608.0953714975526;7.061726152428098;371.4264402734078;123;-3836.8924880398436;-4208.3189283132515
2026-04-24 20:22:31;4.084200859069824;4.09661865234375;4.187718868255615;234.6446990966797;235.37669372558594;236.5208282470703;407.0773620605469;408.6575012207031;407.9686584472656;957.1791381835938;963.5262451171875;990.4296264648438;-957.5182495117188;-957.6057739257812;-988.1272583007812;39.69105911254883;113.34095001220703;87.53231048583984;0.9985483884811401;0.9926402568817139;0.9965673685073853;50.00299835205078;2911.81787109375;-2902.134765625;230.20166015625;0.9967505931854248;-4.236999988555908;-4.247000217437744;-4.258999824523926;-12.743000030517578;255.39999389648438;253.1999969482422;253.0;440.3999938964844;438.29998779296875;440.20001220703125;-3210.5;-1071.0;-1072.199951171875;-1074.0;-25.399999618530273;-60.79999923706055;22.5;12.800000190734863;3223.10009765625;1076.4000244140625;1072.4000244140625;1074.0999755859375;1.0;-0.9980000257492065;1.0;1.0;50.0;MPPT;50.00798034667969;5.343940258026123;5.336197376251221;5.348551273345947;254.7830047607422;252.55987548828125;252.5460205078125;439.00238037109375;436.6685485839844;440.498046875;4060.0263671875;-9.464886665344238;4060.037353515625;99.9997329711914;242805.265625;4183.97509765625;2016-07-16 13:30:00;4207.460670705749;607.5072710325121;6.925778293245444;885.7138982315288;295;-3237.597559060105;-4123.311457291634
2026-04-24 20:22:56;3.15541672706604;3.1664774417877197;3.2441153526306152;234.60476684570312;235.442138671875;236.5266876220703;407.0727844238281;408.859375;408.1061096191406;741.19580078125;746.019775390625;766.8226318359375;-738.0989990234375;-738.8223876953125;-764.6058959960938;16.506954193115234;91.01527404785156;73.04371643066406;0.9967623949050903;0.9900302290916443;0.9955514669418335;49.98201370239258;2255.03759765625;-2240.113037109375;192.2968292236328;0.9933894276618958;-3.309999942779541;-3.312000036239624;-3.321000099182129;-9.942999839782715;255.0;252.6999969482422;252.5;439.6000061035156;437.5;439.5;-2502.800048828125;-834.7000122070312;-832.7000122070312;-835.2000122070312;-30.100000381469727;-62.79999923706055;20.200000762939453;12.399999618530273;2505.5;837.0999755859375;833.0;835.2999877929688;1.0;-0.996999979019165;1.0;1.0;49.900001525878906;MPPT;49.99406814575195;5.253290176391602;5.245072364807129;5.256124496459961;254.01931762695312;251.71987915039062;251.66363525390625;437.6987609863281;435.0869140625;439.08013916015625;3977.14794921875;-30.736223220825195;3977.266845703125;99.99700927734375;242805.265625;4098.22314453125;2016-07-16 13:45:00;4120.703327818412;606.9190686966133;6.789543351583617;1514.2874579581212;504;-2524.0018033039223;-4038.2892612620435
2026-04-24 20:23:22;4.662116050720215;4.677155017852783;4.786364555358887;234.89463806152344;235.52105712890625;236.61123657226562;407.2667541503906;408.6105651855469;408.2403564453125;1101.94873046875;1107.2734375;1137.02783203125;-1101.1104736328125;-1100.934326171875;-1134.1751708984375;40.22821807861328;115.32643127441406;84.20024871826172;1.0;0.9943326115608215;0.9987335801124573;49.98725891113281;3344.071044921875;-3337.56298828125;227.21209716796875;0.9975878596305847;-4.835000038146973;-4.849999904632568;-4.857999801635742;-14.543000221252441;256.1000061035156;253.6999969482422;253.60000610351562;441.5;439.29998779296875;441.3999938964844;-3686.60009765625;-1230.0999755859375;-1227.4000244140625;-1228.800048828125;-69.0999984741211;-77.19999694824219;8.0;0.0;3689.300048828125;1232.800048828125;1227.5999755859375;1228.800048828125;1.0;-0.9980000257492065;1.0;1.0;50.0;MPPT;49.99460220336914;5.114630699157715;5.10715913772583;5.118363857269287;255.3097686767578;253.09103393554688;252.94686889648438;439.9809265136719;437.46783447265625;441.2474060058594;3892.9951171875;10.110764503479004;3893.00830078125;-99.99966430664062;242805.265625;4013.400390625;2016-07-16 14:00:00;4033.945984931075;606.3308663607145;6.653044086545358;247.61988716502117;82;-3705.6471780674324;-3953.2670652324537
2026-04-24 20:23:47;4.508738040924072;4.524901390075684;4.620403289794922;234.42774963378906;235.24794006347656;236.34902954101562;406.8580322265625;408.3939514160156;407.8387756347656;1056.3807373046875;1062.37744140625;1091.9312744140625;-1057.8197021484375;-1056.9036865234375;-1089.2847900390625;39.083099365234375;114.87027740478516;86.583984375;1.0;0.9929938912391663;0.9982105493545532;49.978267669677734;3210.280029296875;-3201.79931640625;238.36669921875;0.9975634217262268;-4.6519999504089355;-4.664999961853027;-4.672999858856201;-13.989999771118164;255.89999389648438;253.39999389648438;253.3000030517578;441.0;438.79998779296875;440.8999938964844;-3542.699951171875;-1182.699951171875;-1179.199951171875;-1180.800048828125;-47.900001525878906;-68.9000015258789;16.0;4.900000095367432;3544.89990234375;1184.699951171875;1179.300048828125;1180.800048828125;1.0;-0.9980000257492065;1.0;1.0;49.900001525878906;MPPT;49.9873046875;4.852702617645264;4.838410377502441;4.850000858306885;254.93125915527344;252.60379028320312;252.59646606445312;439.2686767578125;436.6636657714844;440.6570739746094;3682.59033203125;2.569472312927246;3682.59130859375;-99.9999771118164;242805.265625;3797.858154296875;2016-07-16 14:15:00;3820.8691093707484;604.886235718979;6.316673919401047;180.94960399262234;60;-3563.502123190711;-3744.4517271833333
2026-04-24 20:24:14;4.2065815925598145;4.21840763092041;4.311202049255371;234.70046997070312;235.31910705566406;236.54220581054688;407.099365234375;408.4532775878906;408.0909118652344;987.59814453125;992.482177734375;1019.0657958984375;-985.4964599609375;-985.0560302734375;-1017.6940307617188;34.122459411621094;109.80705261230469;82.75579071044922;0.9997628331184387;0.9939727187156677;0.9974911212921143;49.976768493652344;3002.41064453125;-2991.3994140625;233.75100708007812;0.996584415435791;-4.355000019073486;-4.368000030517578;-4.375999927520752;-13.098999977111816;255.89999389648438;253.5;253.3000030517578;441.1000061035156;438.8999938964844;440.79998779296875;-3316.199951171875;-1106.300048828125;-1104.0;-1105.699951171875;-43.79999923706055;-67.0999984741211;16.600000381469727;6.599999904632568;3318.300048828125;1108.4000244140625;1104.199951171875;1104.4000244140625;1.0;-0.9980000257492065;1.0;1.0;50.0;MPPT;49.99166488647461;4.57792329788208;4.5705060958862305;4.581607341766357;254.97035217285156;252.8027801513672;252.55807495117188;439.31060791015625;436.9010314941406;440.7193908691406;3479.6943359375;-25.23907470703125;3479.785888671875;99.99736785888672;242805.265625;3589.720458984375;2016-07-16 14:30:00;3607.7922338104213;603.4416050772436;5.978693221440384;199.9972876207009;66;-3335.6391015135123;-3535.636389134213
2026-04-24 20:24:43;3.924381732940674;3.937079906463623;4.02628755569458;234.87646484375;235.6906280517578;236.5974578857422;407.5805358886719;409.2344055175781;408.48834228515625;922.427734375;927.9426879882812;952.70458984375;-921.11083984375;-921.2420654296875;-948.5450439453125;28.522106170654297;101.43499755859375;77.05659484863281;0.9990953803062439;0.9932690858840942;0.9976500868797302;49.97602081298828;2803.85791015625;-2794.30908203125;212.1492462158203;0.9956329464912415;-4.072000026702881;-4.084000110626221;-4.0960001945495605;-12.251999855041504;255.60000610351562;253.5;253.10000610351562;440.79998779296875;438.70001220703125;440.5;-3099.800048828125;-1033.5;-1032.5999755859375;-1033.5;-48.599998474121094;-68.5999984741211;13.699999809265137;6.300000190734863;3101.800048828125;1035.800048828125;1032.4000244140625;1033.5;1.0;-0.9980000257492065;1.0;1.0;50.0;MPPT;49.985816955566406;4.304541110992432;4.297141075134277;4.308777809143066;254.70401000976562;252.70870971679688;252.4132080078125;438.980224609375;436.7834777832031;440.29632568359375;3269.967529296875;-8.25788402557373;3269.97802734375;99.99967956542969;242805.265625;3375.5009765625;2016-07-16 14:45:00;3394.715358250095;601.9969744355082;5.639090398142475;209.52451990886405;69;-3117.296531176229;-3326.821051085093
2026-04-24 20:25:09;3.599431037902832;3.6033987998962402;3.685784101486206;234.5888671875;235.5389862060547;236.56631469726562;407.02899169921875;408.8001403808594;407.983642578125;843.1041870117188;849.64404296875;873.30322265625;-840.2048950195312;-840.9923706054688;-868.045166015625;24.87040138244629;97.16709899902344;75.5540771484375;0.9977768659591675;0.9923505783081055;0.996882975101471;49.98201370239258;2561.2724609375;-2551.482421875;180.86346435546875;0.9953420758247375;-3.740000009536743;-3.744999885559082;-3.75600004196167;-11.241000175476074;255.0;253.0;252.6999969482422;439.8999938964844;437.8999938964844;439.6000061035156;-2840.0;-946.7999877929688;-944.0;-945.5999755859375;-65.0;-73.30000305175781;8.199999809265137;0.0;2837.39990234375;947.7000122070312;944.0;945.5999755859375;1.0;-0.996999979019165;1.0;1.0;50.0;MPPT;49.988521575927734;4.047524452209473;4.040098667144775;4.051640510559082;254.20379638671875;252.24252319335938;252.06028747558594;438.0638732910156;436.09893798828125;439.6102600097656;3069.283203125;10.310175895690918;3069.300537109375;-99.99943542480469;242805.265625;3166.2138671875;2016-07-16 15:00:00;3181.6384826897684;600.5523437937726;5.297853743423789;257.14033850493655;85;-2860.865374531036;-3118.005713035973
2026-04-24 20:25:36;3.1521148681640625;3.167658567428589;3.2454376220703125;234.6080322265625;235.5701446533203;236.55848693847656;407.2142333984375;408.8262023925781;407.94244384765625;739.9373779296875;745.94775390625;764.7877807617188;-735.2630615234375;-737.1121215820312;-760.9425048828125;20.417879104614258;93.48475646972656;76.21287536621094;0.9964691400527954;0.9902538061141968;0.9956527352333069;49.98575973510742;2254.6083984375;-2241.654052734375;190.23660278320312;0.9942542910575867;-3.311000108718872;-3.312000036239624;-3.322999954223633;-9.946000099182129;254.89999389648438;252.8000030517578;252.39999389648438;439.6000061035156;437.5;439.29998779296875;-2504.10009765625;-834.5;-833.9000244140625;-835.5;-33.20000076293945;-63.599998474121094;18.5;11.699999809265137;2505.699951171875;836.7000122070312;833.5999755859375;835.2999877929688;1.0;-0.996999979019165;1.0;1.0;50.0;MPPT;49.99703598022461;3.6789679527282715;3.6714375019073486;3.682175636291504;253.9734649658203;251.9932098388672;251.68479919433594;437.8023376464844;435.5037841796875;438.9866943359375;2785.97412109375;-24.540695190429688;2786.082275390625;99.9961166381836;242805.265625;2878.732666015625;2016-07-16 15:15:00;2894.7111844950005;598.6070178834292;4.835745485795002;314.2833893891722;104;-2522.5335714159282;-2836.8169608051003
2026-04-24 20:26:01;2.7635014057159424;2.770965576171875;2.8399910926818848;234.8206024169922;235.75779724121094;236.61439514160156;407.57470703125;409.1165466308594;408.3411865234375;647.640625;652.2792358398438;670.8828735351562;-644.6893310546875;-646.5516967773438;-669.0911865234375;1.0903496742248535;79.95830535888672;61.22813034057617;0.9946077466011047;0.9903557300567627;0.995340883731842;49.97976303100586;1972.65625;-1958.13427734375;143.83775329589844;0.9937081336975098;-2.9210000038146973;-2.9149999618530273;-2.924999952316284;-8.76099967956543;254.60000610351562;252.39999389648438;252.10000610351562;439.0;436.8999938964844;438.79998779296875;-2194.10009765625;-731.2000122070312;-732.2999877929688;-734.0999755859375;-54.5;-70.80000305175781;11.199999809265137;5.0;2202.699951171875;736.0999755859375;732.4000244140625;734.0999755859375;1.0;-0.9959999918937683;1.0;1.0;49.900001525878906;MPPT;49.98973846435547;3.3154549598693848;3.3079299926757812;3.3192174434661865;253.8232879638672;251.68533325195312;251.48834228515625;437.3387756347656;435.03924560546875;438.7820739746094;2508.73828125;-6.301117897033691;2508.74609375;99.99968719482422;242805.265625;2593.447265625;2016-07-16 15:30:00;2607.783886300233;596.6616919730857;4.3706239589081335;333.33107301725073;111;-2222.2971355569775;-2555.628208574228
2026-04-24 20:26:27;2.426384687423706;2.438666343688965;2.5041046142578125;234.76272583007812;235.6418914794922;236.57064819335938;407.40264892578125;409.0508117675781;408.2975158691406;570.6609497070312;575.7679443359375;593.195556640625;-566.6332397460938;-567.5667114257812;-588.5899658203125;10.594339370727539;82.74983215332031;65.9752197265625;0.9914209842681885;0.9874151349067688;0.9941360354423523;49.99325180053711;1740.12451171875;-1724.9898681640625;139.46754455566406;0.9906435012817383;-2.5910000801086426;-2.5820000171661377;-2.5959999561309814;-7.769000053405762;254.6999969482422;252.5;252.10000610351562;439.20001220703125;436.8999938964844;438.8999938964844;-1942.4000244140625;-647.0999755859375;-648.9000244140625;-650.7000122070312;-42.79999923706055;-66.9000015258789;14.5;9.5;1952.4000244140625;652.2999877929688;649.0999755859375;650.7999877929688;1.0;-0.9950000047683716;1.0;1.0;50.0;MPPT;50.00190353393555;2.9491357803344727;2.9418785572052;2.9523961544036865;253.56390380859375;251.6686248779297;251.2223663330078;437.1256103515625;434.82232666015625;438.2727355957031;2229.77783203125;-6.09464168548584;2229.7861328125;99.99962615966797;242805.265625;2310.995361328125;2016-07-16 15:45:00;2320.8565881054656;594.7163660627423;3.9024595934200614;304.76293804925683;101;-1969.6765182940994;-2274.439456343356
2026-04-24 20:26:53;1.8319991827011108;1.8387229442596436;1.892164707183838;234.88516235351562;235.7257537841797;236.67315673828125;407.4580078125;409.1169128417969;408.2211608886719;430.86376953125;434.23895263671875;449.32623291015625;-424.1838073730469;-426.1349182128906;-443.010986328125;0.0;67.48640441894531;54.32744216918945;0.9829910397529602;0.9807449579238892;0.988109827041626;49.99774932861328;1315.411865234375;-1294.527587890625;108.36253356933594;0.9843853116035461;-1.9980000257492065;-1.9769999980926514;-1.9900000095367432;-5.965000152587891;254.0;252.10000610351562;251.6999969482422;438.29998779296875;436.29998779296875;438.0;-1483.5999755859375;-493.5;-493.8999938964844;-496.1000061035156;-53.0;-70.4000015258789;10.600000381469727;6.699999809265137;1488.699951171875;498.5;493.29998779296875;495.5;-0.9990000128746033;-0.9900000095367432;1.0;1.0;49.900001525878906;MPPT;50.00311279296875;2.5809781551361084;2.5733225345611572;2.5853450298309326;253.0821533203125;251.1962890625;250.8097686767578;436.27545166015625;434.12567138671875;437.452392578125;1948.0250244140625;9.898017883300781;1948.0501708984375;-99.99871063232422;242805.265625;2023.1160888671875;2016-07-16 16:00:00;2033.9292899106986;592.7710401523988;3.431222431830989;485.71254204187915;161;-1507.5381620706053;-1993.2507041124845
2026-04-24 20:27:21;1.81866455078125;1.8238130807876587;1.8771188259124756;234.62461853027344;235.64146423339844;236.47813415527344;407.1763916015625;408.797607421875;407.7601318359375;426.77679443359375;430.59759521484375;444.7388000488281;-417.5849304199219;-420.0648193359375;-438.06304931640625;-4.8088202476501465;61.491214752197266;48.810096740722656;0.9813469648361206;0.9834488034248352;0.990147590637207;49.99400329589844;1301.8035888671875;-1282.1494140625;93.22975158691406;0.9844030737876892;-1.9800000190734863;-1.9570000171661377;-1.965999960899353;-5.9029998779296875;253.89999389648438;251.6999969482422;251.39999389648438;437.79998779296875;435.6000061035156;437.6000061035156;-1471.0999755859375;-489.3999938964844;-488.1000061035156;-490.1000061035156;-68.5999984741211;-74.9000015258789;6.199999809265137;0.0;1471.699951171875;493.29998779296875;488.20001220703125;490.1000061035156;-0.9990000128746033;-0.9879999756813049;1.0;1.0;49.900001525878906;MPPT;49.99203872680664;2.372018575668335;2.364940643310547;2.3761074542999268;252.69955444335938;250.7272491455078;250.35198974609375;435.5506896972656;433.31982421875;436.71685791015625;1787.98779296875;17.597368240356445;1788.0743408203125;-99.99516296386719;242805.265625;1857.3092041015625;2016-07-16 16:15:00;1867.7620826036218;591.6444503303162;3.156899522273634;333.33107301725073;111;-1497.0757679342987;-1830.4068409515494
2026-04-24 20:27:47;1.6736665964126587;1.6799843311309814;1.7292697429656982;234.1993865966797;235.1732635498047;236.17074584960938;406.6058044433594;408.3104248046875;407.51409912109375;391.8747863769531;395.04766845703125;409.4884033203125;-383.324462890625;-385.836181640625;-402.013916015625;0.0;70.00747680664062;59.08188247680664;0.976490318775177;0.9750242233276367;0.9834088087081909;50.00299835205078;1196.3447265625;-1170.819580078125;128.9969482421875;0.9776365756988525;-1.8259999752044678;-1.8049999475479126;-1.8200000524520874;-5.451000213623047;253.8000030517578;251.6999969482422;251.1999969482422;437.70001220703125;435.5;437.29998779296875;-1354.199951171875;-450.1000061035156;-449.6000061035156;-451.70001220703125;-20.100000381469727;-59.79999923706055;21.299999237060547;18.200000762939453;1355.0;452.79998779296875;450.1000061035156;452.0;1.0;-0.9909999966621399;0.9990000128746033;1.0;49.900001525878906;MPPT;50.01042938232422;2.156416654586792;2.14890193939209;2.1602864265441895;252.70848083496094;250.75045776367188;250.34974670410156;435.6576843261719;433.29132080078125;436.6911926269531;1624.5577392578125;-4.535053730010986;1624.5640869140625;99.9996109008789;242805.265625;1692.220703125;2016-07-16 16:30:00;1701.5948752965453;590.5178605082338;2.8815299063639745;285.7152544211783;95;-1381.8477233694362;-1667.5629777906145
2026-04-24 20:28:11;1.6353719234466553;1.6377233266830444;1.6864352226257324;234.67701721191406;235.6373291015625;236.3433837890625;407.2268371582031;408.64849853515625;407.6959228515625;385.0182800292969;385.5771789550781;399.29736328125;-375.4426574707031;-377.7528991699219;-393.02178955078125;-11.566326141357422;62.542537689208984;50.707916259765625;0.9757378697395325;0.9780880808830261;0.9859250783920288;50.00824737548828;1169.0208740234375;-1143.2254638671875;105.06990051269531;0.9806100726127625;-1.7929999828338623;-1.7640000581741333;-1.7760000228881836;-5.333000183105469;254.0;251.89999389648438;251.39999389648438;438.1000061035156;435.79998779296875;437.6000061035156;-1326.0;-441.0;-439.8999938964844;-442.0;-42.5;-67.0999984741211;13.899999618530273;10.600000381469727;1327.0;444.6000061035156;440.20001220703125;442.20001220703125;-0.9990000128746033;-0.9879999756813049;1.0;1.0;50.0;MPPT;50.014060974121094;1.942771077156067;1.9355648756027222;1.947298288345337;252.88206481933594;250.85353088378906;250.37315368652344;435.8966979980469;433.3399658203125;436.92022705078125;1464.380615234375;13.222152709960938;1464.4403076171875;-99.99592590332031;242805.265625;1529.8673095703125;2016-07-16 16:45:00;1535.4276679894688;589.3912706861512;2.6051075819327476;152.38146902462842;50;-1352.337645605051;-1504.7191146296793
2026-04-24 20:28:39;1.3937766551971436;1.3897337913513184;1.433688759803772;234.39744567871094;235.51596069335938;236.39085388183594;407.004638671875;408.67413330078125;407.7317199707031;326.486083984375;327.8968505859375;338.8274841308594;-314.6326599121094;-317.6351318359375;-331.9317626953125;-13.46983528137207;58.802669525146484;48.44671630859375;0.9626537561416626;0.9705843925476074;0.9800735116004944;49.99250411987305;995.354248046875;-962.81005859375;93.5025863647461;0.9718083739280701;-1.5509999990463257;-1.5160000324249268;-1.527999997138977;-4.5879998207092285;253.3000030517578;251.5;251.0;437.1000061035156;435.1000061035156;436.70001220703125;-1128.800048828125;-374.79998779296875;-375.8999938964844;-378.0;-41.099998474121094;-66.19999694824219;14.0;11.399999618530273;1132.300048828125;379.8999938964844;375.1000061035156;377.29998779296875;1.0;-0.9860000014305115;0.9990000128746033;0.9990000128746033;50.0;MPPT;50.005550384521484;1.7249480485916138;1.7178460359573364;1.7282387018203735;252.13580322265625;249.9951171875;250.06150817871094;434.6295166015625;432.2095031738281;435.99896240234375;1296.24951171875;-20.028945922851562;1296.404296875;99.9880599975586;242805.265625;1359.8636474609375;2016-07-16 17:00:00;1369.2709785452291;588.2647521736694;2.3276440981474757;180.94960399262234;60;-1160.9359549817023;-1341.8855589743246
2026-04-24 20:29:08;1.1597265005111694;1.1452943086624146;1.1835956573486328;234.2017364501953;235.4279022216797;236.21900939941406;406.7718811035156;408.4957580566406;407.5459899902344;273.1813049316406;270.0332336425781;280.02001953125;-257.3313293457031;-259.9571838378906;-272.8335266113281;-19.9024658203125;52.224666595458984;43.321258544921875;0.9400834441184998;0.9605608582496643;0.9712285995483398;49.98575973510742;823.6874389648438;-790.744384765625;81.259765625;0.9563606977462769;-1.3209999799728394;-1.274999976158142;-1.284000039100647;-3.880000114440918;253.1999969482422;251.1999969482422;250.8000030517578;436.79998779296875;434.70001220703125;436.3999938964844;-939.7000122070312;-311.79998779296875;-313.0;-315.70001220703125;-39.0;-65.69999694824219;14.300000190734863;12.300000190734863;948.5;319.0;313.3999938964844;316.0;1.0;-0.9810000061988831;0.9980000257492065;0.9990000128746033;50.0;MPPT;50.00190353393555;1.65590238571167;1.6488642692565918;1.6607635021209717;252.0322265625;250.18630981445312;249.86842346191406;434.53033447265625;432.3431396484375;435.7808837890625;1244.888671875;-9.037826538085938;1244.9215087890625;99.99736022949219;242805.265625;1306.7296142578125;2016-07-16 17:15:00;1311.3040313465704;587.8717445893841;2.2305954375515844;314.2833893891722;104;-970.7945613304666;-1285.077950719639
2026-04-24 20:29:35;1.0900577306747437;1.0640580654144287;1.1010715961456299;234.25668334960938;235.1802978515625;236.43907165527344;406.8085021972656;408.7524719238281;407.7533264160156;254.72247314453125;249.85079956054688;259.50006103515625;-238.01170349121094;-239.27655029296875;-251.5653839111328;-20.587533950805664;50.39806365966797;42.319820404052734;0.9306600689888;0.9554058313369751;0.9674077033996582;49.97077560424805;763.0298461914062;-725.6431884765625;76.17854309082031;0.9492287039756775;-1.2359999418258667;-1.184999942779541;-1.1950000524520874;-3.615999937057495;253.3000030517578;251.39999389648438;250.89999389648438;437.0;435.0;436.6000061035156;-871.7000122070312;-289.0;-290.0;-292.5;-41.099998474121094;-66.5;13.5;11.800000190734863;879.7999877929688;296.6000061035156;290.29998779296875;292.70001220703125;-0.9990000128746033;-0.9750000238418579;0.9990000128746033;0.9990000128746033;49.900001525878906;MPPT;49.980010986328125;1.5791066884994507;1.5672484636306763;1.5789402723312378;252.09706115722656;250.23239135742188;249.8699493408203;434.610595703125;432.41839599609375;435.82110595703125;1183.6165771484375;-3.1509127616882324;1183.6207275390625;99.99964904785156;242805.265625;1242.2625732421875;2016-07-16 17:30:00;1253.3370841479111;587.4787370050987;2.1334169310318947;323.81062167733535;107;-904.4597207876175;-1228.2703424649528
2026-04-24 20:30:03;1.1196109056472778;1.101213812828064;1.1376720666885376;234.1595458984375;236.92877197265625;237.92066955566406;410.9462585449219;412.8257141113281;411.7590026855469;262.53924560546875;259.2979736328125;267.44317626953125;-244.0570068359375;-246.56161499023438;-258.05853271484375;-24.641197204589844;48.30606460571289;39.92914962768555;0.9269003868103027;0.9568049907684326;0.9659112095832825;49.964786529541016;790.7372436523438;-749.0050048828125;69.50575256347656;0.9502830505371094;-1.2710000276565552;-1.2139999866485596;-1.2230000495910645;-3.7079999446868896;256.0;254.0;253.60000610351562;441.6000061035156;439.5;441.29998779296875;-901.0999755859375;-299.0;-299.79998779296875;-302.1000061035156;-45.400001525878906;-69.19999694824219;11.600000381469727;9.800000190734863;906.7999877929688;306.20001220703125;299.1000061035156;301.29998779296875;-0.9980000257492065;-0.9700000286102295;1.0;1.0;49.900001525878906;MPPT;49.96784591674805;1.4903286695480347;1.483012080192566;1.494580864906311;254.95814514160156;253.01046752929688;252.66819763183594;439.60113525390625;437.1693420410156;440.6927795410156;1132.7337646484375;12.436422348022461;1132.802001953125;-99.99397277832031;242805.265625;1190.6954345703125;2016-07-16 17:45:00;1195.371639501086;587.0857396078991;2.036110841832825;238.09265487685795;79;-933.3715518342065;-1171.4642067110644
2026-04-24 20:30:27;0.9958974719047546;0.983468770980835;1.01261568069458;236.74111938476562;237.9355010986328;238.6867218017578;411.0996398925781;412.7736511230469;411.744384765625;237.39073181152344;231.4691619873047;239.8755645751953;-213.01718139648438;-215.23272705078125;-227.0538330078125;-15.235006332397461;56.05356979370117;49.34751510620117;0.9107614159584045;0.9336123466491699;0.9516401290893555;49.98725891113281;700.2808227539062;-657.3336181640625;87.033447265625;0.9291151165962219;-1.159000039100647;-1.0989999771118164;-1.1069999933242798;-3.365000009536743;256.0;254.0;253.39999389648438;441.6000061035156;439.3999938964844;441.1000061035156;-801.4000244140625;-265.79998779296875;-267.6000061035156;-269.6000061035156;-30.200000762939453;-64.4000015258789;17.600000381469727;16.5;813.0;274.6000061035156;268.1000061035156;270.1000061035156;-0.9990000128746033;-0.968999981880188;0.9990000128746033;0.9990000128746033;49.900001525878906;MPPT;49.99216842651367;1.415787696838379;1.4087200164794922;1.4197176694869995;254.97116088867188;253.08396911621094;252.5354766845703;439.7457580566406;437.07403564453125;440.5636901855469;1075.990966796875;-0.2056509256362915;1075.990966796875;100.0;242805.265625;1134.149169921875;2016-07-16 18:00:00;1137.4046923024268;586.6927320236136;1.9386718638550438;276.1880221330151;92;-838.4685763233632;-1114.6565984563783
2026-04-24 20:30:52;0.7059964537620544;0.643010139465332;0.6700306534767151;235.524658203125;234.74166870117188;235.81455993652344;405.6875;407.4070129394531;406.5279846191406;166.68385314941406;153.58094787597656;157.96923828125;-132.68084716796875;-134.919189453125;-144.52481079101562;-25.039379119873047;43.565330505371094;39.49342346191406;0.806195855140686;0.8809360265731812;0.9114226698875427;49.985008239746094;479.1025695800781;-414.9786071777344;49.85584259033203;0.8637048006057739;-0.8529999852180481;-0.7639999985694885;-0.7649999856948853;-2.381999969482422;252.3000030517578;250.3000030517578;249.8000030517578;435.20001220703125;433.0;434.79998779296875;-535.0;-176.8000030517578;-178.3000030517578;-180.8000030517578;-40.70000076293945;-66.30000305175781;13.199999809265137;12.300000190734863;549.4000244140625;189.3000030517578;178.8000030517578;181.1999969482422;-0.996999979019165;-0.9359999895095825;0.996999979019165;0.9980000257492065;49.900001525878906;MPPT;49.994606018066406;1.0688364505767822;1.061693787574768;1.0721205472946167;251.26971435546875;249.31654357910156;248.9430389404297;433.1939392089844;430.6763610839844;434.35418701171875;799.9728393554688;-1.9005165100097656;799.97509765625;99.99971771240234;242805.265625;848.653564453125;2016-07-16 18:15:00;853.0527679509033;584.764866778385;1.458796204106076;266.66757079309974;88;-569.3241417987856;-835.9917125918853
2026-04-24 20:31:13;0.4450812041759491;0.31446322798728943;0.303391695022583;233.85316467285156;234.85801696777344;235.9793243408203;405.9120178222656;407.80279541015625;406.9269104003906;104.80430603027344;68.52689361572266;66.48905181884766;-23.938507080078125;-22.245586395263672;-28.008867263793945;-43.39839553833008;21.803434371948242;23.209976196289062;0.23361684381961823;0.36831024289131165;0.44001567363739014;49.968528747558594;256.07781982421875;-83.01004791259766;2.318981170654297;0.3592570722103119;-0.5580000281333923;-0.38100001215934753;-0.36800000071525574;-1.3070000410079956;252.10000610351562;250.0;249.6999969482422;434.79998779296875;432.70001220703125;434.5;-165.5;-53.599998474121094;-54.5;-57.29999923706055;-53.70000076293945;-69.0999984741211;7.400000095367432;7.900000095367432;200.5;87.5;55.0;57.900001525878906;-0.9480000138282776;-0.6039999723434448;0.9900000095367432;0.9890000224113464;49.900001525878906;MPPT;49.97384262084961;0.6708799600601196;0.6634464859962463;0.6738539338111877;250.83946228027344;248.78526306152344;248.58840942382812;432.2598876953125;429.9322509765625;433.7516784667969;500.43499755859375;17.490949630737305;500.7405700683594;-99.93897247314453;242805.265625;565.9390869140625;2016-07-16 18:30:00;568.7023461512134;582.8370117202422;0.9757485106731462;352.3787566453293;117;-204.94954258285986;-557.3282992281892
2026-04-24 20:31:35;0.5521076321601868;0.39347267150878906;0.37968045473098755;233.45196533203125;234.240234375;235.4883270263672;405.28997802734375;407.13153076171875;406.16546630859375;124.91754150390625;90.58609771728516;88.8627700805664;72.52959442138672;67.39864349365234;67.62837219238281;-48.776058197021484;14.162525177001953;19.354690551757812;0.575983464717865;0.7244285941123962;0.7352502346038818;49.978267669677734;305.1961364746094;200.32907104492188;-25.30411720275879;0.666350781917572;0.5370000004768372;0.3889999985694885;0.3610000014305115;1.1770000457763672;251.60000610351562;249.5;249.1999969482422;433.8999938964844;431.79998779296875;433.70001220703125;177.3000030517578;60.79999923706055;60.099998474121094;56.29999923706055;-31.899999618530273;-63.20000076293945;14.199999809265137;14.199999809265137;187.10000610351562;83.5999984741211;53.79999923706055;49.5;0.972000002861023;0.6480000019073486;-0.9750000238418579;-0.9639999866485596;49.900001525878906;MPPT;49.98487091064453;0.32594338059425354;0.31925469636917114;0.3304864168167114;250.40365600585938;248.49899291992188;248.16551208496094;431.6274108886719;429.33843994140625;432.9947509765625;242.67013549804688;-0.4736982583999634;242.67059326171875;99.99980926513672;242805.265625;287.4392395019531;2016-07-16 18:45:00;284.3504217996898;580.9091464750136;0.48949207208242923;400.0013561896496;133;121.33794282595358;-278.663413363696
2026-04-24 20:31:58;0.4769253134727478;0.28030166029930115;0.26547086238861084;233.92666625976562;234.6692657470703;235.97056579589844;406.0524597167969;407.8666076660156;406.7355041503906;115.30844116210938;72.22823333740234;69.45069122314453;23.308061599731445;22.167659759521484;20.06999969482422;-42.79555130004883;19.652143478393555;23.664709091186523;0.21048852801322937;0.32089799642562866;0.3078221082687378;49.978267669677734;247.26339721679688;63.95330810546875;3.747739791870117;0.27424705028533936;0.4569999873638153;0.0729999989271164;-0.07699999958276749;0.453000009059906;252.10000610351562;249.89999389648438;249.6999969482422;434.70001220703125;432.6000061035156;434.5;0.0;0.0;0.0;0.0;-25.799999237060547;-62.0;17.600000381469727;18.399999618530273;98.30000305175781;62.0;17.600000381469727;18.5;0.48500001430511475;0.10499999672174454;0.27799999713897705;-0.30399999022483826;49.900001525878906;MPPT;49.99338912963867;0.2590474784374237;0.2532615661621094;0.2640056014060974;250.89276123046875;248.78533935546875;248.55325317382812;432.37884521484375;429.85369873046875;433.7428283691406;186.0264892578125;-14.490898132324219;188.4268798828125;99.70384979248047;242805.265625;230.048095703125;2016-07-17 05:15:00;224.88543042266784;580.5059823661544;0.38739554329144066;180.94960399262234;60;-39.43811782159213;-220.38772181421447
2026-04-24 20:32:23;0.4848569333553314;0.34631311893463135;0.34253907203674316;234.06143188476562;234.947265625;236.0373992919922;406.1468811035156;407.8861389160156;407.15093994140625;113.76473236083984;82.05575561523438;83.18505096435547;-49.23420715332031;-48.10053634643555;-52.62424087524414;-37.91995620727539;28.87843132019043;28.761775970458984;0.4433319866657257;0.5823753476142883;0.6822736263275146;49.971527099609375;269.45672607421875;-149.07806396484375;14.64805793762207;0.4809684455394745;-0.5680000185966492;-0.41600000858306885;-0.4099999964237213;-1.3940000534057617;252.3000030517578;250.1999969482422;249.89999389648438;435.1000061035156;433.0;434.8999938964844;-243.10000610351562;-79.30000305175781;-80.9000015258789;-83.30000305175781;-54.599998474121094;-70.30000305175781;8.100000381469727;7.5;271.20001220703125;106.19999694824219;81.30000305175781;83.5999984741211;-0.9649999737739563;-0.6909999847412109;0.9950000047683716;0.9940000176429749;49.900001525878906;MPPT;49.97757339477539;0.5068215727806091;0.49934667348861694;0.5105004906654358;251.2294464111328;249.1656951904297;248.85882568359375;432.9971923828125;430.5987548828125;434.4302978515625;391.91436767578125;14.315986633300781;392.1757507324219;-99.933349609375;242805.265625;432.729248046875;2016-07-17 05:30:00;449.7708608453357;582.030673315438;0.7727614393298089;152.38146902462842;50;-288.39397460380053;-440.77544362842895
2026-04-24 20:32:50;0.657485842704773;0.5923328995704651;0.6104846000671387;234.08274841308594;234.75634765625;236.0264434814453;406.05059814453125;407.711669921875;407.09686279296875;153.91726684570312;137.32228088378906;142.3030548095703;-116.6604232788086;-117.20272064208984;-126.34770965576172;-25.904905319213867;42.553260803222656;37.90190505981445;0.7670183181762695;0.8295595645904541;0.8684670329093933;49.989505767822266;438.38909912109375;-359.30145263671875;64.10572814941406;0.8300309181213379;-0.7870000004768372;-0.7089999914169312;-0.7070000171661377;-2.203000068664551;252.5;250.39999389648438;250.0;435.5;433.29998779296875;435.1000061035156;-469.20001220703125;-155.3000030517578;-161.8000030517578;-164.1999969482422;-19.0;-58.599998474121094;20.200000762939453;19.299999237060547;500.1000061035156;171.60000610351562;163.10000610351562;165.3000030517578;-0.9990000128746033;-0.9350000023841858;0.9919999837875366;0.9940000176429749;49.900001525878906;MPPT;49.99824905395508;0.8286953568458557;0.8219776749610901;0.8325722813606262;251.59925842285156;249.46017456054688;249.25379943847656;433.65289306640625;430.9825744628906;434.9471435546875;620.8142700195312;-12.056739807128906;620.9313354492188;99.98114776611328;242805.265625;669.5180053710938;2016-07-17 05:45:00;674.6547887161696;583.5553540776358;1.1561110424263437;142.85423673646523;47;-518.307456205381;-661.1616929418462
2026-04-24 20:33:19;0.8528473973274231;0.8038606643676758;0.830557107925415;234.15487670898438;235.3040771484375;236.23826599121094;404.1165466308594;403.5679016113281;403.0115051269531;196.49539184570312;190.05174255371094;197.27389526367188;-174.0186004638672;-175.96669006347656;-186.74459838867188;-23.54244041442871;44.79697799682617;38.459774017333984;0.889499306678772;0.9252861142158508;0.9437031745910645;49.976768493652344;585.2562866210938;-539.446044921875;43.36616897583008;0.9219280481338501;-0.9959999918937683;-0.9330000281333923;-0.9380000233650208;-2.867000102996826;250.1999969482422;248.0;247.6999969482422;431.3999938964844;429.20001220703125;431.1000061035156;-668.9000244140625;-221.60000610351562;-221.60000610351562;-224.39999389648438;-58.29999923706055;-71.0;7.199999809265137;5.5;678.4000244140625;232.10000610351562;221.6999969482422;224.39999389648438;-0.996999979019165;-0.9559999704360962;0.9990000128746033;0.9990000128746033;49.900001525878906;MPPT;49.98342514038086;1.1398221254348755;1.1326950788497925;1.1440168619155884;249.13458251953125;247.04856872558594;246.773193359375;429.34307861328125;426.8105773925781;430.68927001953125;846.0932006835938;3.1081342697143555;846.0989379882812;-99.99932098388672;242805.265625;894.6817016601562;2016-07-17 06:00:00;899.5402191388375;585.0800450269194;1.5374652182804318;180.94960399262234;60;-700.5998107634384;-881.5494147560607
2026-04-24 20:33:45;1.6675950288772583;1.6760631799697876;1.7244760990142822;231.90699768066406;232.75729370117188;233.69915771484375;402.4391174316406;403.9682922363281;403.2459716796875;386.91473388671875;390.63250732421875;403.3334045410156;-378.376220703125;-381.1422424316406;-397.18035888671875;0.0;65.56159973144531;55.93775939941406;0.9801069498062134;0.9741148352622986;0.9835500121116638;49.9835090637207;1180.0699462890625;-1157.1766357421875;112.29740905761719;0.9802196025848389;-1.8309999704360962;-1.8109999895095825;-1.8179999589920044;-5.460000038146973;250.89999389648438;248.8000030517578;248.5;432.70001220703125;430.6000061035156;432.3999938964844;-1333.0;-443.20001220703125;-445.3999938964844;-447.5;-36.599998474121094;-63.5;15.300000190734863;11.600000381469727;1342.9000244140625;449.3999938964844;445.70001220703125;447.70001220703125;1.0;-0.9890000224113464;1.0;1.0;49.900001525878906;MPPT;49.99216842651367;2.0580618381500244;2.051015853881836;2.0626020431518555;249.94094848632812;247.92877197265625;247.6128387451172;430.7638854980469;428.3647155761719;432.08685302734375;1533.6759033203125;-3.9353630542755127;1533.0684814453125;99.99967193603516;242805.265625;1597.6009521484375;2016-07-17 06:15:00;1606.8740076897263;589.875666617429;2.7240893270003013;209.52451990886405;69;-1365.2120076270678;-1574.7365275359318
2026-04-24 20:34:14;2.5985147953033447;2.6182940006256104;2.683232545852661;231.84381103515625;232.51608276367188;233.6269073486328;402.0299987792969;403.6573486328125;402.9864196777344;605.2826538085938;610.0817260742188;627.6607055664062;-600.48388671875;-602.76416015625;-624.193603515625;0.0;73.97605895996094;55.71963119506836;0.9933779239654541;0.9897627234458923;0.9949390292167664;49.97227478027344;1840.542236328125;-1826.9051513671875;148.59498596191406;0.9918511509895325;-2.7639999389648438;-2.760999917984009;-2.7690000534057617;-8.291999816894531;251.3000030517578;249.3000030517578;249.0;433.5;431.5;433.20001220703125;-2054.39990234375;-684.2000122070312;-684.2000122070312;-686.0;-43.5;-65.4000015258789;15.699999809265137;9.699999809265137;2059.199951171875;687.7000122070312;684.7000122070312;686.7000122070312;1.0;-0.9950000047683716;1.0;1.0;49.900001525878906;MPPT;49.98365783691406;2.976294755935669;2.969062328338623;2.980552911758423;250.2589111328125;248.08627319335938;248.10037231445312;431.28997802734375;428.9015808105469;432.69342041015625;2220.919189453125;-5.6966705322265625;2220.926513671875;99.99967193603516;242805.265625;2298.06884765625;2016-07-17 06:30:00;2314.215308999784;594.671339143368;3.8915870947024995;190.4768362807855;63;-2077.454166539003;-2267.9310028197883
2026-04-24 20:34:42;3.5056815147399902;3.5231308937072754;3.604630947113037;231.7886962890625;232.97634887695312;233.92893981933594;402.6824035644531;404.3891296386719;403.4394836425781;813.9479370117188;820.2914428710938;842.8143920898438;-812.4950561523438;-814.0584106445312;-840.637939453125;18.71710968017578;92.421630859375;69.38847351074219;0.9980265498161316;0.991771936416626;0.9965695142745972;49.971527099609375;2473.001708984375;-2463.275146484375;176.473388671875;0.9956001043319702;-3.6519999504089355;-3.6610000133514404;-3.6700000762939453;-10.982999801635742;252.39999389648438;250.3000030517578;249.89999389648438;435.29998779296875;433.1000061035156;435.0;-2738.0;-912.7000122070312;-912.7999877929688;-914.2000122070312;-62.599998474121094;-71.4000015258789;8.699999809265137;0.0;2743.5;916.2000122070312;912.9000244140625;914.2000122070312;1.0;-0.996999979019165;1.0;1.0;49.900001525878906;MPPT;49.98244094848633;3.884942054748535;3.877570629119873;3.889129161834717;251.4443359375;249.4052734375;249.19419860839844;433.34002685546875;431.0381164550781;434.7354736328125;2913.03173828125;-5.606321811676025;2913.037109375;99.99981689453125;242805.265625;3006.7119140625;2016-07-17 06:45:00;3021.556610309843;599.4670116693068;5.040405145724134;199.9972876207009;66;-2761.1281904829457;-2961.1254781036464
2026-04-24 20:35:08;4.335288047790527;4.353107929229736;4.448253631591797;232.4092254638672;233.29974365234375;234.1555633544922;403.32720947265625;404.8895568847656;404.131103515625;1007.6891479492188;1014.3744506835938;1039.9808349609375;-1006.26708984375;-1008.0064086914062;-1038.9393310546875;41.10820388793945;113.06976318359375;85.77135467529297;0.9989485740661621;0.9921658039093018;0.9972377419471741;49.99550247192383;3066.005859375;-3054.1259765625;246.2452392578125;0.9968485236167908;-4.486000061035156;-4.5;-4.511000156402588;-13.496999740600586;253.3000030517578;251.0;250.6999969482422;436.70001220703125;434.3999938964844;436.3999938964844;-3383.10009765625;-1128.699951171875;-1126.5;-1127.800048828125;-31.600000381469727;-61.099998474121094;19.899999618530273;9.600000381469727;3384.89990234375;1130.4000244140625;1126.5999755859375;1127.5999755859375;1.0;-0.9990000128746033;1.0;1.0;50.0;MPPT;50.00676727294922;4.77946138381958;4.7716383934021;4.7834296226501465;252.4168701171875;250.25364685058594;250.0408477783203;434.9049987792969;432.4706115722656;436.3608703613281;3596.39306640625;-26.490827560424805;3596.49072265625;99.99728393554688;242805.265625;3705.96728515625;2016-07-17 07:00:00;3728.8979116199016;604.2626841952457;6.170988229375824;257.14033850493655;85;-3397.179614882567;-3654.3199533875036
2026-04-24 20:35:36;4.206026077270508;4.2186360359191895;4.3137688636779785;232.35476684570312;233.1368408203125;234.14263916015625;403.1259765625;404.6937561035156;403.8271179199219;975.3671875;983.01123046875;1008.7269287109375;-977.4175415039062;-978.4765014648438;-1008.1522216796875;28.87368392944336;101.66519165039062;75.55375671386719;0.9997811317443848;0.9935706853866577;0.9984573125839233;49.9730224609375;2972.1650390625;-2962.94921875;211.59695434570312;0.9967453479766846;-4.355999946594238;-4.372000217437744;-4.385000228881836;-13.119999885559082;252.89999389648438;250.6999969482422;250.39999389648438;436.1000061035156;433.8999938964844;435.79998779296875;-3279.39990234375;-1093.800048828125;-1092.0;-1095.0;-56.400001525878906;-68.80000305175781;12.300000190734863;0.0;3286.60009765625;1097.800048828125;1093.699951171875;1095.0;1.0;-0.9980000257492065;1.0;1.0;49.900001525878906;MPPT;49.98251724243164;4.638669967651367;4.6312055587768555;4.645555019378662;251.99005126953125;249.88731384277344;249.71485900878906;434.2400207519531;431.8773498535156;435.6773986816406;3487.701904296875;-8.923904418945312;3487.71337890625;99.99967193603516;242805.265625;3595.120849609375;2016-07-17 07:15:00;3617.303386918784;603.5060893305556;5.993814231321691;247.61988716502117;82;-3297.3374320153866;-3544.957319180408
2026-04-24 20:36:03;4.194217205047607;4.207026958465576;4.299685001373291;232.30247497558594;233.03790283203125;234.0049285888672;402.9469299316406;404.485107421875;403.8788757324219;974.1113891601562;980.3980102539062;1006.4370727539062;-972.7328491210938;-972.56005859375;-1003.4323120117188;35.277503967285156;106.92269134521484;81.04225158691406;0.9978768825531006;0.993162989616394;0.997901976108551;49.9835090637207;2955.94140625;-2948.125732421875;223.26637268066406;0.9961516261100769;-4.336999893188477;-4.353000164031982;-4.361999988555908;-13.052000045776367;252.8000030517578;250.60000610351562;250.39999389648438;435.8999938964844;433.79998779296875;435.70001220703125;-3265.300048828125;-1089.0999755859375;-1087.9000244140625;-1089.699951171875;-46.400001525878906;-66.4000015258789;14.5;5.400000095367432;3269.699951171875;1091.800048828125;1088.0;1089.699951171875;1.0;-0.9980000257492065;1.0;1.0;50.0;MPPT;49.99217224121094;4.499446392059326;4.491775035858154;4.502662658691406;252.097412109375;249.97914123535156;249.8634490966797;434.3609619140625;432.112060546875;435.9287414550781;3382.09521484375;-8.452275276184082;3382.105712890625;99.99968719482422;242805.265625;3487.750244140625;2016-07-17 07:30:00;3505.723887736005;602.7495963367239;5.8162193870264245;152.38146902462842;50;-3283.2279409566563;-3435.609409981285
2026-04-24 20:36:30;4.036925315856934;4.047787666320801;4.136312961578369;232.29588317871094;233.22683715820312;234.1006622314453;403.2464599609375;404.7799072265625;404.0104064941406;936.3333740234375;942.6279296875;967.359619140625;-936.675048828125;-937.6466674804688;-966.8455810546875;30.948974609375;104.46783447265625;79.72350311279297;0.9987911581993103;0.9930159449577332;0.9977349042892456;49.98201370239258;2850.355712890625;-2838.466064453125;231.57009887695312;0.9963206052780151;-4.177999973297119;-4.191999912261963;-4.202000141143799;-12.571999549865723;252.89999389648438;250.89999389648438;250.5;436.29998779296875;434.20001220703125;436.0;-3147.699951171875;-1049.699951171875;-1048.199951171875;-1049.699951171875;-29.5;-61.0;20.299999237060547;11.100000381469727;3149.800048828125;1051.5;1048.300048828125;1049.199951171875;1.0;-0.9980000257492065;1.0;1.0;50.0;MPPT;49.994606018066406;4.354722499847412;4.346935749053955;4.358549118041992;252.15525817871094;249.99407958984375;249.9370880126953;434.4839782714844;432.1938171386719;435.9770202636719;3273.94580078125;-23.005800247192383;3274.026611328125;99.99752807617188;242805.265625;3374.303955078125;2016-07-17 07:45:00;3394.129363034888;601.9930014720339;5.6381541890608915;161.9019203645438;53;-3164.3448554096462;-3326.24677577419
2026-04-24 20:36:58;3.8729560375213623;3.89823317527771;3.98547625541687;232.57241821289062;233.56036376953125;234.49481201171875;403.7137451171875;405.32769775390625;404.537109375;903.4852905273438;909.8483276367188;933.9635620117188;-902.5189819335938;-904.0274047851562;-933.1082763671875;26.592866897583008;99.6998062133789;74.23167419433594;0.9988361597061157;0.9939069151878357;0.9985655546188354;49.99850082397461;2748.209228515625;-2740.77978515625;191.3818359375;0.9968593120574951;-4.041999816894531;-4.048999786376953;-4.053999900817871;-12.145000457763672;253.0;251.10000610351562;250.60000610351562;436.5;434.3999938964844;436.1000061035156;-3035.300048828125;-1011.7000122070312;-1013.0;-1013.5;-64.9000015258789;-72.5;7.5;0.0;3042.800048828125;1016.2000122070312;1013.0;1013.5;1.0;-0.996999979019165;1.0;1.0;50.0;MPPT;50.005550384521484;4.213194847106934;4.205479145050049;4.216233253479004;251.9097137451172;250.07827758789062;249.7487335205078;434.29144287109375;432.1708068847656;435.5867004394531;3165.85107421875;10.17091178894043;3165.867431640625;-99.99948120117188;242805.265625;3265.873779296875;2016-07-17 08:00:00;3282.549863852109;601.2365084782022;5.459664903185296;161.9019203645438;53;-3054.9969462105228;-3216.8988665750667
2026-04-24 20:37:27;4.043219089508057;4.05162239074707;4.139886856079102;232.55145263671875;233.642578125;234.16355895996094;403.58465576171875;405.0328063964844;404.1155700683594;939.1741943359375;946.0758056640625;970.8804321289062;-938.4496459960938;-939.9607543945312;-968.3875732421875;32.303199768066406;104.58629608154297;79.37062072753906;0.9993430972099304;0.9933894276618958;0.9971423745155334;49.98276138305664;2855.255615234375;-2843.73193359375;216.7941131591797;0.9967621564865112;-4.184000015258789;-4.198999881744385;-4.206999778747559;-12.59000015258789;252.89999389648438;250.89999389648438;250.39999389648438;436.29998779296875;434.1000061035156;435.79998779296875;-3154.300048828125;-1051.5999755859375;-1050.4000244140625;-1050.9000244140625;-45.900001525878906;-66.4000015258789;14.300000190734863;6.099999904632568;3154.60009765625;1053.0999755859375;1050.5;1050.9000244140625;1.0;-0.9980000257492065;1.0;1.0;50.0;MPPT;49.988525390625;4.3835577964782715;4.375906467437744;4.386852741241455;252.13238525390625;250.15496826171875;249.75848388671875;434.58953857421875;432.1932373046875;435.80047607421875;3298.230224609375;-8.476860046386719;3298.240966796875;99.99967193603516;242805.265625;3399.09521484375;2016-07-17 08:15:00;3421.5659595212537;602.1790176593133;5.681974727085271;180.94960399262234;60;-3172.185036338206;-3353.1346403308285
2026-04-24 20:37:54;4.307374000549316;4.311641216278076;4.40590763092041;232.36534118652344;233.0985565185547;234.20819091796875;403.00262451171875;404.9104919433594;404.07281494140625;999.8563232421875;1008.0761108398438;1033.8380126953125;-999.6663818359375;-1001.5399780273438;-1031.660888671875;35.85776901245117;107.88220977783203;81.5841293334961;0.9997261166572571;0.9937011003494263;0.9979983568191528;49.98426055908203;3042.2109375;-3033.91943359375;212.39297485351562;0.997611403465271;-4.448999881744385;-4.465000152587891;-4.47599983215332;-13.390000343322754;253.10000610351562;251.10000610351562;250.60000610351562;436.6000061035156;434.3999938964844;436.20001220703125;-3356.89990234375;-1118.5999755859375;-1118.5;-1118.9000244140625;-52.099998474121094;-67.69999694824219;12.300000190734863;3.200000047683716;3358.300048828125;1120.699951171875;1118.5999755859375;1118.9000244140625;1.0;-0.9980000257492065;1.0;1.0;49.900001525878906;MPPT;49.99095153808594;4.5697832107543945;4.5619282722473145;4.572800636291504;252.2303924560547;250.16839599609375;249.90211486816406;434.5992736816406;432.4066162109375;436.0196838378906;3436.5205078125;9.85874080657959;3436.53466796875;-99.99958801269531;242805.265625;3541.79150390625;2016-07-17 08:30:00;3560.56702967206;603.1214249695661;5.90356581985415;114.28610176847131;38;-3375.0695873101477;-3489.355689078619
2026-04-24 20:38:22;4.4442620277404785;4.451870441436768;4.549144744873047;232.09825134277344;233.13473510742188;233.97434997558594;403.0293273925781;404.58575439453125;403.9952697753906;1031.559814453125;1038.0345458984375;1064.809814453125;-1030.103515625;-1030.219970703125;-1062.476806640625;39.24061584472656;111.62371826171875;84.24971008300781;0.9992572069168091;0.9935389757156372;0.9981673359870911;49.97227478027344;3126.948486328125;-3122.30615234375;235.55580139160156;0.9970396757125854;-4.570000171661377;-4.5879998207092285;-4.5980000495910645;-13.78600025177002;253.3000030517578;251.10000610351562;250.6999969482422;436.79998779296875;434.5;436.3999938964844;-3448.39990234375;-1150.0999755859375;-1148.699951171875;-1149.5;-46.099998474121094;-65.4000015258789;14.199999809265137;4.900000095367432;3458.60009765625;1155.0;1151.4000244140625;1152.0999755859375;1.0;-0.9980000257492065;1.0;1.0;49.900001525878906;MPPT;49.98243713378906;4.739379405975342;4.732024669647217;4.743586540222168;252.5090789794922;250.4625244140625;250.14126586914062;435.02130126953125;432.88775634765625;436.5217590332031;3568.50146484375;-7.109100341796875;3568.508544921875;99.99980163574219;242805.265625;3679.55615234375;2016-07-17 08:45:00;3699.5831253412043;604.0639341506771;6.124489339928683;152.38146902462842;50;-3473.2099938097517;-3625.5914628343803
2026-04-24 20:38:50;4.365059852600098;4.37986946105957;4.472932815551758;232.19683837890625;233.03347778320312;234.11361694335938;403.0558776855469;404.65631103515625;403.95513916015625;1011.1398315429688;1018.5631713867188;1046.366455078125;-1011.515380859375;-1012.765625;-1042.5560302734375;38.59654998779297;109.72203063964844;83.59567260742188;0.9999976754188538;0.9943522214889526;0.9974055290222168;49.977516174316406;3079.4521484375;-3070.837158203125;240.1377716064453;0.996616005897522;-4.50600004196167;-4.5289998054504395;-4.535999774932861;-13.571000099182129;253.10000610351562;250.89999389648438;250.5;436.3999938964844;434.20001220703125;436.1000061035156;-3399.60009765625;-1134.0999755859375;-1132.9000244140625;-1133.800048828125;-40.5;-63.5;16.0;6.900000095367432;3403.10009765625;1136.199951171875;1133.0999755859375;1133.800048828125;1.0;-0.9980000257492065;1.0;1.0;50.0;MPPT;49.98970413208008;4.91585111618042;4.908442974090576;4.9204535484313965;252.48358154296875;250.306396484375;250.09066772460938;434.890380859375;432.6716003417969;436.46697998046875;3700.17919921875;-22.327293395996094;3700.24658203125;99.99817657470703;242805.265625;3815.87451171875;2016-07-17 09:00:00;3838.5841954920106;605.00634146093;6.34470076168598;342.8583053054139;114;-3418.9542062767564;-3761.8125115821704
2026-04-24 20:39:16;5.843359470367432;5.850074291229248;5.968709945678711;232.794189453125;233.60299682617188;234.54949951171875;403.94378662109375;405.3892517089844;404.7878723144531;1360.733154296875;1365.5875244140625;1400.160888671875;-1362.0233154296875;-1360.548095703125;-1399.3134765625;66.5965805053711;138.5353546142578;105.7347183227539;1.0;0.9950380921363831;0.9990556240081787;50.00075149536133;4122.51904296875;-4113.6220703125;312.248046875;0.9980759620666504;-5.9670000076293945;-5.988999843597412;-6.000999927520752;-17.957000732421875;254.60000610351562;252.3000030517578;252.10000610351562;438.8999938964844;436.79998779296875;438.79998779296875;-4539.5;-1515.5;-1509.0;-1510.300048828125;-41.29999923706055;-63.900001525878906;18.100000381469727;4.400000095367432;4534.2001953125;1514.5999755859375;1509.0999755859375;1510.300048828125;1.0;-0.9990000128746033;1.0;1.0;50.0;MPPT;50.00920104980469;6.283195495605469;6.275112628936768;6.286336421966553;253.85496520996094;251.5969696044922;251.4835205078125;437.310302734375;434.883544921875;438.8572998046875;4754.71484375;-13.952213287353516;4754.7353515625;99.99956512451172;242805.265625;4895.01220703125;2016-07-17 09:15:00;4921.7587870066;612.3501097658499;8.037491475078824;266.66757079309974;88;-4556.656040473368;-4823.323611266468
2026-04-24 20:39:42;7.174969673156738;7.185541152954102;7.322991847991943;232.8468780517578;233.5427703857422;234.4909210205078;403.76605224609375;405.2646484375;404.64715576171875;1674.2685546875;1676.8106689453125;1717.2530517578125;-1674.485595703125;-1671.31103515625;-1717.00732421875;83.40931701660156;157.68231201171875;119.83332824707031;1.0;0.9963181614875793;1.0;49.98201370239258;5068.751953125;-5062.34912109375;376.3658447265625;0.9986452460289001;-7.301000118255615;-7.335999965667725;-7.3460001945495605;-21.982999801635742;255.1999969482422;252.8000030517578;252.5;439.8999938964844;437.6000061035156;439.6000061035156;-5572.39990234375;-1861.5;-1854.9000244140625;-1852.5999755859375;-30.299999237060547;-60.20000076293945;24.0;5.900000095367432;5563.60009765625;1859.0999755859375;1851.800048828125;1852.699951171875;1.0;-0.9990000128746033;1.0;1.0;49.900001525878906;MPPT;50.00087356567383;7.643840789794922;7.635681629180908;7.646725177764893;254.61561584472656;252.18592834472656;252.25559997558594;438.5570983886719;435.99542236328125;440.17486572265625;5800.39013671875;-38.350608825683594;5800.51708984375;99.99781036376953;242805.265625;5970.0322265625;2016-07-17 09:30:00;6004.9333785211875;619.6938780707696;9.690160885913123;295.23570576109364;98;-5589.599005189671;-5884.834710950764
2026-04-24 20:40:10;8.736678123474121;8.731361389160156;8.888228416442871;233.00765991210938;233.5233612060547;234.5644989013672;404.0049743652344;405.24664306640625;404.8077392578125;2039.9521484375;2038.9759521484375;2085.86767578125;-2039.4666748046875;-2031.7479248046875;-2084.11181640625;105.90438842773438;177.79714965820312;133.89028930664062;1.0;0.99644535779953;0.9997316002845764;50.00899887084961;6162.2958984375;-6155.9833984375;409.15667724609375;0.9987344741821289;-8.845999717712402;-8.887999534606934;-8.895000457763672;-26.628999710083008;256.29998779296875;253.8000030517578;253.5;441.70001220703125;439.29998779296875;441.5;-6771.10009765625;-2262.800048828125;-2254.10009765625;-2253.5;-66.5999984741211;-72.5;14.0;-8.100000381469727;6772.10009765625;2264.199951171875;2254.199951171875;2253.60009765625;1.0;1.0;1.0;1.0;50.0;MPPT;50.01771545410156;8.973644256591797;8.965274810791016;8.976505279541016;255.82772827148438;253.56716918945312;253.38832092285156;440.8152770996094;438.1759338378906;442.1904296875;6843.2490234375;-4.9361467361450195;6843.25048828125;99.9999771118164;242805.265625;7045.07861328125;2016-07-17 09:45:00;7088.107970035777;627.0376463756895;11.304118677730775;152.38146902462842;50;-6793.964341610433;-6946.345810635061
2026-04-24 20:40:39;8.911694526672363;8.905658721923828;9.06396198272705;232.97938537597656;233.68472290039062;234.5281219482422;404.2726745605469;405.54595947265625;404.9368896484375;2049.606689453125;2049.731689453125;2094.8583984375;-2051.813720703125;-2047.17822265625;-2104.406005859375;107.99935913085938;182.4557342529297;138.64364624023438;1.0;0.996381938457489;1.0;50.00374984741211;6229.484375;-6223.6376953125;429.1546325683594;0.9989890456199646;-8.9350004196167;-8.97700023651123;-8.982999801635742;-26.895000457763672;256.3999938964844;254.0;253.6999969482422;442.0;439.6000061035156;441.79998779296875;-6840.5;-2286.300048828125;-2277.300048828125;-2276.699951171875;-55.099998474121094;-68.69999694824219;18.100000381469727;-4.400000095367432;6841.60009765625;2287.39990234375;2290.10009765625;2289.10009765625;1.0;1.0;1.0;1.0;49.900001525878906;MPPT;50.012962341308594;9.109085083007812;9.100642204284668;9.113723754882812;256.0490417480469;253.70106506347656;253.55882263183594;441.09423828125;438.4158020019531;442.58294677734375;6951.82568359375;-34.66604232788086;6951.912109375;99.9987564086914;242805.265625;7133.669921875;2016-07-17 10:00:00;8171.282561550365;634.3814146806094;12.880709258584353;161.9019203645438;53;-6844.135694983138;-7006.037615347682
2026-04-24 20:41:08;8.880648612976074;8.89404010772705;9.063199043273926;232.7643585205078;233.4339141845703;234.53091430664062;403.762939453125;405.3128662109375;404.67132568359375;2078.38818359375;2076.89111328125;2130.3349609375;-2082.3095703125;-2073.2412109375;-2120.63671875;104.00528717041016;179.89276123046875;137.3950653076172;1.0;0.9967049360275269;1.0;49.99400329589844;6267.5498046875;-6260.98828125;452.5615234375;0.9988250732421875;-8.98900032043457;-9.04800033569336;-9.057999610900879;-27.11199951171875;256.3999938964844;254.10000610351562;253.6999969482422;442.1000061035156;439.70001220703125;441.70001220703125;-6883.89990234375;-2301.0;-2291.800048828125;-2296.0;-36.599998474121094;-60.900001525878906;24.299999237060547;0.0;6898.5;2305.199951171875;2297.199951171875;2296.0;1.0;1.0;1.0;1.0;50.0;MPPT;50.010414123535156;9.17208480834961;9.163542747497559;9.176613807678223;255.9579620361328;253.69557189941406;253.47726440429688;440.9597473144531;438.42218017578125;442.4019470214844;6998.24462890625;-41.49126434326172;6998.36767578125;99.99824523925781;242805.265625;7165.0263671875;2016-07-17 10:15:00;8077.252867787125;633.7439068492872;12.745294716826372;142.85423673646523;47;-6892.252477484591;-7035.106714221056
2026-04-24 20:41:36;8.74509048461914;8.74444580078125;8.902587890625;232.91720581054688;233.6338653564453;234.61749267578125;403.8891906738281;405.4415283203125;404.96630859375;2045.0048828125;2045.8232421875;2087.4150390625;-2036.32763671875;-2032.020263671875;-2078.18017578125;105.10643005371094;179.28762817382812;139.1448974609375;1.0;0.9968605637550354;1.0;50.00600051879883;6126.3779296875;-6123.1298828125;429.076171875;0.9989131689071655;-8.793000221252441;-8.835000038146973;-8.843000411987305;-26.47100067138672;256.5;254.10000610351562;253.8000030517578;442.1000061035156;439.79998779296875;441.8999938964844;-6734.10009765625;-2250.0;-2243.10009765625;-2242.39990234375;-42.70000076293945;-63.099998474121094;20.299999237060547;0.0;6737.60009765625;2251.89990234375;2243.10009765625;2242.39990234375;1.0;1.0;1.0;1.0;50.0;MPPT;50.0177116394043;9.035453796386719;9.026718139648438;9.039525985717773;255.9983367919922;253.68289184570312;253.56927490234375;440.9169006347656;438.496826171875;442.574951171875;6894.9287109375;-35.06857681274414;6895.01806640625;99.99951171875;242805.265625;7073.11669921875;2016-07-17 10:30:00;7983.238199542223;633.1065008888232;12.609629167185128;199.9972876207009;66;-6693.46805856367;-6893.465346184371
2026-04-24 20:42:04;8.731303215026855;8.755006790161133;8.91273021697998;232.9019775390625;233.6598358154297;234.53317260742188;404.1211242675781;405.4801025390625;404.9053649902344;2050.1337890625;2051.08203125;2101.922607421875;-2055.11767578125;-2057.151123046875;-2108.957275390625;104.1385269165039;177.2801971435547;134.69189453125;1.0;0.9963822364807129;0.9994329810142517;49.98126220703125;6200.3232421875;-6194.119140625;414.1897277832031;0.9988539218902588;-8.890999794006348;-8.932000160217285;-8.942999839782715;-26.766000747680664;256.5;254.10000610351562;253.6999969482422;442.1000061035156;439.70001220703125;441.79998779296875;-6817.7998046875;-2278.10009765625;-2268.0;-2267.10009765625;-70.5999984741211;-73.0999984741211;11.300000190734863;-8.800000190734863;6812.7001953125;2277.39990234375;2268.10009765625;2267.199951171875;1.0;-0.9990000128746033;1.0;1.0;49.900001525878906;MPPT;49.9873046875;9.127557754516602;9.118778228759766;9.131232261657715;255.980712890625;253.74557495117188;253.55224609375;440.9923095703125;438.5544128417969;442.4942626953125;6965.41015625;-15.105813980102539;6965.4267578125;99.99976348876953;242805.265625;7134.75244140625;2016-07-17 10:45:00;7889.223531297321;632.4690949283594;12.473690168514786;199.9972876207009;66;-6713.315541438465;-6913.312829059166
2026-04-24 20:42:32;9.000110626220703;9.016410827636719;9.17763900756836;232.64657592773438;233.43760681152344;234.4519500732422;403.72137451171875;405.2939758300781;404.6333312988281;2091.403564453125;2094.4326171875;2138.251708984375;-2091.638671875;-2087.090087890625;-2140.487548828125;116.62975311279297;189.36679077148438;144.52574157714844;1.0;0.996725857257843;1.0;49.98201370239258;6267.138671875;-6260.962890625;434.4015808105469;0.9990154504776001;-8.98799991607666;-9.034000396728516;-9.03499984741211;-27.04800033569336;256.3999938964844;254.10000610351562;253.8000030517578;442.1000061035156;439.79998779296875;441.79998779296875;-6886.2998046875;-2300.800048828125;-2293.0;-2292.39990234375;-49.599998474121094;-66.5999984741211;17.0;0.0;6883.2998046875;2300.199951171875;2291.800048828125;2291.199951171875;1.0;1.0;1.0;1.0;49.900001525878906;MPPT;49.99216842651367;9.108235359191895;9.09941577911377;9.112382888793945;255.95156860351562;253.74082946777344;253.62973022460938;440.8974609375;438.6786804199219;442.5394592285156;6951.2919921875;-18.087055206298828;6951.3154296875;99.99966430664062;242805.265625;7138.02099609375;2016-07-17 11:00:00;7795.193837534078;631.8315870970371;12.337455101523576;190.4768362807855;63;-7026.353209999848;-7216.830046280634
2026-04-24 20:43:00;8.457435607910156;8.447139739990234;8.601149559020996;233.1991729736328;234.0164337158203;234.9224090576172;404.72198486328125;406.13153076171875;405.5388488769531;1959.6734619140625;1955.51953125;1998.701416015625;-1947.6129150390625;-1943.374755859375;-1990.6468505859375;107.41494750976562;181.3558807373047;140.33843994140625;1.0;0.9970022439956665;0.9998555183410645;50.00449752807617;5871.0224609375;-5881.01171875;411.6964416503906;0.9988332986831665;-8.454000473022461;-8.494000434875488;-8.505999565124512;-25.45400047302246;256.5;254.1999969482422;253.8000030517578;442.20001220703125;439.8999938964844;441.8999938964844;-6452.2998046875;-2155.699951171875;-2157.199951171875;-2156.699951171875;-49.900001525878906;-67.9000015258789;18.0;0.0;6479.7998046875;2165.699951171875;2157.300048828125;2156.699951171875;1.0;1.0;1.0;1.0;49.900001525878906;MPPT;50.014060974121094;8.810324668884277;8.801823616027832;8.814497947692871;256.0326843261719;253.5910186767578;253.68655395507812;441.0223083496094;438.5141296386719;442.55963134765625;6723.693359375;-16.763160705566406;6723.71435546875;99.99968719482422;242805.265625;6883.15771484375;2016-07-17 11:15:00;7421.659451635361;629.299077559378;11.793533021562524;276.1880221330151;92;-6371.179593497688;-6647.367615630703
2026-04-24 20:43:28;7.756961345672607;7.756357192993164;7.903975963592529;233.14459228515625;234.01858520507812;234.8739471435547;404.4770812988281;406.0130615234375;405.3800964355469;1812.9798583984375;1816.1732177734375;1858.093994140625;-1812.533203125;-1806.77294921875;-1856.771484375;91.58952331542969;167.20693969726562;126.66252899169922;1.0;0.9964907765388489;1.0;49.99175262451172;5487.11181640625;-5478.45947265625;369.6055908203125;0.9988197684288025;-7.874000072479248;-7.908999919891357;-7.918000221252441;-23.701000213623047;256.29998779296875;254.0;253.60000610351562;441.8999938964844;439.5;441.5;-6027.39990234375;-2013.5;-2006.4000244140625;-2005.4000244140625;-67.4000015258789;-72.80000305175781;11.399999618530273;-6.0;6025.7998046875;2013.9000244140625;2006.4000244140625;2005.4000244140625;1.0;-0.9990000128746033;1.0;1.0;50.0;MPPT;49.99946594238281;8.929022789001465;8.920912742614746;8.932418823242188;255.65798950195312;253.57977294921875;253.20819091796875;440.6037902832031;438.1448974609375;441.8489074707031;6806.57958984375;0.997981071472168;6806.57958984375;-100.0;242805.265625;7008.4970703125;2016-07-17 11:30:00;7048.140091254982;626.7666698925772;11.245237549825323;857.138982315287;285;-6050.038307114595;-6907.177289429882
2026-04-24 20:43:53;7.8256096839904785;7.827120780944824;7.972846031188965;233.175048828125;233.97642517089844;234.88836669921875;404.68048095703125;405.9814758300781;405.4960021972656;1829.1307373046875;1830.5498046875;1873.94189453125;-1829.239501953125;-1825.255859375;-1873.009521484375;87.70052337646484;161.53297424316406;123.36039733886719;1.0;0.9968113899230957;0.9996961355209351;49.97602081298828;5535.4580078125;-5517.08642578125;380.84185791015625;0.9987647533416748;-7.941999912261963;-7.980000019073486;-7.988999843597412;-23.864999771118164;256.20001220703125;254.0;253.60000610351562;441.79998779296875;439.5;441.5;-6076.7998046875;-2029.5999755859375;-2023.800048828125;-2023.300048828125;-52.29999923706055;-68.4000015258789;13.899999618530273;0.0;6069.39990234375;2028.0;2021.0999755859375;2020.199951171875;1.0;-0.9990000128746033;1.0;1.0;49.900001525878906;MPPT;49.98122787475586;8.45743465423584;8.448979377746582;8.46092700958252;255.7347412109375;253.58941650390625;253.38168334960938;440.6494140625;438.3268737792969;442.0699157714844;6449.1123046875;-14.992851257324219;6449.1298828125;99.99972534179688;242805.265625;6639.28662109375;2016-07-17 11:45:00;6674.605705356263;624.2341603549181;10.692471077778427;438.0967234458067;146;-6103.016867803331;-6541.113591249137
2026-04-24 20:44:20;7.731110572814941;7.734818458557129;7.876211166381836;233.17991638183594;233.9529571533203;234.84828186035156;404.5108947753906;406.0234375;405.2647399902344;1804.1549072265625;1807.8837890625;1850.46142578125;-1806.702392578125;-1802.287841796875;-1851.283935546875;91.30850219726562;164.68434143066406;127.00994110107422;1.0;0.9966232180595398;1.0;49.968528747558594;5465.35107421875;-5453.5625;383.1959533691406;0.9987326264381409;-7.8460001945495605;-7.883999824523926;-7.888000011444092;-23.618000030517578;256.1000061035156;253.8000030517578;253.39999389648438;441.5;439.20001220703125;441.20001220703125;-6001.10009765625;-2004.300048828125;-1998.800048828125;-1997.9000244140625;-50.5;-67.4000015258789;16.799999237060547;0.0;6002.2998046875;2005.5;1998.9000244140625;1997.9000244140625;1.0;-0.9990000128746033;1.0;1.0;49.900001525878906;MPPT;49.980010986328125;7.9897260665893555;7.981997489929199;7.994143962860107;255.5419158935547;253.3966064453125;253.09817504882812;440.3177795410156;437.8982238769531;441.6746826171875;6087.4375;-25.33071517944336;6087.490234375;99.99913024902344;242805.265625;6267.8359375;2016-07-17 12:00:00;6301.0713194575455;621.701650817259;10.135201203301394;152.38146902462842;50;-6022.668424043766;-6175.049893068394
2026-04-24 20:44:46;7.890559196472168;7.8904876708984375;8.039748191833496;233.1990966796875;234.15567016601562;234.9310302734375;404.731689453125;406.1969909667969;405.373046875;1844.0013427734375;1846.7900390625;1889.7235107421875;-1844.406494140625;-1841.8311767578125;-1889.114501953125;94.5999984741211;168.5118408203125;127.93933868408203;1.0;0.9959540367126465;1.0;49.970027923583984;5582.8955078125;-5574.12548828125;390.0611267089844;0.9986574649810791;-8.017000198364258;-8.055000305175781;-8.0649995803833;-24.136999130249023;256.20001220703125;254.10000610351562;253.5;441.8999938964844;439.5;441.3999938964844;-6131.7998046875;-2048.199951171875;-2043.9000244140625;-2042.0999755859375;-50.0;-67.0999984741211;17.0;0.0;6136.60009765625;2050.39990234375;2043.9000244140625;2042.0999755859375;1.0;-0.9990000128746033;1.0;1.0;49.900001525878906;MPPT;49.97991943359375;8.103801727294922;8.095507621765137;8.107084274291992;255.6795654296875;253.6829071044922;253.19857788085938;440.69537353515625;438.115234375;441.9861145019531;6178.2041015625;-15.639667510986328;6178.22412109375;99.99967956542969;242805.265625;6360.74609375;2016-07-17 12:15:00;6394.665273188965;622.3362043936901;10.275258337925168;114.28610176847131;38;-6152.485865956715;-6266.771967725186
2026-04-24 20:45:14;7.408486366271973;7.4117889404296875;7.557765960693359;233.1136474609375;234.0548553466797;234.79090881347656;404.47930908203125;405.9683532714844;405.126708984375;1731.3453369140625;1735.3060302734375;1774.67919921875;-1731.4329833984375;-1725.87890625;-1771.5677490234375;80.80860900878906;155.7423553466797;116.42346954345703;1.0;0.9964281320571899;1.0;49.96703338623047;5236.42822265625;-5224.50439453125;351.2811279296875;0.998485803604126;-7.515999794006348;-7.552000045776367;-7.584000110626221;-22.698999404907227;255.8000030517578;253.60000610351562;253.0;441.1000061035156;438.70001220703125;440.6000061035156;-5741.60009765625;-1917.5999755859375;-1912.300048828125;-1911.5;-69.5;-73.0;11.100000381469727;-7.599999904632568;5760.10009765625;1924.9000244140625;1918.0;1917.199951171875;1.0;-0.9990000128746033;1.0;1.0;49.900001525878906;MPPT;49.97270965576172;8.239583015441895;8.231674194335938;8.243624687194824;255.1334991455078;253.10995483398438;252.7144012451172;439.70745849609375;437.2283630371094;441.0854797363281;6268.7919921875;2.569329261779785;6268.79248046875;-99.99999237060547;242805.265625;6453.80029296875;2016-07-17 12:30:00;6488.259226920387;622.9707579701213;10.415030150149638;580.9509601822718;193;-5777.543082199707;-6358.494042381979
2026-04-24 20:45:42;6.003080368041992;6.003267288208008;6.130517482757568;232.8690185546875;233.54104614257812;234.4214324951172;403.7756652832031;405.0353088378906;404.35797119140625;1399.4569091796875;1403.50146484375;1438.8828125;-1398.97705078125;-1397.6175537109375;-1437.3536376953125;57.86960983276367;131.33822631835938;98.90617370605469;1.0;0.9963567852973938;0.9999450445175171;49.95280838012695;4240.60791015625;-4232.24560546875;307.0439453125;0.9978723526000977;-6.13700008392334;-6.1579999923706055;-6.177999973297119;-18.472999572753906;254.6999969482422;252.39999389648438;252.0;439.1000061035156;436.79998779296875;438.79998779296875;-4665.2998046875;-1558.0;-1552.300048828125;-1554.199951171875;-53.0;-68.19999694824219;15.100000381469727;0.0;4665.2998046875;1558.5999755859375;1552.4000244140625;1554.199951171875;1.0;-0.9990000128746033;1.0;1.0;49.900001525878906;MPPT;49.965415954589844;8.402392387390137;8.394488334655762;8.406147003173828;253.99879455566406;251.53114318847656;251.6757049560547;437.5340576171875;434.93572998046875;439.05303955078125;6361.080078125;-29.824373245239258;6361.14990234375;99.9989013671875;242805.265625;6547.6171875;2016-07-17 12:45:00;6581.853180651808;623.6053115465525;10.554517510969708;1761.900564174894;587;-4688.315552863878;-6450.216117038772
2026-04-24 20:46:09;6.586704254150391;6.590351581573486;6.725285530090332;232.95526123046875;233.62631225585938;234.49496459960938;404.08685302734375;405.4263916015625;404.9608459472656;1535.264892578125;1539.7215576171875;1578.4722900390625;-1536.972900390625;-1533.263671875;-1576.79736328125;73.06721496582031;146.41790771484375;110.40119934082031;1.0;0.9958687424659729;0.9996995329856873;49.96029281616211;4656.2919921875;-4650.41015625;332.0650634765625;0.9984633922576904;-6.710999965667725;-6.73799991607666;-6.751999855041504;-20.201000213623047;255.39999389648438;253.10000610351562;252.6999969482422;440.29998779296875;438.0;440.0;-5115.10009765625;-1708.0999755859375;-1703.199951171875;-1703.5999755859375;-55.400001525878906;-69.5999984741211;14.100000381469727;0.0;5116.39990234375;1709.5999755859375;1703.199951171875;1703.5999755859375;1.0;-0.9990000128746033;1.0;1.0;49.900001525878906;MPPT;49.97273635864258;8.483034133911133;8.475133895874023;8.486403465270996;254.62353515625;252.55673217773438;252.2981719970703;438.7529602050781;436.55255126953125;440.1504211425781;6441.2998046875;-32.55575180053711;6441.38232421875;99.99871826171875;242805.265625;6636.29296875;2016-07-17 13:00:00;6675.447134383227;624.2398651229836;10.69372128783873;1400.0013561896496;466;-5141.936835505913;-6541.938191695563
2026-04-24 20:46:33;7.250020980834961;7.256506443023682;7.394753456115723;233.25428771972656;233.99217224121094;235.07687377929688;404.79827880859375;406.3389587402344;405.58978271484375;1695.1776123046875;1698.70556640625;1738.6187744140625;-1694.50390625;-1692.276123046875;-1737.8187255859375;83.18424224853516;157.12181091308594;118.78678131103516;1.0;0.9969661831855774;1.0;49.977516174316406;5134.078125;-5128.92431640625;352.5085754394531;0.9990689158439636;-7.377999782562256;-7.409999847412109;-7.416999816894531;-22.204999923706055;256.1000061035156;253.89999389648438;253.39999389648438;441.5;439.20001220703125;441.20001220703125;-5639.89990234375;-1883.5;-1878.5;-1877.800048828125;-55.79999923706055;-70.0;14.199999809265137;0.0;5641.2998046875;1883.0999755859375;1876.4000244140625;1875.800048828125;1.0;-0.9990000128746033;1.0;1.0;49.900001525878906;MPPT;49.98522186279297;7.893033504486084;7.885289669036865;7.897349834442139;255.45855712890625;253.2926483154297;252.96556091308594;440.1994323730469;437.69793701171875;441.4377746582031;6011.2734375;-10.997564315795898;6011.283203125;99.99983978271484;242805.265625;6189.6455078125;2016-07-17 13:15:00;6221.556276409436;621.162550235067;10.015987399844063;438.0967234458067;146;-5659.02842743544;-6097.125150881247
2026-04-24 20:47:00;6.809483051300049;6.8168792724609375;6.951908111572266;233.2561798095703;234.21478271484375;235.07345581054688;404.9081726074219;406.4157409667969;405.5715026855469;1592.2159423828125;1596.4564208984375;1633.9520263671875;-1592.1239013671875;-1589.399169921875;-1632.8853759765625;78.485107421875;152.50022888183594;116.07209014892578;1.0;0.9958062767982483;0.9987682700157166;50.00600051879883;4824.2119140625;-4814.14892578125;329.8257141113281;0.9986934065818787;-6.951000213623047;-6.97599983215332;-6.982999801635742;-20.90999984741211;255.6999969482422;253.0;253.10000610351562;440.5;438.20001220703125;440.6000061035156;-5299.7998046875;-1770.199951171875;-1763.300048828125;-1765.800048828125;-65.5;-74.5999984741211;12.899999618530273;-3.700000047683716;5302.0;1772.800048828125;1763.300048828125;1765.800048828125;1.0;-0.9990000128746033;1.0;1.0;50.0;MPPT;50.00735092163086;7.319169044494629;7.311065673828125;7.323212623596191;255.21762084960938;252.99844360351562;252.74252319335938;439.7864685058594;437.2413024902344;440.99847412109375;5568.48876953125;6.573258876800537;5568.49267578125;-99.99993133544922;242805.265625;5732.54736328125;2016-07-17 13:30:00;5767.665418435642;618.0852353471504;9.331504926171236;333.33107301725073;111;-5318.981037049679;-5652.31211006693
2026-04-24 20:47:28;6.243902683258057;6.250034809112549;6.3762640953063965;233.1943817138672;233.93997192382812;234.6030731201172;404.41265869140625;405.7373046875;404.9739685058594;1457.87060546875;1462.0303955078125;1496.737548828125;-1458.4085693359375;-1455.44775390625;-1495.8585205078125;66.988525390625;141.861572265625;107.5457534790039;1.0;0.994989275932312;0.999089241027832;49.96553421020508;4415.6865234375;-4398.388671875;340.4753723144531;0.9980573654174805;-6.360000133514404;-6.389999866485596;-6.395999908447266;-19.145999908447266;255.10000610351562;252.60000610351562;252.1999969482422;439.6000061035156;437.1000061035156;439.29998779296875;-4851.0;-1620.300048828125;-1611.0;-1611.4000244140625;-21.899999618530273;-58.900001525878906;26.100000381469727;10.800000190734863;4840.7001953125;1617.9000244140625;1611.199951171875;1611.5;1.0;-0.9990000128746033;1.0;1.0;49.900001525878906;MPPT;49.97757339477539;6.776095867156982;6.768133640289307;6.7794413566589355;254.2977752685547;252.0619354248047;251.75352478027344;438.2240295410156;435.4798583984375;439.3907165527344;5135.6103515625;-28.65137481689453;5135.6904296875;99.99844360351562;242805.265625;5288.63916015625;2016-07-17 13:45:00;5313.774560461851;615.0079204592338;8.640172563133808;333.33107301725073;111;-4874.167996235364;-5207.499069252614
2026-04-24 20:47:55;5.722739219665527;5.7340779304504395;5.852877616882324;232.71414184570312;233.57968139648438;234.36734008789062;403.8062744140625;405.3919372558594;404.56500244140625;1333.3084716796875;1339.158203125;1372.1181640625;-1333.9088134765625;-1332.7196044921875;-1371.2391357421875;61.85810470581055;137.84527587890625;105.27995300292969;1.0;0.9949769377708435;0.9991620182991028;49.9790153503418;4037.5576171875;-4030.0087890625;297.7109375;0.9982594847679138;-5.853000164031982;-5.879000186920166;-5.888000011444092;-17.6200008392334;254.5;252.1999969482422;251.8000030517578;438.79998779296875;436.3999938964844;438.3999938964844;-4441.60009765625;-1483.0;-1479.4000244140625;-1479.9000244140625;-43.400001525878906;-66.0999984741211;18.100000381469727;4.599999904632568;4444.5;1484.9000244140625;1479.5999755859375;1480.0;1.0;-0.9990000128746033;1.0;1.0;49.900001525878906;MPPT;49.986087799072266;6.201195240020752;6.193408012390137;6.205123424530029;253.83218383789062;251.74026489257812;251.34860229492188;437.5090026855469;434.87506103515625;438.8173522949219;4694.8310546875;-12.212238311767578;4694.84716796875;99.9996566772461;242805.265625;4835.1640625;2016-07-17 14:00:00;4859.883702488059;611.9306055713172;7.94188696927607;295.23570576109364;98;-4467.450322677204;-4762.686028438297
2026-04-24 20:48:24;5.05031681060791;5.064868450164795;5.173259258270264;232.94480895996094;233.7322540283203;234.55316162109375;404.1036376953125;405.5399475097656;404.8009033203125;1177.3536376953125;1183.3228759765625;1212.514404296875;-1178.4859619140625;-1177.173583984375;-1212.82470703125;42.68324661254883;117.61251068115234;88.67791748046875;1.0;0.9943328499794006;0.9981186389923096;49.97077560424805;3576.772705078125;-3569.56494140625;262.828125;0.9978371262550354;-5.197000026702881;-5.214000225067139;-5.22599983215332;-15.659000396728516;254.1999969482422;252.0;251.5;438.29998779296875;436.0;437.8999938964844;-3936.800048828125;-1314.0;-1311.199951171875;-1311.5;-47.20000076293945;-67.5;16.200000762939453;4.0;3945.199951171875;1317.800048828125;1313.5;1313.800048828125;1.0;-0.9990000128746033;1.0;1.0;49.900001525878906;MPPT;49.981224060058594;5.6887383460998535;5.681177616119385;5.6925435066223145;253.29405212402344;251.23988342285156;250.84877014160156;436.6299743652344;434.04644775390625;437.6861267089844;4296.115234375;-10.95720100402832;4296.12939453125;99.99967193603516;242805.265625;4427.85791015625;2016-07-17 14:15:00;4455.682233660166;609.1901776118415;7.314107149802404;409.52180752956497;136;-3957.0467814573976;-4366.568588986963
2026-04-24 20:48:50;3.172093629837036;3.1836698055267334;3.261723518371582;232.8957061767578;233.6860809326172;234.45445251464844;404.0424499511719;405.3101501464844;404.5881042480469;737.884765625;743.1900634765625;764.5113525390625;-734.1075439453125;-734.8336791992188;-760.8017578125;20.14899253845215;92.31578063964844;70.60662841796875;0.9958398938179016;0.9889413118362427;0.9949244856834412;49.98201370239258;2244.886962890625;-2229.78173828125;190.8050994873047;0.9924586415290833;-3.319000005722046;-3.319000005722046;-3.3320000171661377;-9.970000267028809;252.89999389648438;250.6999969482422;250.1999969482422;436.1000061035156;433.70001220703125;435.6000061035156;-2491.5;-830.7999877929688;-827.7999877929688;-830.2000122070312;-27.399999618530273;-61.599998474121094;21.100000381469727;12.899999618530273;2490.199951171875;831.7000122070312;828.0999755859375;830.2999877929688;1.0;-0.996999979019165;1.0;1.0;49.900001525878906;MPPT;49.98973846435547;5.2003493309021;5.1927642822265625;5.204508304595947;252.09605407714844;249.95404052734375;249.65567016601562;434.5150451660156;431.8499755859375;435.6303405761719;3908.07861328125;-26.991153717041016;3908.171875;99.99761199951172;242805.265625;4028.852783203125;2016-07-17 14:30:00;4051.4957903506124;606.449851523224;6.680677355554535;1457.1444070738853;485;-2513.3214674697147;-3970.4658745436
2026-04-24 20:49:16;3.048845052719116;3.0608890056610107;3.13337779045105;232.72833251953125;233.68751525878906;234.55506896972656;403.915283203125;405.5349426269531;404.74658203125;708.7036743164062;715.3907470703125;735.7225952148438;-706.1207885742188;-707.8883056640625;-732.8217163085938;8.701242446899414;84.9493179321289;61.08473205566406;0.9954259991645813;0.9908462166786194;0.9964826107025146;49.97377395629883;2160.488037109375;-2148.02490234375;141.833984375;0.9944326877593994;-3.2079999446868896;-3.200000047683716;-3.2130000591278076;-9.621000289916992;252.6999969482422;250.6999969482422;250.1999969482422;435.8999938964844;433.8999938964844;435.6000061035156;-2399.0;-799.2999877929688;-798.7999877929688;-800.7999877929688;-66.4000015258789;-74.5999984741211;8.100000381469727;0.0;2402.5;802.7999877929688;798.2999877929688;800.2000122070312;1.0;-0.9959999918937683;1.0;1.0;49.900001525878906;MPPT;49.981590270996094;4.6812357902526855;4.673636436462402;4.685021877288818;251.87753295898438;250.0703582763672;249.63975524902344;434.39312744140625;431.9722900390625;435.4233093261719;3517.36328125;10.959148406982422;3517.38037109375;-99.99951171875;242805.265625;3630.17578125;2016-07-17 14:45:00;3647.2943215227197;603.7094235637483;6.041473230602282;1152.3814690246286;384;-2421.966966067637;-3574.3484350922654
2026-04-24 20:49:44;3.743563413619995;3.756248712539673;3.851566791534424;232.75888061523438;233.69647216796875;234.65850830078125;404.0737609863281;405.2923278808594;404.8755798339844;874.1609497070312;879.474853515625;902.2648315429688;-870.7317504882812;-871.6361694335938;-900.3577270507812;28.53788948059082;102.16326141357422;76.66944885253906;0.998081386089325;0.9922255277633667;0.9967577457427979;49.978267669677734;2654.02001953125;-2642.861328125;206.1685791015625;0.9960354566574097;-3.8980000019073486;-3.9070000648498535;-3.9179999828338623;-11.72700023651123;253.1999969482422;251.0;250.6999969482422;436.6000061035156;434.3999938964844;436.29998779296875;-2935.199951171875;-978.7000122070312;-977.2999877929688;-978.7999877929688;-45.79999923706055;-67.19999694824219;15.600000381469727;5.699999809265137;2937.60009765625;981.2999877929688;977.4000244140625;978.7999877929688;1.0;-0.9980000257492065;1.0;1.0;49.900001525878906;MPPT;49.98609161376953;4.156736373901367;4.149405002593994;4.16079044342041;252.2427520751953;250.196533203125;249.96824645996094;434.7677307128906;432.3370056152344;436.1053161621094;3126.61865234375;-22.05647087097168;3125.49072265625;99.99751281738281;242805.265625;3226.5986328125;2016-07-17 15:00:00;3243.092852694827;600.9689956042724;5.396439544163019;219.0449712487794;73;-2959.186024392151;-3178.2309956409304
2026-04-24 20:50:11;3.1221463680267334;3.127872943878174;3.206494092941284;232.6570281982422;233.36306762695312;234.5876922607422;403.8432312011719;405.4346618652344;404.6449279785156;726.7559814453125;731.4840698242188;752.049072265625;-723.5250244140625;-724.5391845703125;-749.2103271484375;15.275581359863281;85.47195434570312;63.95503616333008;0.9955085515975952;0.9915686249732971;0.9976654052734375;49.96403884887695;2209.646240234375;-2198.9345703125;172.6141357421875;0.9936143755912781;-3.2739999294281006;-3.2699999809265137;-3.2809998989105225;-9.824999809265137;252.89999389648438;250.8000030517578;250.39999389648438;436.20001220703125;434.0;435.79998779296875;-2454.5;-818.4000244140625;-816.9000244140625;-818.9000244140625;-52.70000076293945;-69.5999984741211;12.399999618530273;4.400000095367432;2457.10009765625;821.0999755859375;817.0;818.9000244140625;1.0;-0.996999979019165;1.0;1.0;50.0;MPPT;49.973793029785156;3.541682720184326;3.5341689586639404;3.545363664627075;251.9553680419922;250.04818725585938;249.70913696289062;434.40972900390625;431.9813232421875;435.6155700683594;2661.299072265625;6.230792045593262;2661.306396484375;-99.99972534179688;242805.265625;2754.22802734375;2016-07-17 15:15:00;2770.540300944437;597.7651571103312;4.634830698961383;238.09265487685795;79;-2477.0368400486905;-2715.1294949255484
2026-04-24 20:50:38;2.548248291015625;2.555670976638794;2.6212403774261475;233.0375213623047;233.94219970703125;234.79161071777344;404.1378479003906;405.897705078125;404.92724609375;593.9948120117188;598.2708740234375;616.8644409179688;-590.4718627929688;-592.2468872070312;-612.5639038085938;0.0;78.87217712402344;60.534637451171875;0.9908174872398376;0.9879604578018188;0.994282603263855;49.964786529541016;1810.3941650390625;-1795.624267578125;133.68402099609375;0.9916170835494995;-2.7100000381469727;-2.700000047683716;-2.7119998931884766;-8.121999740600586;252.60000610351562;250.60000610351562;250.0;435.70001220703125;433.5;435.20001220703125;-2019.0999755859375;-672.7999877929688;-672.5999755859375;-674.2000122070312;-50.79999923706055;-69.30000305175781;12.5;5.900000095367432;2023.5999755859375;676.5;672.7000122070312;674.2999877929688;1.0;-0.9940000176429749;1.0;1.0;49.900001525878906;MPPT;49.970279693603516;2.9428608417510986;2.935368061065674;2.9468276500701904;251.67637634277344;249.72157287597656;249.28402709960938;433.9396667480469;431.3153076171875;434.97039794921875;2208.196533203125;-3.475287914276123;2208.19921875;99.9998779296875;242805.265625;2287.15966796875;2016-07-17 15:30:00;2297.987749194048;594.56131861639;3.8650138803878455;209.52451990886405;69;-2042.503474301303;-2252.027994210167
2026-04-24 20:51:07;1.914388656616211;1.9127835035324097;1.9668080806732178;232.72276306152344;233.6924591064453;234.34384155273438;403.8556213378906;405.33087158203125;404.6419982910156;445.6173400878906;446.9327392578125;460.89007568359375;-437.96209716796875;-439.9106140136719;-456.157958984375;-1.1466281414031982;67.14862060546875;53.918701171875;0.9815149903297424;0.9800119400024414;0.9884509444236755;49.970027923583984;1353.6376953125;-1332.9603271484375;129.2095947265625;0.9838252663612366;-2.066999912261963;-2.052000045776367;-2.061000108718872;-6.179999828338623;252.10000610351562;250.10000610351562;249.5;434.8999938964844;432.6000061035156;434.3999938964844;-1524.9000244140625;-507.5;-507.70001220703125;-509.5;-32.099998474121094;-62.900001525878906;17.799999237060547;12.899999618530273;1529.199951171875;511.3999938964844;507.6000061035156;509.3999938964844;1.0;-0.9929999709129333;0.9990000128746033;1.0;49.900001525878906;MPPT;49.980010986328125;2.334540605545044;2.3273985385894775;2.338902711868286;251.01776123046875;249.06231689453125;248.552001953125;432.8322448730469;430.08343505859375;433.7550048828125;1746.92919921875;-18.084640502929688;1747.0228271484375;99.99464416503906;242805.265625;1817.36572265625;2016-07-17 15:45:00;1825.4351974436586;591.3574801224488;3.086855681720094;238.09265487685795;79;-1550.8338386179273;-1788.9264934947853
2026-04-24 20:51:33;1.1365150213241577;1.1189336776733398;1.1584011316299438;232.80735778808594;233.74435424804688;234.34141540527344;403.9397277832031;405.2916259765625;404.5137939453125;266.7884216308594;262.74285888671875;272.7017517089844;-249.73731994628906;-251.38345336914062;-264.304443359375;-18.855335235595703;52.28251266479492;43.153160095214844;0.9375092387199402;0.9586234092712402;0.9703310132026672;49.97227478027344;800.4209594726562;-764.4559936523438;76.41236877441406;0.9552925825119019;-1.2929999828338623;-1.24399995803833;-1.2569999694824219;-3.7939999103546143;251.39999389648438;249.39999389648438;248.8000030517578;433.70001220703125;431.3999938964844;433.1000061035156;-913.5999755859375;-303.29998779296875;-303.1000061035156;-305.8999938964844;-41.5;-66.0999984741211;13.399999618530273;11.100000381469727;919.0;309.5;303.3999938964844;306.1000061035156;-0.9990000128746033;-0.9769999980926514;0.9990000128746033;0.9990000128746033;49.900001525878906;MPPT;49.98122787475586;1.7225321531295776;1.7154791355133057;1.7262369394302368;250.36233520507812;248.465087890625;247.82688903808594;431.7441101074219;428.9366760253906;432.5652770996094;1285.249755859375;-3.221996545791626;1285.2537841796875;99.99968719482422;242805.265625;1347.2069091796875;2016-07-17 16:00:00;1352.8931635561062;588.1537129381084;2.3002373933809914;380.953672561571;126;-944.881627723413;-1325.835300284984
2026-04-24 20:52:01;1.176173448562622;1.1683152914047241;1.2045553922653198;232.5703125;233.4520263671875;234.24400329589844;403.5874328613281;405.1078186035156;404.2337951660156;273.3011779785156;272.6673278808594;281.2846374511719;-256.7864685058594;-259.181396484375;-272.7723693847656;-12.473296165466309;59.27991485595703;50.11579895019531;0.9431961178779602;0.9561099410057068;0.9686715006828308;49.99250411987305;828.071044921875;-793.2265625;95.7640380859375;0.9557853937149048;-1.3320000171661377;-1.2879999876022339;-1.2999999523162842;-3.9200000762939453;251.1999969482422;249.1999969482422;248.60000610351562;433.29998779296875;431.1000061035156;432.79998779296875;-944.0999755859375;-313.70001220703125;-314.0;-316.5;-22.600000381469727;-59.70000076293945;19.799999237060547;17.200000762939453;951.0;319.29998779296875;314.6000061035156;316.8999938964844;1.0;-0.9819999933242798;0.9980000257492065;0.9990000128746033;50.0;MPPT;50.00433349609375;1.5488616228103638;1.5420207977294922;1.5525859594345093;250.2364501953125;248.3819580078125;247.70001220703125;431.5817565917969;428.76251220703125;432.32147216796875;1154.9564208984375;-17.691328048706055;1155.0919189453125;99.98826599121094;242805.265625;1215.3765869140625;2016-07-17 16:15:00;1220.5754439623292;587.2566177856331;2.0784362525615285;219.0449712487794;73;-977.1189638343033;-1196.1639350830826
2026-04-24 20:52:26;0.9904734492301941;0.9772477746009827;1.0085641145706177;232.8013916015625;233.52175903320312;234.435791015625;403.751953125;405.29248046875;404.61761474609375;231.9390106201172;227.631103515625;235.67149353027344;-213.6255340576172;-215.5574951171875;-227.22642517089844;-24.369070053100586;45.33219909667969;36.17021942138672;0.9179410934448242;0.9472327828407288;0.9627780914306641;49.98875427246094;692.9299926757812;-654.5714111328125;52.71647644042969;0.9440698027610779;-1.1510000228881836;-1.090000033378601;-1.0989999771118164;-3.3399999141693115;251.60000610351562;249.5;248.89999389648438;433.8999938964844;431.6000061035156;433.3999938964844;-793.2999877929688;-263.20001220703125;-263.70001220703125;-266.29998779296875;-58.099998474121094;-71.9000015258789;8.0;5.699999809265137;803.0999755859375;272.79998779296875;263.8999938964844;266.3999938964844;-0.996999979019165;-0.9649999737739563;1.0;1.0;49.900001525878906;MPPT;49.99550247192383;1.377433180809021;1.3704630136489868;1.3779544830322266;250.44451904296875;248.5247344970703;247.88775634765625;431.83544921875;429.03936767578125;432.7207946777344;1025.118896484375;16.058273315429688;1025.24462890625;-99.98773956298828;242805.265625;1079.9361572265625;2016-07-17 16:30:00;1088.2592269203865;586.3595328202438;1.8559589569323276;238.09265487685795;79;-828.4013875051207;-1066.4940423819787
2026-04-24 20:52:55;0.8057734370231628;0.7624537348747253;0.7846412658691406;232.6719970703125;233.44252014160156;234.36807250976562;403.8962707519531;405.3013916015625;404.44171142578125;185.84225463867188;178.03121948242188;185.63327026367188;-161.57704162597656;-163.2475128173828;-174.10301208496094;-25.506206512451172;43.907020568847656;37.804874420166016;0.8651971220970154;0.9139490127563477;0.9341135621070862;49.97452163696289;549.8698120117188;-496.99261474609375;62.52291488647461;0.9047264456748962;-0.9449999928474426;-0.8730000257492065;-0.8809999823570251;-2.6989998817443848;251.3000030517578;249.3000030517578;248.60000610351562;433.5;431.1000061035156;432.8999938964844;-627.2999877929688;-207.6999969482422;-206.89999389648438;-210.0;-25.899999618530273;-60.900001525878906;18.299999237060547;16.600000381469727;633.5;215.0;207.6999969482422;210.60000610351562;-0.9990000128746033;-0.9589999914169312;0.9959999918937683;0.9980000257492065;49.900001525878906;MPPT;49.98524856567383;1.204897165298462;1.1980165243148804;1.2093303203582764;250.13172912597656;247.95106506347656;247.6092529296875;431.25592041015625;428.2018127441406;432.1237487792969;897.7288818359375;-10.725316047668457;897.79296875;99.99285888671875;242805.265625;951.452880859375;2016-07-17 16:45:00;955.9415073266097;585.4624376677685;1.6327973339069728;276.1880221330151;92;-660.6346550470623;-936.8226771800774
2026-04-24 20:53:23;0.6410557627677917;0.5725627541542053;0.5976793766021729;232.95718383789062;233.64663696289062;234.64227294921875;404.1965637207031;405.7274475097656;404.954833984375;148.11781311035156;134.78707885742188;141.19467163085938;-113.00689697265625;-113.61258697509766;-123.208740234375;-25.109113693237305;42.817054748535156;38.41720199584961;0.7582154273986816;0.8428336977958679;0.8765037655830383;49.98575973510742;423.6234130859375;-350.32049560546875;47.34660339355469;0.8215026259422302;-0.7680000066757202;-0.6779999732971191;-0.6859999895095825;-2.131999969482422;251.39999389648438;249.3000030517578;248.60000610351562;433.6000061035156;431.1000061035156;433.0;-465.1000061035156;-153.39999389648438;-154.60000610351562;-157.6999969482422;-35.0;-64.9000015258789;14.300000190734863;15.5;480.6000061035156;166.8000030517578;155.3000030517578;158.39999389648438;-0.9980000257492065;-0.9259999990463257;0.9940000176429749;0.9950000047683716;49.900001525878906;MPPT;49.998252868652344;1.0339701175689697;1.0269615650177002;1.0385737419128418;250.3074188232422;248.3074951171875;247.6896209716797;431.5740966796875;428.6501770019531;432.4167175292969;770.914306640625;-14.34249496459961;771.0477294921875;99.98269653320312;242805.265625;819.7787475585938;2016-07-17 17:00:00;823.6237877328331;584.5653425152933;1.4089507670586638;304.76293804925683;101;-502.3883739289196;-807.1513119781764
2026-04-24 20:53:50;0.5775082111358643;0.49267837405204773;0.5041968822479248;232.95870971679688;233.7694091796875;234.62376403808594;404.2857971191406;405.64398193359375;404.96917724609375;134.4435577392578;114.88158416748047;119.45106506347656;-92.95213317871094;-92.19275665283203;-99.91724395751953;-27.21257209777832;40.213218688964844;37.5103874206543;0.6802541613578796;0.7792949080467224;0.833382785320282;49.97976303100586;371.40203857421875;-286.3167419433594;38.026397705078125;0.770835280418396;-0.7059999704360962;-0.5950000286102295;-0.593999981880188;-1.8949999809265137;251.39999389648438;249.3000030517578;248.6999969482422;433.6000061035156;431.20001220703125;433.1000061035156;-392.8999938964844;-129.6999969482422;-130.89999389648438;-133.8000030517578;-37.0;-66.5;13.100000381469727;16.399999618530273;413.0;146.5;131.60000610351562;134.8000030517578;-0.996999979019165;-0.9010000228881836;0.9909999966621399;0.9909999966621399;49.900001525878906;MPPT;49.994606018066406;0.759886622428894;0.7531374096870422;0.7643672227859497;250.24868774414062;248.1727294921875;247.6569061279297;431.4715270996094;428.4361267089844;432.3375244140625;565.97900390625;-19.23989486694336;566.305908203125;99.94227600097656;242805.265625;617.0377197265625;2016-07-17 17:15:00;617.7185920755417;583.1693348342307;1.0592439539900222;171.42915265270696;57;-433.9350675813238;-605.3642202340308
2026-04-24 20:54:14;0.4401484727859497;0.29875171184539795;0.2973083257675171;232.99778747558594;233.66610717773438;234.61793518066406;404.0951843261719;405.5713806152344;404.8274230957031;102.13397216796875;70.001220703125;69.32135009765625;-33.767757415771484;-31.79303550720215;-37.16797637939453;-37.6884765625;27.42995262145996;27.567201614379883;0.33254361152648926;0.45216241478919983;0.5328105688095093;49.986507415771484;242.15261840820312;-103.66465759277344;5.713764190673828;0.4310552179813385;-0.5289999842643738;-0.36500000953674316;-0.3540000021457672;-1.2480000257492065;251.0;248.89999389648438;248.5;432.8999938964844;430.70001220703125;432.5;-191.3000030517578;-62.20000076293945;-62.79999923706055;-66.0999984741211;-55.0;-70.80000305175781;8.399999618530273;7.199999809265137;224.3000030517578;94.19999694824219;63.20000076293945;66.4000015258789;-0.9559999704360962;-0.6499999761581421;0.9929999709129333;0.9940000176429749;49.900001525878906;MPPT;49.9873046875;0.49353140592575073;0.48608195781707764;0.4974593222141266;249.81166076660156;247.8597412109375;247.34036254882812;430.781494140625;427.98175048828125;431.63677978515625;366.3076477050781;16.86186981201172;366.6955261230469;-99.89422607421875;242805.265625;414.363037109375;2016-07-17 17:30:00;411.81189386641654;581.7733169660821;0.7078562764170663;171.42915265270696;57;-232.14650333638124;-403.5756559890882
2026-04-24 20:54:37;0.49243485927581787;0.3422796130180359;0.331644743680954;232.84547424316406;233.6981964111328;234.62745666503906;404.0350646972656;405.48486328125;404.95770263671875;115.09368896484375;79.18583679199219;77.31707763671875;53.72147750854492;49.99886703491211;49.21548080444336;-44.23823547363281;17.046926498413086;22.24635887145996;0.47977402806282043;0.6293394565582275;0.630272626876831;49.991004943847656;274.872314453125;155.7224578857422;-3.2003936767578125;0.5592710375785828;0.46700000762939453;0.3240000009536743;0.296999990940094;1.0880000591278076;250.8000030517578;248.8000030517578;248.10000610351562;432.6000061035156;430.29998779296875;432.0;107.19999694824219;37.599998474121094;36.5;33.0;-16.399999618530273;-57.79999923706055;20.100000381469727;21.100000381469727;149.8000030517578;69.30000305175781;41.5;38.900001525878906;0.9860000014305115;0.5270000100135803;-0.8709999918937683;-0.8320000171661377;50.0;MPPT;50.00677490234375;0.22892756760120392;0.22327326238155365;0.23480871319770813;249.7373809814453;247.72964477539062;247.0999298095703;430.5582580566406;427.62823486328125;431.4429626464844;168.25099182128906;-21.826526641845703;169.6608123779297;99.16903686523438;242805.265625;210.52488708496094;2016-07-17 17:45:00;205.90669820912518;580.3773092850194;0.3547807519608004;266.66757079309974;88;64.87900654815707;-201.78856424494268
2026-04-24 20:55:03;0.417607843875885;0.2641434371471405;0.26238396763801575;232.95286560058594;233.7536163330078;234.5418243408203;404.2180480957031;405.6412048339844;404.96075439453125;96.49320220947266;60.683773040771484;62.056358337402344;-9.150849342346191;-8.170538902282715;-14.93272590637207;-43.897071838378906;20.415916442871094;21.992313385009766;0.11130025237798691;0.11351433396339417;0.2402505725622177;50.00075149536133;219.1383056640625;-29.420333862304688;3.740774154663086;0.14834412932395935;-0.4740000069141388;-0.3059999942779541;-0.29899999499320984;-1.0789999961853027;251.10000610351562;248.89999389648438;248.39999389648438;433.0;430.6000061035156;432.5;-115.30000305175781;-36.79999923706055;-38.20000076293945;-41.400001525878906;-39.29999923706055;-65.5999984741211;12.899999618530273;13.300000190734863;159.5;75.5;40.400001525878906;43.5;-0.9449999928474426;-0.4779999852180481;0.9419999718666077;0.953000009059906;50.0;MPPT;50.00798034667969;0.377441942691803;0.37039101123809814;0.3818886876106262;249.8739013671875;247.8031005859375;247.37384033203125;430.6375732421875;427.9183349609375;431.9104919433594;280.409912109375;-0.5327308177947998;280.410400390625;99.99982452392578;242805.265625;326.0228576660156;2016-07-18 13:15:00;321.4904980291529;581.1609508625914;0.5531866818511787;161.9019203645438;53;-153.15876770402605;-315.06068806856985
2026-04-24 20:55:36;0.536226212978363;0.4477384090423584;0.45788395404815674;233.02891540527344;233.9024200439453;234.7001495361328;404.3739318847656;405.79296875;405.03656005859375;126.33549499511719;102.88601684570312;106.33209991455078;-79.95257568359375;-80.14669799804688;-87.96822357177734;-37.38664245605469;28.51287269592285;25.337177276611328;0.6303728818893433;0.7745078206062317;0.8176212906837463;49.97602081298828;337.9666442871094;-244.74142456054688;29.20231056213379;0.727665364742279;-0.6549999713897705;-0.5360000133514404;-0.5379999876022339;-1.7289999723434448;251.1999969482422;249.1999969482422;248.6999969482422;433.29998779296875;431.1000061035156;432.8999938964844;-347.0;-114.0;-115.5999984741211;-118.69999694824219;-40.0;-65.5999984741211;13.0;12.5;367.8999938964844;132.0;116.30000305175781;119.4000015258789;-0.9929999709129333;-0.8700000047683716;0.9940000176429749;0.9950000047683716;49.900001525878906;MPPT;49.9873046875;0.7914275527000427;0.7843610644340515;0.7957464456558228;249.9775390625;248.02706909179688;247.49777221679688;430.8701477050781;428.3087158203125;432.0703125;589.3072509765625;-1.2377526760101318;589.3085327148438;99.9997787475586;242805.265625;638.587890625;2016-07-18 13:30:00;642.9794935064718;583.3406001212263;1.1022368293461002;238.09265487685795;79;-392.02724875948445;-630.1199036363424
2026-04-24 20:56:07;0.8238377571105957;0.7901328802108765;0.8221883177757263;232.6572265625;233.3949432373047;234.4393310546875;404.0025634765625;405.3626708984375;404.9526672363281;191.57440185546875;183.29342651367188;192.0171661376953;-167.43576049804688;-169.3772430419922;-179.1700439453125;-24.260120391845703;45.94091796875;40.31528854370117;0.8738763928413391;0.9110903143882751;0.9286537766456604;49.99400329589844;568.2046508789062;-516.43701171875;75.30205535888672;0.90384441614151;-0.9660000205039978;-0.9010000228881836;-0.9129999876022339;-2.7799999713897705;251.3000030517578;249.3000030517578;248.6999969482422;433.5;431.20001220703125;433.0;-648.0999755859375;-214.5;-214.60000610351562;-217.6999969482422;-22.899999618530273;-59.599998474121094;19.200000762939453;17.299999237060547;656.0;222.10000610351562;215.39999389648438;218.39999389648438;-0.9990000128746033;-0.9639999866485596;0.9950000047683716;0.9959999918937683;50.0;MPPT;50.0079231262207;1.2172621488571167;1.2103770971298218;1.2220243215560913;250.22354125976562;248.24415588378906;247.82643127441406;431.3282775878906;428.81231689453125;432.4803466796875;907.6201171875;-22.179718017578125;907.8910522460938;99.97016143798828;242805.265625;959.6664428710938;2016-07-18 13:45:00;964.4699915356248;585.520259566947;1.6472017420011231;266.66757079309974;88;-678.5130209118124;-945.1805917049122
2026-04-24 20:56:36;1.1777421236038208;1.1687721014022827;1.2102704048156738;233.10101318359375;234.05828857421875;234.7785186767578;404.4785461425781;405.9775390625;405.1782531738281;274.4528503417969;274.37109375;284.7096252441406;-260.1797180175781;-262.64398193359375;-275.22564697265625;-11.502452850341797;58.39363098144531;49.78494644165039;0.9455116987228394;0.9560984969139099;0.9677306413650513;50.01350021362305;834.945556640625;-799.738525390625;78.21697235107422;0.9604862928390503;-1.3380000591278076;-1.2940000295639038;-1.3040000200271606;-3.936000108718872;252.0;250.0;249.39999389648438;434.70001220703125;432.3999938964844;434.20001220703125;-951.9000244140625;-315.8999938964844;-315.8999938964844;-318.20001220703125;-46.400001525878906;-67.5999984741211;11.899999618530273;9.100000381469727;956.7000122070312;322.20001220703125;316.1000061035156;318.29998779296875;-0.9990000128746033;-0.9769999980926514;0.9990000128746033;1.0;50.0;MPPT;50.016422271728516;1.61415696144104;1.6071263551712036;1.6177022457122803;250.88150024414062;249.0503387451172;248.43405151367188;432.54888916015625;430.0236511230469;433.6331481933594;1215.0887451171875;14.416723251342773;1215.17431640625;-99.99295806884766;242805.265625;1270.494384765625;2016-07-18 14:00:00;1285.9589870129437;587.6999088255818;2.188121807918456;276.1880221330151;92;-984.0517851396697;-1260.2398072726849
