Timestamp;ortsnetztrafo_Strom_L1;ortsnetztrafo_Strom_L2;ortsnetztrafo_Strom_L3;ortsnetztrafo_Spannung_L1N;ortsnetztrafo_Spannung_L2N;ortsnetztrafo_Spannung_L3N;ortsnetztrafo_Spannung_L12;ortsnetztrafo_Spannung_L23;ortsnetztrafo_Spannung_L31;ortsnetztrafo_Scheinleistung_L1;ortsnetztrafo_Scheinleistung_L2;ortsnetztrafo_Scheinleistung_L3;ortsnetztrafo_Wirkleistung_L1;ortsnetztrafo_Wirkleistung_L2;ortsnetztrafo_Wirkleistung_L3;ortsnetztrafo_Blindleistung_L1;ortsnetztrafo_Blindleistung_L2;ortsnetztrafo_Blindleistung_L3;ortsnetztrafo_Leistungsfaktor_L1;ortsnetztrafo_Leistungsfaktor_L2;ortsnetztrafo_Leistungsfaktor_L3;ortsnetztrafo_Frequenz;ortsnetztrafo_Scheinleistung_gesamt;ortsnetztrafo_Wirkleistung_gesamt;ortsnetztrafo_Blindleistung_gesamt;ortsnetztrafo_Leistungsfaktor_gesamt;smartmeter_Strom Phase L1;smartmeter_Strom Phase L2;smartmeter_Strom Phase L3;smartmeter_Strom gesamt;smartmeter_Spannung U1-N;smartmeter_Spannung U2-N;smartmeter_Spannung U3-N;smartmeter_Spannung U12;smartmeter_Spannung U23;smartmeter_Spannung U31;smartmeter_Wirkleistung gesamt;smartmeter_Wirkleistung Phase 1;smartmeter_Wirkleistung Phase 2;smartmeter_Wirkleistung Phase 3;smartmeter_Blindleistung gesamt;smartmeter_Blindleistung Phase 1;smartmeter_Blindleistung Phase 2;smartmeter_Blindleistung Phase 3;smartmeter_Scheinleistung gesamt;smartmeter_Scheinleistung Phase 1;smartmeter_Scheinleistung Phase 2;smartmeter_Scheinleistung Phase 3;smartmeter_Powerfactor gesamt;smartmeter_Powerfactor Phase 1;smartmeter_Powerfactor Phase 2;smartmeter_Powerfactor Phase 3;smartmeter_Frequenz;wechselrichter_Status;wechselrichter_Frequenz [Hz];wechselrichter_Strom Phase L1 [A];wechselrichter_Strom Phase L2 [A];wechselrichter_Strom Phase L3 [A];wechselrichter_Spannung U1-N [V];wechselrichter_Spannung U2-N [V];wechselrichter_Spannung U3-N [V];wechselrichter_Spannung U12 [V];wechselrichter_Spannung U23 [V];wechselrichter_Spannung U31 [V];wechselrichter_Wirkleistung gesamt [W];wechselrichter_Blindleistung gesamt [var];wechselrichter_Scheinleistung gesamt [VA];wechselrichter_Powerfactor gesamt;wechselrichter_Lebensdauer Energie [Wh];wechselrichter_DC Leistung gesamt [W];sim_data_timestamp;sim_data_pv_power_mpp;sim_data_voltage_mpp;sim_data_amps_mpp;sim_data_load_power_total;sim_data_load_power_phase;sim_data_expected_power;sim_data_expected_power_wr
2026-04-24 15:01:31;0.4073922336101532;0.26617634296417236;0.24224795401096344;235.29220581054688;235.75193786621094;236.9111328125;408.1014099121094;409.4308166503906;409.05633544921875;98.26737213134766;61.206703186035156;55.12787628173828;14.781086921691895;15.460336685180664;13.696367263793945;-51.29550552368164;12.442099571228027;16.95622444152832;0.15204322338104248;0.2225586324930191;0.22846463322639465;50.029258728027344;235.887451171875;47.94197463989258;-10.164054870605469;0.23104122281074524;0.44999998807907104;-0.04899999871850014;-0.05999999865889549;0.3409999907016754;253.5;251.0;250.6999969482422;436.8999938964844;434.3999938964844;436.6000061035156;-7.900000095367432;0.4000000059604645;-8.399999618530273;-10.600000381469727;-40.400001525878906;-67.5999984741211;12.5;14.600000381469727;101.0;67.80000305175781;15.100000381469727;18.0;-0.27300000190734863;-0.010999999940395355;0.3140000104904175;0.3569999933242798;50.0;MPPT;50.05055236816406;0.2384265512228012;0.2323368936777115;0.2435208559036255;252.5389404296875;249.96371459960938;249.73741149902344;435.0777587890625;432.1002197265625;435.7464904785156;177.53443908691406;-14.569601058959961;178.1312713623047;99.66494750976562;242805.265625;220.4196319580078;2016-07-11 05:15:00;220.30264732938107;580.474911754369;0.37952139337695145;161.9019203645438;53;-53.99467401824964;-215.89659438279344
2026-04-24 15:01:58;0.403780460357666;0.28535720705986023;0.26392072439193726;234.59971618652344;235.12107849121094;236.09117126464844;406.70037841796875;407.9660339355469;407.5208435058594;94.46238708496094;70.73387908935547;68.63188171386719;-25.572269439697266;-23.74472427368164;-26.088272094726562;-32.03525161743164;30.57052230834961;33.25093078613281;0.23953565955162048;0.31114402413368225;0.3532869219779968;50.06155776977539;229.04063415527344;-73.76301574707031;21.7034969329834;0.36826080083847046;-0.4970000088214874;-0.3610000014305115;-0.34200000762939453;-1.2000000476837158;253.1999969482422;250.6999969482422;250.39999389648438;436.29998779296875;433.8999938964844;436.1000061035156;-168.10000610351562;-52.900001525878906;-56.29999923706055;-58.400001525878906;-36.5;-65.69999694824219;13.399999618530273;15.699999809265137;202.8000030517578;84.30000305175781;57.79999923706055;60.5;-0.9789999723434448;-0.640999972820282;0.972000002861023;0.9549999833106995;50.0;MPPT;50.06879425048828;0.5159424543380737;0.5092492699623108;0.5204542875289917;252.03543090820312;249.68121337890625;249.3690185546875;434.2930603027344;431.6317443847656;434.99658203125;386.67242431640625;-8.59883975982666;386.76800537109375;99.97528839111328;242805.265625;435.3132019042969;2016-07-11 05:30:00;440.60529465876215;581.9685320918671;0.7570947059199586;219.0449712487794;73;-212.74821751680747;-431.7931887655869
2026-04-24 15:02:25;0.48052555322647095;0.39124196767807007;0.3856809437274933;234.46929931640625;234.9341583251953;236.1271209716797;406.55120849609375;407.8463439941406;407.5396423339844;111.98658752441406;90.29309844970703;89.6376953125;-62.417877197265625;-58.79753494262695;-62.49091339111328;-35.0037956237793;27.12026596069336;30.895633697509766;0.5539742112159729;0.6547852754592896;0.7218441963195801;50.047279357910156;289.4261474609375;-180.9636993408203;53.32408142089844;0.6593270897865295;-0.5870000123977661;-0.492000013589859;-0.4749999940395355;-1.5540000200271606;253.1999969482422;250.8000030517578;250.3000030517578;436.79998779296875;434.29998779296875;436.29998779296875;-289.20001220703125;-93.5;-96.80000305175781;-98.9000015258789;-25.200000762939453;-61.599998474121094;17.700000762939453;18.600000381469727;326.29998779296875;116.5999984741211;103.5999984741211;106.0999984741211;-0.996999979019165;-0.8500000238418579;0.984000027179718;0.9829999804496765;50.0;MPPT;50.065147399902344;0.8208868503570557;0.8143967986106873;0.8254378437995911;252.3213348388672;250.01463317871094;249.62684631347656;434.8689270019531;432.0592346191406;435.5144958496094;616.391357421875;-19.736804962158203;616.707275390625;99.94877624511719;242805.265625;661.6212768554688;2016-07-11 05:45:00;660.9079419881433;583.4621524293653;1.1327348984613936;304.76293804925683;101;-342.9268450991236;-647.6897831483805
2026-04-24 15:02:56;0.6851436495780945;0.6711229085922241;0.678394079208374;234.575439453125;235.1082305908203;236.2841339111328;406.7662353515625;408.3241271972656;407.8521423339844;162.34458923339844;159.54750061035156;159.89413452148438;-134.62637329101562;-141.95494079589844;-146.1669158935547;-20.297494888305664;41.708251953125;42.0173225402832;0.8393093943595886;0.884781539440155;0.9093199372291565;50.0412712097168;478.3460388183594;-425.4791259765625;59.67878723144531;0.887564480304718;-0.8740000128746033;-0.8100000023841858;-0.8090000152587891;-2.493000030517578;253.0;250.8000030517578;250.3000030517578;436.29998779296875;433.8999938964844;435.79998779296875;-553.5;-181.6999969482422;-190.6999969482422;-192.5;-51.900001525878906;-70.4000015258789;9.199999809265137;9.300000190734863;584.2000122070312;200.5;190.89999389648438;192.6999969482422;-0.9950000047683716;-0.9319999814033508;0.9990000128746033;0.9980000257492065;50.0;MPPT;50.04750442504883;1.1086292266845703;1.1015595197677612;1.112811803817749;252.25668334960938;250.06488037109375;249.61610412597656;434.8617248535156;432.1347351074219;435.40203857421875;832.8367919921875;5.146066665649414;829.5765380859375;-99.99947357177734;242805.265625;877.84375;2016-07-11 06:00:00;881.2105893175243;584.9557727668634;1.5064567790302574;266.66757079309974;88;-596.918806738074;-863.5863775311738
2026-04-24 15:03:28;1.8979692459106445;1.9829370975494385;1.992101788520813;232.11572265625;232.52098083496094;233.54005432128906;402.5397644042969;403.8043212890625;403.2794494628906;440.4311828613281;462.16912841796875;465.6700744628906;-435.6641540527344;-453.55670166015625;-458.04058837890625;18.10873031616211;69.29389953613281;70.37833404541016;0.9881901741027832;0.9829849004745483;0.9847363233566284;50.00824737548828;1365.597412109375;-1343.9833984375;172.17039489746094;0.9836792945861816;-2.13700008392334;-2.134000062942505;-2.138000011444092;-6.408999919891357;251.0;248.6999969482422;248.3000030517578;432.70001220703125;430.3999938964844;432.3999938964844;-1578.9000244140625;-524.4000244140625;-525.7999877929688;-527.2000122070312;-43.79999923706055;-66.9000015258789;13.199999809265137;9.899999618530273;1581.5999755859375;528.2000122070312;526.0;527.2999877929688;1.0;-0.9919999837875366;1.0;1.0;50.0;MPPT;50.02242660522461;2.3645949363708496;2.3580172061920166;2.368718147277832;250.10079956054688;248.04171752929688;247.7568359375;431.36846923828125;428.7833557128906;432.1088562011719;1762.61865234375;-4.23636531829834;1762.623779296875;99.99971008300781;242805.265625;1831.2921142578125;2016-07-11 06:15:00;1838.3871942515707;591.4452928023145;3.10829626446285;190.4768362807855;63;-1611.1426140857538;-1801.6194503665392
2026-04-24 15:03:59;3.1612696647644043;3.2936174869537354;3.3215138912200928;232.145263671875;232.69139099121094;233.15428161621094;402.542236328125;403.1870422363281;402.7432861328125;734.0973510742188;765.2404174804688;774.1190185546875;-732.011962890625;-759.0355224609375;-769.7733764648438;51.408485412597656;95.38127899169922;93.83422088623047;0.9958796501159668;0.9914230704307556;0.9939649105072021;50.00749969482422;2248.9990234375;-2236.84228515625;251.70172119140625;0.9928612112998962;-3.36899995803833;-3.382999897003174;-3.3889999389648438;-10.140999794006348;254.8000030517578;252.3000030517578;251.5;439.1000061035156;436.29998779296875;438.3999938964844;-2563.89990234375;-854.4000244140625;-849.9000244140625;-850.2000122070312;-50.79999923706055;-70.69999694824219;11.800000190734863;7.900000095367432;2553.0;852.5999755859375;850.0;850.2000122070312;1.0;-0.996999979019165;1.0;1.0;50.0;MPPT;50.01649475097656;3.5647926330566406;3.555651903152466;3.5671286582946777;253.80221557617188;251.43142700195312;250.7959747314453;437.2640380859375;434.5180358886719;437.70648193359375;2693.053466796875;-6.081918239593506;2693.060302734375;99.99974822998047;242805.265625;2781.90771484375;2016-07-11 06:30:00;2795.57281449662;597.9348739602806;4.675380106165749;133.33378539654987;44;-2606.3275728101376;-2739.6613582066875
2026-04-24 15:04:29;4.298620223999023;4.432958602905273;4.484325885772705;234.9298553466797;235.32632446289062;235.8123779296875;407.21978759765625;408.0069274902344;407.6673278808594;1011.4028930664062;1044.5474853515625;1057.9078369140625;-1008.4593505859375;-1035.7847900390625;-1053.14453125;74.73890686035156;120.64163970947266;112.15589141845703;0.9985777735710144;0.9935300946235657;0.9965447783470154;50.01274871826172;3114.47216796875;-3100.959228515625;313.1758117675781;0.9962496161460876;-4.578000068664551;-4.603000164031982;-4.61299991607666;-13.793999671936035;256.29998779296875;253.6999969482422;253.0;441.6000061035156;438.79998779296875;441.0;-3496.300048828125;-1166.5999755859375;-1165.0999755859375;-1164.5;-43.900001525878906;-68.69999694824219;15.300000190734863;9.5;3499.0;1168.9000244140625;1165.199951171875;1164.800048828125;1.0;-0.9980000257492065;1.0;1.0;50.0;MPPT;50.02521896362305;4.761289119720459;4.7537946701049805;4.7651190757751465;255.63499450683594;253.1358642578125;252.53956604003906;440.3677062988281;437.44000244140625;440.8246765136719;3623.701171875;-19.04168128967285;3623.751220703125;99.99861907958984;242805.265625;3731.67578125;2016-07-11 06:45:00;3752.7584347416696;604.4244551182466;6.208813033561818;161.9019203645438;53;-3515.8013456822923;-3677.7032660468362
2026-04-24 15:04:59;5.464787483215332;5.595085620880127;5.670191764831543;235.20408630371094;235.77137756347656;236.2555389404297;407.9154968261719;408.7510986328125;408.3654479980469;1284.8670654296875;1318.7894287109375;1340.143310546875;-1286.9085693359375;-1312.37451171875;-1337.8125;90.0891342163086;139.04180908203125;122.46931457519531;1.0;0.9947686791419983;0.9983147382736206;50.00975036621094;3948.588134765625;-3934.78369140625;363.26776123046875;0.9970345497131348;-5.724999904632568;-5.763000011444092;-5.7729997634887695;-17.26099967956543;257.20001220703125;254.60000610351562;253.89999389648438;443.20001220703125;440.29998779296875;442.6000061035156;-4398.39990234375;-1468.5;-1464.300048828125;-1463.0999755859375;-36.900001525878906;-67.19999694824219;18.899999618530273;11.300000190734863;4396.2001953125;1468.5;1464.4000244140625;1463.0999755859375;1.0;-0.9990000128746033;1.0;1.0;50.0;MPPT;50.023216247558594;5.954076766967773;5.946131706237793;5.958207607269287;256.6773681640625;254.20770263671875;253.72555541992188;442.2265319824219;439.47906494140625;442.64544677734375;4551.44921875;-31.82876968383789;4551.560546875;99.99755096435547;242805.265625;4684.8056640625;2016-07-11 07:00:00;4709.944054986719;610.9140362762126;7.709667441422496;199.9972876207009;66;-4415.747886266283;-4615.745173886984
2026-04-24 15:05:31;5.0893120765686035;5.221343040466309;5.292177200317383;235.23597717285156;235.6359100341797;236.73309326171875;407.72857666015625;409.045654296875;408.619384765625;1197.5714111328125;1229.2269287109375;1250.7056884765625;-1195.6448974609375;-1220.4639892578125;-1248.221923828125;80.50462341308594;133.38262939453125;114.97569274902344;0.9997189044952393;0.9951167106628418;0.9975701570510864;50.00600051879883;3678.65087890625;-3669.12060546875;307.6365966796875;0.9979383945465088;-5.3460001945495605;-5.377999782562256;-5.382999897003174;-16.10700035095215;257.20001220703125;254.60000610351562;254.39999389648438;443.20001220703125;440.79998779296875;443.0;-4103.2001953125;-1369.300048828125;-1366.300048828125;-1367.0999755859375;-70.4000015258789;-79.80000305175781;9.300000190734863;0.0;4104.89990234375;1371.4000244140625;1366.300048828125;1367.0999755859375;1.0;-0.9980000257492065;1.0;1.0;50.0;MPPT;50.00554656982422;5.546960353851318;5.539142608642578;5.551340103149414;256.4094543457031;253.9493408203125;253.90093994140625;441.90167236328125;439.145751953125;442.694091796875;4238.32568359375;10.795299530029297;4238.33935546875;-99.99967956542969;242805.265625;4363.09619140625;2016-07-11 07:15:00;4389.074110864952;608.7385840969403;7.210113216950285;180.94960399262234;60;-4120.34302465503;-4301.292628647652
2026-04-24 15:06:00;4.738656044006348;4.8593668937683105;4.93074369430542;235.1045379638672;235.4464874267578;236.37742614746094;407.3770751953125;408.6672058105469;408.3883056640625;1115.1705322265625;1145.489013671875;1167.3160400390625;-1115.1177978515625;-1138.5643310546875;-1163.0526123046875;75.29946899414062;129.80955505371094;115.06393432617188;0.9997313618659973;0.9934864044189453;0.9968374371528625;50.03001022338867;3422.101318359375;-3411.35498046875;306.475341796875;0.9969380497932434;-4.978000164031982;-5.006999969482422;-5.010000228881836;-14.994999885559082;257.0;254.39999389648438;254.1999969482422;442.79998779296875;440.5;442.79998779296875;-3815.39990234375;-1273.0;-1270.5;-1271.699951171875;-48.70000076293945;-71.30000305175781;16.100000381469727;6.400000095367432;3817.5;1279.199951171875;1274.800048828125;1276.199951171875;1.0;-0.9980000257492065;1.0;1.0;50.0;MPPT;50.035953521728516;5.146154880523682;5.138243198394775;5.149942874908447;256.2127685546875;253.75857543945312;253.7600860595703;441.5004577636719;438.8482971191406;442.47869873046875;3929.14404296875;-6.715429306030273;3930.97607421875;99.99984741210938;242805.265625;4045.804931640625;2016-07-11 07:30:00;4068.204166743186;606.563131917668;6.70697566777828;142.85423673646523;47;-3843.985846671857;-3986.8400834083222
2026-04-24 15:06:35;4.27138614654541;4.3834228515625;4.450573921203613;235.3395538330078;235.5335235595703;236.67530822753906;407.5389404296875;409.0184326171875;408.563232421875;1006.69189453125;1034.88427734375;1054.4720458984375;-1004.7462158203125;-1029.0828857421875;-1052.040771484375;66.12128448486328;119.24449920654297;102.89387512207031;0.9987750053405762;0.9931009411811829;0.9975929856300354;50.02100372314453;3092.32421875;-3086.94482421875;274.10052490234375;0.9965991377830505;-4.539000034332275;-4.561999797821045;-4.565000057220459;-13.666000366210938;256.20001220703125;253.5;253.60000610351562;441.3999938964844;439.1000061035156;441.5;-3463.300048828125;-1155.0;-1153.0;-1155.300048828125;-64.5;-74.80000305175781;10.199999809265137;0.0;3465.800048828125;1157.4000244140625;1153.0;1155.300048828125;1.0;-0.9980000257492065;1.0;1.0;50.0;MPPT;50.028656005859375;4.748179912567139;4.740495681762695;4.7518792152404785;255.60244750976562;253.1824951171875;253.24049377441406;440.434326171875;437.9341125488281;441.5016784667969;3617.116455078125;-0.0950930118560791;3617.116455078125;100.0;242805.265625;3726.546630859375;2016-07-11 07:45:00;3747.349248139758;604.3877816092539;6.200239915773938;190.4768362807855;63;-3481.925426896177;-3672.4022631769626
2026-04-24 15:07:04;3.850316047668457;3.951083183288574;4.009015083312988;234.89212036132812;235.08900451660156;236.23629760742188;406.8526306152344;408.18603515625;407.904296875;903.7470092773438;929.1019897460938;948.243408203125;-899.9716186523438;-921.1845703125;-941.9869384765625;57.93873596191406;110.28331756591797;95.47230529785156;0.9985424876213074;0.9920794367790222;0.9961836338043213;50.01649856567383;2782.797607421875;-2770.9365234375;252.876220703125;0.9955660700798035;-4.0929999351501465;-4.11299991607666;-4.119999885559082;-12.326000213623047;255.3000030517578;252.89999389648438;252.8000030517578;440.1000061035156;437.8999938964844;440.0;-3118.0;-1039.0999755859375;-1036.9000244140625;-1038.699951171875;-52.400001525878906;-70.5999984741211;12.5;5.699999809265137;3115.699951171875;1039.9000244140625;1037.0;1038.699951171875;1.0;-0.996999979019165;1.0;1.0;50.0;MPPT;50.018924713134766;4.359183311462402;4.35191011428833;4.362880229949951;254.61158752441406;252.23489379882812;252.21868896484375;438.67706298828125;436.26812744140625;439.7989196777344;3307.877685546875;9.089056968688965;3307.89013671875;-99.99962615966797;242805.265625;3409.844970703125;2016-07-11 08:00:00;3426.4793040179907;602.2123294299817;5.689819249069995;219.0449712487794;73;-3138.9047466888514;-3357.949717937631
2026-04-24 15:07:34;2.5377261638641357;2.6247806549072266;2.6676645278930664;234.61502075195312;234.93154907226562;235.99632263183594;406.6125793457031;407.9287109375;407.61334228515625;595.98193359375;615.3047485351562;629.4410400390625;-592.9564819335938;-609.12158203125;-626.0733032226562;27.1894474029541;85.2375717163086;74.14464569091797;0.9956840872764587;0.9871931672096252;0.9929433465003967;50.0052490234375;1845.334228515625;-1831.4794921875;170.60629272460938;0.9918296933174133;-2.7699999809265137;-2.7799999713897705;-2.7839999198913574;-8.333999633789062;254.6999969482422;252.1999969482422;251.89999389648438;439.0;436.5;438.79998779296875;-2090.199951171875;-695.2999877929688;-696.5999755859375;-698.2000122070312;-60.5;-73.4000015258789;9.100000381469727;3.700000047683716;2094.199951171875;698.0;695.0;696.7999877929688;1.0;-0.9940000176429749;1.0;1.0;50.0;MPPT;50.010414123535156;4.50281286239624;4.494989395141602;4.5069780349731445;254.05523681640625;251.63441467285156;251.43373107910156;437.6958923339844;435.10394287109375;438.5820617675781;3408.28662109375;1.6372721195220947;3408.286865234375;-99.99999237060547;242805.265625;3512.13916015625;2016-07-11 08:15:00;3531.0569116549605;602.9213506038395;5.856579648603464;1352.3787566453293;450;-2108.057016776532;-3460.435773421861
2026-04-24 15:08:02;2.4297268390655518;2.5171966552734375;2.5618467330932617;234.74574279785156;234.8919219970703;236.0878448486328;406.7582092285156;407.8634948730469;407.5174560546875;571.2235717773438;592.1233520507812;603.08056640625;-566.8513793945312;-582.4795532226562;-600.3931884765625;29.508962631225586;87.32638549804688;76.86402130126953;0.9925088286399841;0.986142098903656;0.9918241500854492;50.010498046875;1771.568115234375;-1754.314453125;189.3744659423828;0.9902169704437256;-2.6619999408721924;-2.6730000972747803;-2.677999973297119;-8.012999534606934;254.39999389648438;251.8000030517578;251.5;438.29998779296875;435.79998779296875;438.1000061035156;-2009.5999755859375;-668.5;-669.4000244140625;-670.2999877929688;-28.0;-62.70000076293945;19.399999618530273;15.100000381469727;2009.0999755859375;670.0;668.5999755859375;670.4000244140625;1.0;-0.9950000047683716;1.0;1.0;50.0;MPPT;50.0213623046875;4.641085624694824;4.633852958679199;4.645240306854248;253.73793029785156;251.27609252929688;251.04005432128906;437.015380859375;434.59564208984375;437.9182434082031;3508.046630859375;-8.944008827209473;3508.05810546875;99.99967193603516;242805.265625;3614.25;2016-07-11 08:30:00;3635.6194937735922;603.6302699068391;6.02292442082915;1533.3351415861996;511;-2029.5719623119205;-3562.90710389812
2026-04-24 15:08:34;2.8649535179138184;2.9527370929718018;3.002162218093872;234.82000732421875;234.9759063720703;235.848388671875;406.8928527832031;407.7962646484375;407.6146240234375;670.9801025390625;692.7855834960938;708.6939697265625;-669.4964599609375;-687.0263671875;-704.8072509765625;29.99028778076172;85.08902740478516;73.60193634033203;0.9971241354942322;0.9916169047355652;0.9951432347297668;49.988006591796875;2074.6943359375;-2063.922607421875;184.95989990234375;0.9931382536888123;-3.0910000801086426;-3.111999988555908;-3.114000082015991;-9.317000389099121;255.0;251.89999389648438;252.0;438.8999938964844;436.29998779296875;439.0;-2338.699951171875;-778.5999755859375;-779.5999755859375;-781.9000244140625;-69.19999694824219;-76.30000305175781;7.099999904632568;0.0;2345.0;783.2999877929688;779.7000122070312;781.9000244140625;1.0;-0.9950000047683716;1.0;1.0;50.0;MPPT;49.9873046875;4.76661491394043;4.759057521820068;4.769927024841309;254.08514404296875;251.4698486328125;251.36083984375;437.5458679199219;434.9835205078125;438.49560546875;3606.6748046875;17.171035766601562;3606.715576171875;-99.99887084960938;242805.265625;3716.499267578125;2016-07-11 08:45:00;3740.1971014105625;604.339291080697;6.188902751502776;1304.762938049257;434;-2360.6302213330946;-3665.3931593823513
2026-04-24 15:09:03;2.1133127212524414;2.18402361869812;2.2269704341888428;234.31304931640625;234.9022674560547;235.73397827148438;406.359619140625;407.49517822265625;407.1665954589844;494.669677734375;513.4318237304688;525.5490112304688;-489.50823974609375;-504.9795227050781;-519.7539672851562;22.025354385375977;81.39205932617188;73.24684143066406;0.9905804991722107;0.9829713702201843;0.9883835315704346;49.98875427246094;1528.135498046875;-1515.361328125;162.11160278320312;0.9893097281455994;-2.3269999027252197;-2.3310000896453857;-2.3459999561309814;-7.004000186920166;254.10000610351562;251.60000610351562;251.10000610351562;437.8999938964844;435.29998779296875;437.5;-1736.5999755859375;-576.7000122070312;-582.7000122070312;-584.7000122070312;-45.599998474121094;-68.4000015258789;12.899999618530273;9.800000190734863;1752.0999755859375;584.4000244140625;582.7999877929688;584.7999877929688;1.0;-0.9929999709129333;1.0;1.0;49.900001525878906;MPPT;49.99703598022461;4.916585445404053;4.9094462394714355;4.920435905456543;253.46560668945312;251.09275817871094;250.69151306152344;436.7067565917969;434.1254577636719;437.3043212890625;3712.2744140625;-9.515947341918945;3712.28662109375;99.99967193603516;242805.265625;3819.570068359375;2016-07-11 09:00:00;3844.7747090475327;605.048312254555;6.354492081336416;2000.0;666;-1767.879214866582;-3767.879214866582
2026-04-24 15:09:33;4.5177507400512695;4.643517971038818;4.70814847946167;234.72897338867188;234.69393920898438;235.78973388671875;406.4349060058594;407.49835205078125;407.3648986816406;1060.738037109375;1090.82470703125;1110.9361572265625;-1059.6015625;-1083.3179931640625;-1107.2001953125;70.26728820800781;121.41331481933594;106.64672088623047;1.0;0.9946293830871582;0.9969369769096375;49.97602081298828;3263.4208984375;-3252.63720703125;291.32012939453125;0.9969958662986755;-4.775000095367432;-4.806000232696533;-4.813000202178955;-14.394000053405762;256.20001220703125;253.3000030517578;253.10000610351562;441.20001220703125;438.5;441.0;-3643.0;-1215.9000244140625;-1212.4000244140625;-1214.5999755859375;-55.20000076293945;-72.69999694824219;12.800000190734863;4.699999809265137;3645.300048828125;1218.0;1212.5;1214.5999755859375;1.0;-0.9980000257492065;1.0;1.0;49.900001525878906;MPPT;49.984092712402344;5.347808837890625;5.340245723724365;5.351207733154297;255.12339782714844;252.47164916992188;252.35813903808594;439.2498779296875;436.67486572265625;440.3594055175781;4064.1865234375;-10.829081535339355;4064.200927734375;99.99964904785156;242805.265625;4185.06689453125;2016-07-11 09:15:00;4205.882991280191;607.4965745923893;6.923303220437422;457.14440707388525;152;-3664.6209243807016;-4121.765331454587
2026-04-24 15:10:03;5.175220966339111;5.307323932647705;5.378685474395752;234.45657348632812;234.5472412109375;235.75917053222656;406.0914001464844;407.60125732421875;407.3415222167969;1213.340576171875;1245.00439453125;1266.753173828125;-1212.17431640625;-1237.6954345703125;-1263.8756103515625;80.84202575683594;128.03712463378906;112.09040832519531;1.0;0.9949195384979248;0.9979174137115479;49.97452163696289;3720.6630859375;-3713.40234375;333.6885070800781;0.9976134300231934;-5.431000232696533;-5.464000225067139;-5.468999862670898;-16.36400032043457;256.29998779296875;253.6999969482422;253.3000030517578;441.6000061035156;439.0;441.29998779296875;-4149.10009765625;-1384.9000244140625;-1383.300048828125;-1383.699951171875;-49.29999923706055;-70.0;15.199999809265137;5.400000095367432;4154.89990234375;1387.699951171875;1383.4000244140625;1383.699951171875;1.0;-0.9990000128746033;1.0;1.0;49.900001525878906;MPPT;49.985679626464844;5.7864861488342285;5.778802871704102;5.790624618530273;255.87437438964844;253.3690185546875;253.2110137939453;440.8038024902344;438.12176513671875;441.6899719238281;4410.9560546875;-2.1980092525482178;4410.95654296875;99.99999237060547;242805.265625;4537.83544921875;2016-07-11 09:30:00;4566.991273512849;609.9448369302236;7.487548048603784;304.76293804925683;101;-4170.888509993335;-4475.651448042592
2026-04-24 15:10:36;5.684628486633301;5.815981388092041;5.883755207061768;234.8646697998047;234.10374450683594;236.50460815429688;405.9258117675781;407.4531555175781;407.9757080078125;1335.4881591796875;1361.080078125;1391.664794921875;-1335.9501953125;-1355.991943359375;-1388.357177734375;96.47296142578125;153.06430053710938;134.01148986816406;1.0;0.9946558475494385;0.9978128671646118;49.99025344848633;4092.4931640625;-4080.447998046875;380.8082580566406;0.9973839521408081;-5.948999881744385;-5.992000102996826;-5.991000175476074;-17.93199920654297;256.70001220703125;253.0;253.89999389648438;443.6000061035156;436.70001220703125;442.1000061035156;-4555.89990234375;-1522.4000244140625;-1513.300048828125;-1518.800048828125;-26.399999618530273;-66.4000015258789;26.600000381469727;13.300000190734863;4555.89990234375;1523.4000244140625;1513.5;1518.800048828125;1.0;-0.9990000128746033;1.0;1.0;49.900001525878906;MPPT;50.00190353393555;6.243815898895264;6.235533714294434;6.247175216674805;256.0340270996094;252.59054565429688;253.6876983642578;440.6381530761719;437.64044189453125;442.0943298339844;4758.35791015625;-32.69425582885742;4758.47021484375;99.99764251708984;242805.265625;4894.47119140625;2016-07-11 09:45:00;4928.099555745508;612.3930992680579;8.04728133226134;257.14033850493655;85;-4572.397226125661;-4829.537564630597
2026-04-24 15:11:07;6.176697731018066;6.3050360679626465;6.388010025024414;234.8035125732422;234.4812774658203;236.206298828125;406.3715515136719;407.5108642578125;407.73272705078125;1453.2918701171875;1480.175048828125;1509.4722900390625;-1453.050048828125;-1474.23681640625;-1507.653076171875;94.8991470336914;151.8867645263672;129.39874267578125;1.0;0.9958316683769226;0.9988561272621155;50.00749969482422;4445.89111328125;-4435.4833984375;374.32208251953125;0.9979313015937805;-6.448999881744385;-6.48799991607666;-6.494999885559082;-19.43199920654297;256.5;253.5;253.8000030517578;441.6000061035156;439.29998779296875;441.8999938964844;-4937.60009765625;-1649.300048828125;-1642.4000244140625;-1645.699951171875;-52.79999923706055;-73.30000305175781;17.200000762939453;3.200000047683716;4939.2001953125;1650.9000244140625;1642.5;1645.699951171875;1.0;-0.9990000128746033;1.0;1.0;50.0;MPPT;50.01649856567383;6.711270332336426;6.703764915466309;6.715707778930664;255.76943969726562;252.9686279296875;253.406982421875;440.57080078125;437.777099609375;441.73297119140625;5114.05078125;-17.833999633789062;5114.08203125;99.9993896484375;242805.265625;5260.6923828125;2016-07-11 10:00:00;5289.207837978167;614.8413616058922;8.602556965529105;228.57220353694262;76;-4954.851477681661;-5183.423681218604
2026-04-24 15:11:39;5.785104751586914;5.918148040771484;5.9920196533203125;234.37051391601562;234.052978515625;235.84579467773438;405.65020751953125;407.1372375488281;407.47052001953125;1358.1387939453125;1384.395751953125;1412.9713134765625;-1360.0628662109375;-1377.86181640625;-1410.1890869140625;86.82750701904297;146.84971618652344;126.42424774169922;1.0;0.9947802424430847;0.9988275170326233;50.01199722290039;4157.45166015625;-4147.8837890625;355.86260986328125;0.9979905486106873;-6.038000106811523;-6.078000068664551;-6.074999809265137;-18.19099998474121;256.6000061035156;253.1999969482422;253.6999969482422;443.70001220703125;436.70001220703125;441.8999938964844;-4618.2001953125;-1543.300048828125;-1535.4000244140625;-1539.300048828125;-45.70000076293945;-72.30000305175781;18.600000381469727;4.5;4625.2001953125;1546.699951171875;1538.0;1540.4000244140625;1.0;-0.9990000128746033;1.0;1.0;50.0;MPPT;50.0213623046875;6.291144847869873;6.283605575561523;6.295464992523193;255.8266143798828;252.69346618652344;253.28269958496094;440.4981384277344;437.375;441.6171875;4791.6796875;-12.011385917663574;4791.69482421875;99.99968719482422;242805.265625;4929.99267578125;2016-07-11 10:15:00;4958.105515867783;612.5965353721087;8.093590527501249;219.0449712487794;73;-4639.898434301647;-4858.943405550427
2026-04-24 15:12:11;5.410975456237793;5.530735492706299;5.601322174072266;234.4202880859375;234.03143310546875;236.00701904296875;405.6103515625;407.0971984863281;407.2406921386719;1269.405517578125;1296.1676025390625;1323.0068359375;-1270.541748046875;-1289.4595947265625;-1320.4664306640625;79.26256561279297;136.81910705566406;117.28255462646484;1.0;0.9956151247024536;0.9978259801864624;49.99625015258789;3890.25927734375;-3880.52880859375;331.4388122558594;0.9975932240486145;-5.64900016784668;-5.689000129699707;-5.686999797821045;-17.024999618530273;256.70001220703125;253.5;253.89999389648438;444.0;437.1000061035156;442.1000061035156;-4328.89990234375;-1445.800048828125;-1438.9000244140625;-1441.5;-54.5;-75.0;16.0;4.300000190734863;4327.2001953125;1446.5999755859375;1438.9000244140625;1441.5;1.0;-0.9990000128746033;1.0;1.0;49.900001525878906;MPPT;50.00676727294922;5.86859655380249;5.8611602783203125;5.871979236602783;255.93971252441406;252.88375854492188;253.39053344726562;440.7834777832031;437.3895568847656;441.43548583984375;4473.703125;-11.072484970092773;4473.716796875;99.99969482421875;242805.265625;4601.7138671875;2016-07-11 10:30:00;4627.018219275737;610.3518110091836;7.58090356384003;190.4768362807855;63;-4344.001018609436;-4534.477854890221
2026-04-24 15:12:41;5.012569904327393;5.135162830352783;5.193149566650391;234.3706512451172;234.00125122070312;235.95416259765625;405.7265930175781;407.1420593261719;407.6005859375;1175.673095703125;1199.413818359375;1224.700927734375;-1174.4364013671875;-1192.497314453125;-1223.09228515625;68.57897186279297;127.92090606689453;106.80049896240234;1.0;0.9948052763938904;0.997252881526947;50.02475357055664;3602.3759765625;-3593.3720703125;317.61083984375;0.9970442056655884;-5.256999969482422;-5.290999889373779;-5.289999961853027;-15.838000297546387;255.8000030517578;252.5;253.10000610351562;442.3999938964844;435.6000061035156;440.70001220703125;-4010.300048828125;-1339.4000244140625;-1333.199951171875;-1336.699951171875;-45.0;-71.4000015258789;18.5;7.800000190734863;4010.39990234375;1340.199951171875;1333.300048828125;1336.699951171875;1.0;-0.9990000128746033;1.0;1.0;50.0;MPPT;50.03474044799805;5.459228038787842;5.4513163566589355;5.462865829467773;255.27169799804688;252.18624877929688;252.78805541992188;439.54205322265625;436.6128845214844;440.6378173828125;4149.18212890625;-22.33070945739746;4149.2421875;99.99855041503906;242805.265625;4272.48291015625;2016-07-11 10:45:00;4295.930922683691;608.1070866462585;7.064431605913309;180.94960399262234;60;-4029.062700237395;-4210.012304230017
2026-04-24 15:13:10;4.589674949645996;4.705024719238281;4.760295867919922;234.60595703125;234.33303833007812;236.18362426757812;406.0017395019531;407.42999267578125;407.6632995605469;1075.7005615234375;1102.3040771484375;1125.9398193359375;-1077.66015625;-1094.72509765625;-1122.037109375;68.2906723022461;129.14212036132812;110.57476043701172;0.9991100430488586;0.9921775460243225;0.9964103698730469;50.02250289916992;3302.4677734375;-3290.1494140625;304.0155029296875;0.9966356754302979;-4.827000141143799;-4.861000061035156;-4.86299991607666;-14.550999641418457;255.60000610351562;252.39999389648438;252.89999389648438;442.1000061035156;435.29998779296875;440.29998779296875;-3679.699951171875;-1228.4000244140625;-1224.0999755859375;-1227.0999755859375;-30.200000762939453;-66.0;22.700000762939453;13.0;3680.699951171875;1229.699951171875;1224.0;1226.9000244140625;1.0;-0.9980000257492065;1.0;1.0;50.0;MPPT;50.035465240478516;5.0452399253845215;5.037674427032471;5.048973083496094;254.82815551757812;251.8658905029297;252.43069458007812;438.86614990234375;436.0536804199219;439.93109130859375;3828.880859375;-10.884300231933594;3828.896240234375;99.99959564208984;242805.265625;3941.248291015625;2016-07-11 11:00:00;3964.8286005733075;605.862260412475;6.544108883550571;180.94960399262234;60;-3704.582424569219;-3885.5320285618413
2026-04-24 15:13:37;4.609409332275391;4.723580837249756;4.791762351989746;234.60565185546875;234.69908142089844;235.9320831298828;406.54412841796875;407.6750793457031;407.677001953125;1082.73388671875;1108.1953125;1129.287353515625;-1079.7806396484375;-1099.6217041015625;-1125.3876953125;66.02639770507812;123.12300109863281;106.37934112548828;0.9991012811660767;0.9930588603019714;0.9965041875839233;50.02775573730469;3319.8681640625;-3308.957275390625;308.7571716308594;0.9964304566383362;-4.861000061035156;-4.892000198364258;-4.8979997634887695;-14.651000022888184;255.5;252.8000030517578;252.6999969482422;440.20001220703125;437.70001220703125;440.1000061035156;-3695.199951171875;-1232.5;-1233.5;-1235.0999755859375;-29.899999618530273;-63.5;20.799999237060547;12.699999809265137;3706.39990234375;1237.4000244140625;1233.699951171875;1235.0999755859375;1.0;-0.9990000128746033;1.0;1.0;50.0;MPPT;50.03960418701172;5.097112655639648;5.0895915031433105;5.1010541915893555;254.6865997314453;252.0792236328125;252.03062438964844;438.62152099609375;436.0619812011719;439.5965881347656;3866.6015625;-27.651765823364258;3866.700439453125;99.99744415283203;242805.265625;3982.618896484375;2016-07-11 11:15:00;4009.15387967231;606.1627794444983;6.613988874979081;209.52451990886405;69;-3719.4462821699994;-3928.9708020788635
2026-04-24 15:14:07;4.754627227783203;4.86426305770874;4.932321071624756;234.60714721679688;234.93902587890625;236.03453063964844;406.6361083984375;407.86761474609375;407.5932312011719;1115.23046875;1142.7415771484375;1163.7410888671875;-1113.8909912109375;-1134.8602294921875;-1160.0125732421875;69.13909912109375;123.44175720214844;106.51351165771484;0.9994428157806396;0.9944669008255005;0.9975085258483887;50.00899887084961;3422.9892578125;-3415.216796875;277.4800109863281;0.9977578520774841;-5.000999927520752;-5.0289998054504395;-5.034999847412109;-15.0649995803833;255.89999389648438;253.3000030517578;253.0;440.8999938964844;438.3999938964844;440.70001220703125;-3813.5;-1272.199951171875;-1270.5;-1271.0999755859375;-71.30000305175781;-78.0;6.699999809265137;0.0;3816.60009765625;1274.9000244140625;1270.5999755859375;1271.0999755859375;1.0;-0.9980000257492065;1.0;1.0;50.0;MPPT;50.0125732421875;5.14360237121582;5.136204719543457;5.147835731506348;255.16311645507812;252.9005584716797;252.66598510742188;439.74749755859375;437.24664306640625;440.6332702636719;3912.06884765625;9.448871612548828;3912.080322265625;-99.99971008300781;242805.265625;4028.55615234375;2016-07-11 11:30:00;4053.479158771313;606.4632984765213;6.683799611541109;142.85423673646523;47;-3829.555338859421;-3972.4095755958865
2026-04-24 15:14:39;4.798853397369385;4.903104305267334;4.970407485961914;234.15272521972656;233.9546661376953;235.69744873046875;405.2149658203125;406.6624755859375;406.88568115234375;1123.6361083984375;1148.21435546875;1172.92431640625;-1122.9573974609375;-1141.8349609375;-1170.06201171875;68.5025634765625;125.47188568115234;106.86763000488281;1.0;0.9945641756057739;0.9978429675102234;49.98875427246094;3446.02587890625;-3436.38525390625;302.439208984375;0.997524082660675;-5.033999919891357;-5.068999767303467;-5.073999881744385;-15.177000045776367;255.5;252.89999389648438;252.8000030517578;440.20001220703125;437.8999938964844;440.20001220703125;-3839.300048828125;-1280.5;-1278.5999755859375;-1280.0999755859375;-49.400001525878906;-69.5;14.0;6.0;3841.300048828125;1282.300048828125;1278.699951171875;1280.0999755859375;1.0;-0.9990000128746033;1.0;1.0;49.900001525878906;MPPT;49.999324798583984;5.213764667510986;5.206592082977295;5.218166828155518;254.63143920898438;252.21295166015625;252.18731689453125;438.6326599121094;436.2795715332031;439.77691650390625;3956.623046875;-9.652900695800781;3956.634765625;99.99970245361328;242805.265625;4074.190185546875;2016-07-11 11:45:00;4097.804437870316;606.7638175085444;6.753541196138662;161.9019203645438;53;-3853.946428748366;-4015.84834911291
2026-04-24 15:15:08;4.847330093383789;4.955624580383301;5.031446933746338;234.37933349609375;234.7888641357422;235.91722106933594;406.3081970214844;407.81658935546875;407.4310607910156;1135.5438232421875;1163.719970703125;1185.4918212890625;-1135.1195068359375;-1155.6998291015625;-1182.65380859375;75.29875946044922;130.7677459716797;112.96186065673828;0.9999087452888489;0.9942548871040344;0.9971473217010498;50.00824737548828;3484.9912109375;-3475.053466796875;318.25238037109375;0.9969961643218994;-5.076000213623047;-5.105999946594238;-5.110000133514404;-15.291999816894531;256.3999938964844;253.8000030517578;253.5;441.79998779296875;439.29998779296875;441.5;-3880.699951171875;-1294.5999755859375;-1293.199951171875;-1293.699951171875;-32.599998474121094;-65.0;20.5;11.699999809265137;3884.10009765625;1296.9000244140625;1293.300048828125;1293.800048828125;1.0;-0.9990000128746033;1.0;1.0;50.0;MPPT;50.01900863647461;5.2432637214660645;5.233515739440918;5.244678974151611;255.64151000976562;253.22486877441406;253.14044189453125;440.494384765625;437.92071533203125;441.4267272949219;3992.474609375;-24.938264846801758;3992.552490234375;99.998046875;242805.265625;4109.77783203125;2016-07-11 12:00:00;4142.12971696932;607.0643365405675;6.82321373146999;161.9019203645438;53;-3897.3852022653896;-4059.2871226299335
2026-04-24 15:15:40;5.372135639190674;5.49251127243042;5.565165996551514;235.15020751953125;235.55572509765625;236.6580810546875;407.7062072753906;408.9358825683594;408.34466552734375;1263.777587890625;1293.242919921875;1317.251953125;-1264.505615234375;-1285.180908203125;-1312.561767578125;81.17525482177734;135.99346923828125;116.62834930419922;0.9999585747718811;0.9947779178619385;0.9977088570594788;50.021751403808594;3873.923583984375;-3861.003173828125;350.7900695800781;0.9969707727432251;-5.631999969482422;-5.668000221252441;-5.670000076293945;-16.969999313354492;256.29998779296875;253.60000610351562;253.39999389648438;441.5;439.0;441.3999938964844;-4309.5;-1438.699951171875;-1434.0999755859375;-1434.9000244140625;-30.399999618530273;-64.19999694824219;22.299999237060547;11.399999618530273;4308.5;1439.300048828125;1434.199951171875;1434.9000244140625;1.0;-0.9990000128746033;1.0;1.0;50.0;MPPT;50.03960418701172;5.846089839935303;5.838446617126465;5.850039005279541;255.72366333007812;253.26856994628906;253.03240966796875;440.6980285644531;437.81689453125;441.3577575683594;4453.7060546875;-32.03330993652344;4453.8212890625;99.9974136352539;242805.265625;4582.84814453125;2016-07-11 12:15:00;4618.198240010952;610.2920128153539;7.567194298851498;199.9972876207009;66;-4325.836987590032;-4525.834275210733
2026-04-24 15:16:10;5.99888277053833;6.128208160400391;6.2106733322143555;234.7111053466797;234.91282653808594;235.77825927734375;406.51995849609375;407.6676940917969;407.7146911621094;1408.5435791015625;1438.836669921875;1464.8505859375;-1410.215087890625;-1433.084228515625;-1463.5830078125;88.83993530273438;140.75564575195312;120.04885864257812;1.0;0.9953516125679016;0.9987645149230957;50.02325439453125;4312.197265625;-4307.341796875;374.0278625488281;0.997626781463623;-6.264999866485596;-6.300000190734863;-6.306000232696533;-18.871000289916992;256.3999938964844;253.60000610351562;253.5;441.6000061035156;439.1000061035156;441.5;-4791.89990234375;-1600.0999755859375;-1595.800048828125;-1596.9000244140625;-52.5;-70.9000015258789;15.199999809265137;3.200000047683716;4794.89990234375;1602.0999755859375;1595.800048828125;1596.9000244140625;1.0;-0.9990000128746033;1.0;1.0;50.0;MPPT;50.041507720947266;6.474029064178467;6.466416358947754;6.478174686431885;255.37075805664062;252.59664916992188;252.8617401123047;439.7613220214844;437.0710754394531;440.9687194824219;4924.56591796875;-29.860843658447266;4924.65673828125;99.99815368652344;242805.265625;5064.99267578125;2016-07-11 12:30:00;5094.266763052584;613.5196890901404;8.303346825930662;180.94960399262234;60;-4811.431823798909;-4992.381427791532
2026-04-24 15:16:40;6.654820919036865;6.763658046722412;6.8578200340271;234.26202392578125;234.54652404785156;235.55136108398438;405.6407470703125;406.87554931640625;406.4693298339844;1558.4969482421875;1587.86865234375;1617.1221923828125;-1559.2806396484375;-1580.7998046875;-1614.525146484375;101.73460388183594;155.40049743652344;132.05491638183594;1.0;0.9951395988464355;0.99839186668396;50.04652786254883;4763.2998046875;-4753.9033203125;402.8336181640625;0.9977932572364807;-6.9029998779296875;-6.948999881744385;-6.955999851226807;-20.808000564575195;256.1000061035156;253.3000030517578;253.10000610351562;441.1000061035156;438.5;440.8999938964844;-5278.2998046875;-1763.0999755859375;-1757.699951171875;-1758.0999755859375;-34.400001525878906;-65.30000305175781;21.799999237060547;9.0;5280.7001953125;1764.800048828125;1757.800048828125;1758.0999755859375;1.0;-0.9990000128746033;1.0;1.0;50.0;MPPT;50.060279846191406;7.079532623291016;7.071869850158691;7.083525657653809;255.4831085205078;252.7640380859375;252.84603881835938;440.06365966796875;437.20452880859375;440.9919128417969;5387.06494140625;-27.631681442260742;5387.1357421875;99.99868774414062;242805.265625;5540.380859375;2016-07-11 12:45:00;5570.335286094217;616.7473653649268;9.031794214148402;161.9019203645438;53;-5297.026660007788;-5458.928580372332
2026-04-24 15:17:10;7.268153667449951;7.379263877868652;7.484236240386963;234.1245880126953;234.3723907470703;235.58787536621094;405.75689697265625;407.0934753417969;406.89642333984375;1704.9996337890625;1729.7281494140625;1762.7979736328125;-1705.32958984375;-1723.3338623046875;-1762.0443115234375;102.02074432373047;157.90530395507812;132.0403289794922;1.0;0.9965305328369141;0.9987421035766602;50.06306076049805;5202.1748046875;-5194.61083984375;392.4952697753906;0.9985900521278381;-7.495999813079834;-7.538000106811523;-7.545000076293945;-22.57900047302246;257.3999938964844;254.60000610351562;254.39999389648438;443.29998779296875;440.79998779296875;443.1000061035156;-5759.2998046875;-1924.300048828125;-1917.0999755859375;-1917.800048828125;-66.9000015258789;-77.80000305175781;10.800000190734863;0.0;5760.89990234375;1924.0999755859375;1915.0;1915.5;1.0;-0.9990000128746033;1.0;1.0;50.0;MPPT;50.06027603149414;7.641447067260742;7.633364200592041;7.6454362869262695;256.7198791503906;254.12005615234375;254.05809020996094;442.27728271484375;439.4660339355469;443.1061706542969;5843.818359375;7.098406791687012;5843.82275390625;-99.99992370605469;242805.265625;6011.84326171875;2016-07-11 13:00:00;6046.40380913585;619.9750416397134;9.75265680557767;152.38146902462842;50;-5773.094263928505;-5925.475732953133
2026-04-24 15:17:40;6.486157417297363;6.584622383117676;6.681335926055908;234.69161987304688;234.62808227539062;235.89503479003906;406.4520568847656;407.5408020019531;407.3824157714844;1524.49755859375;1546.8675537109375;1579.1138916015625;-1525.343505859375;-1541.679931640625;-1577.4503173828125;98.67056274414062;158.35072326660156;134.8141326904297;1.0;0.9958820343017578;0.9984453916549683;50.05929946899414;4649.984375;-4637.73583984375;383.4821472167969;0.9981789588928223;-6.7270002365112305;-6.767000198364258;-6.770999908447266;-20.264999389648438;256.3999938964844;253.6999969482422;253.60000610351562;441.70001220703125;439.29998779296875;441.6000061035156;-5147.10009765625;-1719.800048828125;-1712.0;-1715.5999755859375;-39.20000076293945;-67.19999694824219;20.200000762939453;7.699999809265137;5150.7998046875;1721.0999755859375;1714.0;1715.5999755859375;1.0;-0.9990000128746033;1.0;1.0;50.0;MPPT;50.05906295776367;7.041538715362549;7.033865451812744;7.045439720153809;255.63284301757812;253.0406036376953;253.0474853515625;440.3515625;437.6670227050781;441.3271179199219;5362.60888671875;2.104048728942871;5362.609375;-99.99999237060547;242805.265625;5514.408203125;2016-07-11 13:15:00;5545.648359463823;616.5799915447187;8.994207459717112;266.66757079309974;88;-5168.067821481446;-5434.735392274546
2026-04-24 15:18:13;5.912057399749756;6.007785320281982;6.099167346954346;234.274658203125;234.12994384765625;235.61073303222656;405.60198974609375;407.0759582519531;407.0777587890625;1385.167724609375;1407.44970703125;1437.9517822265625;-1385.6796875;-1402.532958984375;-1435.85791015625;81.23937225341797;139.82864379882812;117.94974517822266;1.0;0.9956890344619751;0.9982910752296448;50.057044982910156;4231.7177734375;-4222.064453125;342.9229736328125;0.9981317520141602;-6.130000114440918;-6.169000148773193;-6.177999973297119;-18.476999282836914;256.20001220703125;253.3000030517578;253.39999389648438;441.20001220703125;438.79998779296875;441.29998779296875;-4688.0;-1565.5999755859375;-1560.5;-1563.199951171875;-49.400001525878906;-70.69999694824219;16.200000762939453;4.900000095367432;4691.7001953125;1567.800048828125;1560.5999755859375;1563.199951171875;1.0;-0.9990000128746033;1.0;1.0;50.0;MPPT;50.06270980834961;6.401105880737305;6.393443584442139;6.405054569244385;255.6904754638672;252.744873046875;253.2889862060547;440.2342224121094;437.5727233886719;441.5462646484375;4874.89599609375;-12.460058212280273;4874.912109375;99.99967193603516;242805.265625;5013.5634765625;2016-07-11 13:30:00;5044.907935310135;613.1850433205825;8.227382566264879;238.09265487685795;79;-4705.917121727075;-4944.009776603933
2026-04-24 15:18:43;5.289068222045898;5.383883476257324;5.466800689697266;234.0385284423828;234.368896484375;235.62228393554688;405.69354248046875;407.1051940917969;406.8436584472656;1238.1029052734375;1259.964599609375;1286.8128662109375;-1240.1759033203125;-1256.084716796875;-1287.5574951171875;72.77954864501953;134.71539306640625;114.74376678466797;1.0;0.995364248752594;0.999035120010376;50.03226089477539;3792.04345703125;-3783.2109375;294.0594177246094;0.9981297254562378;-5.508999824523926;-5.540999889373779;-5.547999858856201;-16.597999572753906;255.8000030517578;252.89999389648438;252.89999389648438;440.5;438.0;440.5;-4207.5;-1404.5999755859375;-1399.699951171875;-1401.5999755859375;-68.5999984741211;-77.69999694824219;9.0;0.0;4207.39990234375;1406.0;1399.800048828125;1401.5999755859375;1.0;-0.9980000257492065;1.0;1.0;50.0;MPPT;50.03717041015625;5.779265880584717;5.771513938903809;5.782936096191406;255.136474609375;252.31698608398438;252.66302490234375;439.55792236328125;436.69256591796875;440.3167419433594;4391.8154296875;7.790494918823242;4391.822265625;-99.99984741210938;242805.265625;4519.3271484375;2016-07-11 13:45:00;4544.167511156447;609.7900950964463;7.452019223824434;228.57220353694262;76;-4224.7119573963755;-4453.284160933318
2026-04-24 15:19:15;4.735875129699707;4.82441520690918;4.897838592529297;233.62986755371094;233.72946166992188;235.1186065673828;404.5848083496094;406.06756591796875;405.9889831542969;1106.8740234375;1128.126708984375;1152.6641845703125;-1106.8150634765625;-1120.209228515625;-1148.69873046875;64.62974548339844;125.04680633544922;107.18143463134766;0.9995765089988708;0.9940042495727539;0.997381329536438;50.03901672363281;3388.334716796875;-3373.89306640625;270.95074462890625;0.9972581267356873;-4.947000026702881;-4.9770002365112305;-4.984000205993652;-14.907999992370605;255.0;252.10000610351562;252.0;439.1000061035156;436.5;439.0;-3757.699951171875;-1254.199951171875;-1252.0999755859375;-1253.5999755859375;-62.79999923706055;-74.5999984741211;11.699999809265137;0.0;3763.800048828125;1257.9000244140625;1252.199951171875;1253.5999755859375;1.0;-0.9980000257492065;1.0;1.0;50.0;MPPT;50.04203414916992;5.154816150665283;5.147134780883789;5.158668518066406;254.4703826904297;251.72288513183594;251.75901794433594;438.24505615234375;435.5165100097656;439.0585632324219;3906.076171875;3.4010119438171387;3906.07763671875;-99.99996185302734;242805.265625;4034.4736328125;2016-07-11 14:00:00;4043.412061484421;606.3950450014516;6.667950364724272;180.94960399262234;60;-3781.59421626211;-3962.5438202547325
2026-04-24 15:19:43;4.352093696594238;4.437502384185791;4.510447025299072;234.39532470703125;234.50872802734375;235.72731018066406;406.0938720703125;406.93115234375;407.0278625488281;1020.8711547851562;1040.5784912109375;1062.3756103515625;-1017.5465087890625;-1032.77294921875;-1059.13720703125;55.45577621459961;116.67649841308594;100.43384552001953;0.9988789558410645;0.9931110739707947;0.9972503781318665;50.03751754760742;3119.922607421875;-3111.85302734375;263.7004699707031;0.99647456407547;-4.566999912261963;-4.5920000076293945;-4.5980000495910645;-13.760000228881836;255.0;252.1999969482422;252.1999969482422;439.20001220703125;436.79998779296875;439.20001220703125;-3468.89990234375;-1157.0999755859375;-1154.5999755859375;-1157.0;-47.099998474121094;-69.69999694824219;15.0;7.5;3473.300048828125;1159.9000244140625;1155.5;1157.800048828125;1.0;-0.9980000257492065;1.0;1.0;50.0;MPPT;50.046897888183594;4.796038627624512;4.78847074508667;4.799849987030029;254.26365661621094;251.6958770751953;251.82931518554688;438.13079833984375;435.5592346191406;439.1602478027344;3641.20947265625;-6.200773239135742;3641.21484375;99.9998550415039;242805.265625;3764.921142578125;2016-07-11 14:15:00;3774.7557935894456;604.5735940548167;6.243666330632344;209.52451990886405;69;-3489.7361578087925;-3699.2606777176566
2026-04-24 15:20:15;3.9906187057495117;4.070805549621582;4.143208980560303;234.44155883789062;234.73500061035156;235.91793823242188;406.2223815917969;407.226318359375;407.05181884765625;935.7123413085938;954.7242431640625;977.1525268554688;-935.6708374023438;-949.5718383789062;-973.5741577148438;44.4249267578125;107.4669418334961;90.59410858154297;0.9993432760238647;0.9933715462684631;0.99737548828125;50.03526306152344;2870.77490234375;-2859.029052734375;252.02952575683594;0.9962764382362366;-4.209000110626221;-4.232999801635742;-4.238999843597412;-12.680999755859375;254.8000030517578;252.1999969482422;252.10000610351562;439.0;436.70001220703125;438.8999938964844;-3198.0;-1066.300048828125;-1065.199951171875;-1067.199951171875;-27.399999618530273;-63.0;21.0;14.399999618530273;3201.10009765625;1068.199951171875;1065.4000244140625;1067.300048828125;1.0;-0.9980000257492065;1.0;1.0;50.0;MPPT;50.0505485534668;4.472814083099365;4.465123653411865;4.476606845855713;253.80563354492188;251.38800048828125;251.2961883544922;437.331787109375;434.797607421875;438.15643310546875;3382.593505859375;-9.646439552307129;3382.607177734375;99.99959564208984;242805.265625;3497.883544921875;2016-07-11 14:30:00;3506.0845001761327;602.7520412373234;5.816794071702979;219.0449712487794;73;-3216.9178389238305;-3435.96281017261
2026-04-24 15:20:50;3.6620447635650635;3.735341787338257;3.806424856185913;233.8564910888672;234.13351440429688;235.32342529296875;405.0642395019531;406.0926208496094;405.74261474609375;856.7855224609375;875.8887329101562;895.4144287109375;-854.9078979492188;-868.4105224609375;-892.7482299804688;44.15876388549805;102.5166015625;85.31675720214844;0.9988498687744141;0.9921387434005737;0.9956402778625488;50.038265228271484;2625.838623046875;-2616.991943359375;241.15945434570312;0.9948714375495911;-3.867000102996826;-3.8889999389648438;-3.8949999809265137;-11.651000022888184;254.5;252.0;251.8000030517578;438.6000061035156;436.29998779296875;438.3999938964844;-2930.89990234375;-976.5999755859375;-975.4000244140625;-976.9000244140625;-32.70000076293945;-63.29999923706055;20.899999618530273;14.399999618530273;2934.0;977.7000122070312;975.5999755859375;977.0;1.0;-0.9980000257492065;1.0;1.0;50.0;MPPT;50.05073547363281;4.132960319519043;4.125424385070801;4.13682746887207;253.70193481445312;251.49942016601562;251.232177734375;437.3670959472656;434.84405517578125;437.9783935546875;3125.21240234375;-18.877527236938477;3125.26953125;99.9981689453125;242805.265625;3228.45263671875;2016-07-11 14:45:00;3237.4282322811573;600.9305902906885;5.387358015365991;219.0449712487794;73;-2953.634696386755;-3172.6796676355343
2026-04-24 15:21:19;3.289844274520874;3.364255428314209;3.426154375076294;234.14297485351562;234.70489501953125;236.0185089111328;406.4229431152344;407.8585205078125;407.4880065917969;769.7332763671875;787.411376953125;804.6154174804688;-766.6181030273438;-780.8340454101562;-802.38916015625;31.49549102783203;94.78117370605469;79.88499450683594;0.9985456466674805;0.9925907254219055;0.9961113333702087;50.036014556884766;2370.107421875;-2359.167236328125;196.8036651611328;0.9954531192779541;-3.502000093460083;-3.513000011444092;-3.5230000019073486;-10.538000106811523;254.3000030517578;251.60000610351562;251.89999389648438;438.1000061035156;436.0;438.29998779296875;-2650.199951171875;-882.5999755859375;-882.7999877929688;-884.5999755859375;-62.70000076293945;-74.19999694824219;8.5;3.200000047683716;2653.60009765625;886.0999755859375;882.4000244140625;885.0;1.0;-0.996999979019165;1.0;1.0;50.0;MPPT;50.03924560546875;3.7826874256134033;3.7749757766723633;3.786370038986206;253.697509765625;251.37210083007812;251.34922790527344;437.1702880859375;434.8336486816406;438.1580810546875;2860.2431640625;13.137418746948242;2860.2734375;-99.99893951416016;242805.265625;2949.967529296875;2016-07-11 15:00:00;2968.7569388678444;599.1090374731953;4.95528652244821;238.09265487685795;79;-2671.2891452136296;-2909.3818000904876
2026-04-24 15:21:48;2.775489568710327;2.830105781555176;2.88634991645813;234.14244079589844;234.61996459960938;235.76145935058594;405.5378112792969;407.069580078125;406.3739929199219;648.539306640625;664.8111572265625;681.2906494140625;-646.7880249023438;-658.7177734375;-677.3428955078125;23.441162109375;85.9158706665039;73.0760498046875;0.9962095022201538;0.989900529384613;0.9943735599517822;50.00899887084961;1990.5185546875;-1977.625732421875;182.01661682128906;0.9935593605041504;-2.9730000495910645;-2.9839999675750732;-2.990000009536743;-8.946999549865723;253.60000610351562;251.1999969482422;251.10000610351562;437.1000061035156;435.0;437.0;-2234.89990234375;-743.7999877929688;-745.7000122070312;-747.5;-43.599998474121094;-67.80000305175781;14.399999618530273;9.600000381469727;2241.10009765625;747.5999755859375;745.7999877929688;747.5999755859375;1.0;-0.9959999918937683;1.0;1.0;50.0;MPPT;50.01959991455078;3.4329049587249756;3.4257357120513916;3.43646240234375;252.70619201660156;250.4502716064453;250.39608764648438;435.5093994140625;433.19500732421875;436.49139404296875;2585.886962890625;-6.531069755554199;2585.895263671875;99.99967956542969;242805.265625;2671.108642578125;2016-07-11 15:15:00;2688.2605625220162;597.2073122902098;4.501385879239988;371.4264402734078;123;-2263.068910998168;-2634.495351271576
2026-04-24 15:22:18;2.3511500358581543;2.4109888076782227;2.457899808883667;233.29562377929688;233.37289428710938;234.78370666503906;404.10595703125;405.3890380859375;405.2868957519531;548.2760620117188;563.3353881835938;577.279296875;-545.254638671875;-555.9061889648438;-573.5819702148438;15.319250106811523;77.8079605102539;66.4030532836914;0.993232011795044;0.9872966408729553;0.9928088784217834;50.01274871826172;1689.2998046875;-1677.0958251953125;153.04122924804688;0.9918538928031921;-2.5510001182556152;-2.553999900817871;-2.555999994277954;-7.660999774932861;252.89999389648438;250.3000030517578;250.1999969482422;435.70001220703125;433.3999938964844;435.6000061035156;-1910.0999755859375;-635.2999877929688;-635.2000122070312;-637.0;-43.5;-67.5999984741211;14.0;10.0;1910.300048828125;637.7999877929688;635.2999877929688;637.0999755859375;1.0;-0.9940000176429749;1.0;1.0;50.0;MPPT;50.02500915527344;3.0893235206604004;3.081801414489746;3.0927839279174805;251.7646026611328;249.28082275390625;249.2267608642578;433.73724365234375;431.13385009765625;434.6429443359375;2316.806640625;-5.678077220916748;2316.813720703125;99.99969482421875;242805.265625;2394.702880859375;2016-07-11 15:30:00;2407.764186176189;595.3055871072241;4.044585232059164;428.5694911576435;142;-1931.0394112950216;-2359.608902452665
2026-04-24 15:22:48;2.2183918952941895;2.2767937183380127;2.320953130722046;233.22604370117188;233.42608642578125;234.82537841796875;404.16046142578125;405.4043273925781;405.437255859375;517.1206665039062;531.844482421875;544.714111328125;-513.348388671875;-523.9138793945312;-540.5164794921875;0.0;68.77271270751953;57.88711929321289;0.9925602078437805;0.9875470995903015;0.9930691123008728;50.00299835205078;1592.505859375;-1576.2547607421875;150.09573364257812;0.9897124171257019;-2.4049999713897705;-2.4119999408721924;-2.4170000553131104;-7.234000205993652;252.89999389648438;250.1999969482422;250.10000610351562;435.6000061035156;433.20001220703125;435.6000061035156;-1804.4000244140625;-599.9000244140625;-599.2000122070312;-601.2000122070312;-43.900001525878906;-67.5999984741211;13.699999809265137;10.0;1802.5999755859375;601.7999877929688;599.4000244140625;601.2999877929688;1.0;-0.9940000176429749;1.0;1.0;50.0;MPPT;50.011688232421875;2.7221438884735107;2.7146925926208496;2.7256288528442383;252.1864013671875;249.5244903564453;249.55055236816406;434.35247802734375;431.5721130371094;435.3053283691406;2044.024658203125;-5.038377285003662;2044.0308837890625;99.99969482421875;242805.265625;2115.883056640625;2016-07-11 15:45:00;2127.2527843120233;593.4037600533803;3.5848319938529944;257.14033850493655;85;-1827.567390120846;-2084.7077286257827
2026-04-24 15:23:17;1.7508971691131592;1.7954620122909546;1.8331676721572876;233.7862548828125;234.3378143310547;235.33822631835938;405.6087951660156;406.78814697265625;406.5282287597656;409.279052734375;419.9289245605469;430.7272033691406;-403.3804931640625;-413.4823303222656;-425.74053955078125;0.0;66.50572967529297;57.33028030395508;0.9863464832305908;0.9796999096870422;0.988365650177002;50.0;1260.9090576171875;-1242.33154296875;119.46707153320312;0.9854352474212646;-1.934999942779541;-1.934000015258789;-1.9359999895095825;-5.804999828338623;252.89999389648438;250.5;250.1999969482422;435.8999938964844;433.6000061035156;435.6000061035156;-1441.0999755859375;-478.3999938964844;-479.20001220703125;-480.79998779296875;-49.400001525878906;-69.5999984741211;11.5;8.5;1442.300048828125;481.8999938964844;479.3999938964844;480.8999938964844;-0.9990000128746033;-0.9890000224113464;1.0;1.0;50.0;MPPT;50.01163101196289;2.3531532287597656;2.3460395336151123;2.3566133975982666;251.72377014160156;249.1178436279297;249.2264404296875;433.72979736328125;430.8805236816406;434.55291748046875;1764.074462890625;-3.706282138824463;1764.078369140625;99.9997787475586;242805.265625;1830.6610107421875;2016-07-11 16:00:00;1846.756407966196;591.5020348703948;3.122147176333624;342.8583053054139;114;-1466.9629745014581;-1809.821279806872
2026-04-24 15:23:49;1.5888863801956177;1.6312059164047241;1.6634602546691895;233.7101593017578;234.15843200683594;235.20187377929688;405.1319885253906;406.4895935058594;405.97113037109375;369.0924377441406;381.0686950683594;391.6250305175781;-363.6339416503906;-371.337646484375;-385.5146179199219;0.0;64.0936508178711;55.471031188964844;0.9804180264472961;0.9769265651702881;0.986283540725708;50.01274871826172;1141.0531005859375;-1121.669921875;119.309326171875;0.9817936420440674;-1.7690000534057617;-1.7580000162124634;-1.7610000371932983;-5.288000106811523;253.1999969482422;250.8000030517578;250.5;436.3999938964844;434.1000061035156;436.20001220703125;-1307.800048828125;-434.0;-435.79998779296875;-438.0;-39.900001525878906;-67.19999694824219;15.199999809265137;12.100000381469727;1313.4000244140625;439.20001220703125;436.1000061035156;438.1000061035156;-0.9990000128746033;-0.9879999756813049;0.9990000128746033;0.9990000128746033;50.0;MPPT;50.020145416259766;2.1316518783569336;2.124654531478882;2.135344982147217;252.33291625976562;249.989501953125;249.7212677001953;434.9866943359375;432.07623291015625;435.5210266113281;1602.2169189453125;-4.675867080688477;1602.2237548828125;99.99957275390625;242805.265625;1667.29833984375;2016-07-11 16:15:00;1676.7426679644263;590.3493661085841;2.840254879948528;304.76293804925683;101;-1338.444876555881;-1643.2078146051379
2026-04-24 15:24:20;1.3794333934783936;1.41064453125;1.4424231052398682;233.93333435058594;234.3056640625;235.42405700683594;405.5345764160156;406.9156799316406;406.55523681640625;323.0968933105469;329.965576171875;338.9316711425781;-313.5563659667969;-322.5202941894531;-334.25958251953125;-14.187039375305176;53.244808197021484;46.30136489868164;0.972035825252533;0.9727266430854797;0.9816223382949829;49.9947509765625;990.482177734375;-966.528564453125;113.9503402709961;0.9741528034210205;-1.555999994277954;-1.5429999828338623;-1.5490000247955322;-4.6479997634887695;252.60000610351562;250.0;249.89999389648438;435.20001220703125;432.8999938964844;435.1000061035156;-1140.0999755859375;-377.8999938964844;-379.8999938964844;-382.20001220703125;-31.399999618530273;-63.70000076293945;17.299999237060547;14.899999618530273;1145.0999755859375;383.0;379.8999938964844;382.1000061035156;-0.9990000128746033;-0.9850000143051147;0.9990000128746033;1.0;49.900001525878906;MPPT;50.00676727294922;1.9192042350769043;1.9116287231445312;1.9235478639602661;251.71908569335938;249.2940673828125;249.10316467285156;433.8015441894531;430.9572448730469;434.4869689941406;1438.83154296875;-4.469383716583252;1438.8385009765625;99.99951934814453;242805.265625;1500.8154296875;2016-07-11 16:30:00;1506.7139024443181;589.1965954759152;2.5572345699439953;304.76293804925683;101;-1171.8166863461747;-1476.5796243954317
2026-04-24 15:24:50;1.292794108390808;1.3325947523117065;1.3632967472076416;233.99253845214844;234.38783264160156;235.3810577392578;405.4884338378906;406.5652160644531;406.0815124511719;301.3822326660156;310.4449462890625;319.89501953125;-293.2192687988281;-301.153076171875;-313.0196228027344;-3.4199249744415283;58.01295471191406;54.52278518676758;0.9675727486610413;0.9653220176696777;0.9759340286254883;50.01274871826172;933.0901489257812;-905.3892822265625;119.349853515625;0.9714072942733765;-1.472000002861023;-1.4589999914169312;-1.4609999656677246;-4.392000198364258;252.6999969482422;250.3000030517578;250.0;435.6000061035156;433.20001220703125;435.29998779296875;-1074.5;-357.6000061035156;-360.1000061035156;-361.8999938964844;-23.0;-62.599998474121094;19.0;16.799999237060547;1080.800048828125;363.1000061035156;360.6000061035156;362.29998779296875;1.0;-0.9850000143051147;0.9990000128746033;0.9990000128746033;50.0;MPPT;50.02335739135742;1.6920393705368042;1.6846524477005005;1.6963140964508057;251.78591918945312;249.5196990966797;249.2521514892578;434.048828125;431.30712890625;434.6545104980469;1269.0751953125;-18.40819549560547;1269.208740234375;99.9894790649414;242805.265625;1327.48583984375;2016-07-11 16:45:00;1336.6941522352129;588.0438859657612;2.273119717995064;199.9972876207009;66;-1109.9629815698077;-1309.9602691905086
2026-04-24 15:25:22;0.8605721592903137;0.8575642704963684;0.8785789608955383;233.53904724121094;234.41256713867188;235.370361328125;405.6571350097656;406.9049987792969;406.336669921875;201.08128356933594;200.76036071777344;206.37783813476562;-183.19247436523438;-190.12261962890625;-198.3460693359375;-23.275333404541016;45.05213928222656;40.08877944946289;0.9112210273742676;0.9417380094528198;0.9596202373504639;49.9790153503418;607.07470703125;-570.4352416992188;60.96900939941406;0.9357977509498596;-1.027999997138977;-0.9819999933242798;-0.9829999804496765;-2.993000030517578;252.6999969482422;250.39999389648438;249.89999389648438;435.6000061035156;433.20001220703125;435.20001220703125;-706.4000244140625;-232.8000030517578;-237.10000610351562;-239.0;-57.900001525878906;-72.5999984741211;7.800000190734863;6.800000190734863;721.4000244140625;245.0;237.1999969482422;239.10000610351562;-0.9980000257492065;-0.9589999914169312;0.9990000128746033;0.9990000128746033;49.900001525878906;MPPT;49.98948287963867;1.4742931127548218;1.4672954082489014;1.4788683652877808;251.3050079345703;249.1000518798828;248.644775390625;433.26800537109375;430.45086669921875;433.6793518066406;1103.6912841796875;4.583125114440918;1103.7008056640625;99.99988555908203;242805.265625;1157.18212890625;2016-07-11 17:00:00;1166.672899474274;586.8911662685214;1.987886283741548;400.0013561896496;133;-743.3380852951389;-1143.3394414847885
2026-04-24 15:25:49;0.5638181567192078;0.5216739177703857;0.5331805944442749;234.15676879882812;234.9091339111328;235.82415771484375;406.0984191894531;407.5428771972656;407.0888977050781;131.85464477539062;123.0504379272461;126.2364501953125;-100.07831573486328;-103.99539947509766;-111.94609832763672;-26.725919723510742;37.630027770996094;35.352630615234375;0.7657347321510315;0.8559481501579285;0.8897973895072937;49.98575973510742;381.59454345703125;-318.45159912109375;45.657623291015625;0.8377260565757751;-0.703000009059906;-0.6259999871253967;-0.625;-1.9539999961853027;252.89999389648438;250.5;250.10000610351562;435.8999938964844;433.5;435.6000061035156;-432.79998779296875;-141.39999389648438;-144.8000030517578;-146.60000610351562;-42.20000076293945;-66.9000015258789;12.800000190734863;11.800000190734863;448.8999938964844;156.39999389648438;145.3000030517578;147.10000610351562;-0.9950000047683716;-0.9039999842643738;0.9959999918937683;0.9929999709129333;50.0;MPPT;49.99703598022461;1.3715300559997559;1.3651362657546997;1.3769434690475464;251.6868438720703;249.22386169433594;249.092529296875;433.875732421875;430.84075927734375;434.33489990234375;1028.484130859375;-20.016098022460938;1028.6788330078125;99.98107147216797;242805.265625;1081.4493408203125;2016-07-11 17:15:00;1090.759473171937;586.3764841310671;1.8601691962260378;599.9986438103505;199;-468.94563989814776;-1068.9442837084982
2026-04-24 15:26:19;0.8689692616462708;0.8683392405509949;0.8925588130950928;234.42266845703125;234.90127563476562;235.81590270996094;406.4067077636719;407.5354309082031;407.0780944824219;205.34413146972656;205.7132110595703;211.724609375;-187.07284545898438;-192.80499267578125;-201.9297637939453;-18.683658599853516;47.59814453125;42.922279357910156;0.9250906109809875;0.9501259922981262;0.9563009142875671;49.98575973510742;615.7796020507812;-581.2766723632812;71.87831115722656;0.9454252123832703;-1.0290000438690186;-0.9890000224113464;-0.9959999918937683;-3.0139999389648438;252.39999389648438;250.0;249.60000610351562;435.0;432.6000061035156;434.70001220703125;-723.5999755859375;-238.5;-241.3000030517578;-242.6999969482422;-41.400001525878906;-66.30000305175781;12.899999618530273;11.899999618530273;731.7000122070312;247.0;241.60000610351562;242.89999389648438;-0.9980000257492065;-0.9629999995231628;0.9990000128746033;0.9990000128746033;50.0;MPPT;49.997032165527344;1.2784451246261597;1.2712273597717285;1.2871425151824951;251.381591796875;249.0721893310547;248.77049255371094;433.265625;430.525390625;433.90899658203125;960.458740234375;1.422095775604248;960.4597778320312;-99.99989318847656;242805.265625;1010.62548828125;2016-07-11 17:30:00;1014.8460468696003;585.8618019936127;1.7322277086784104;238.09265487685795;79;-756.4564710553503;-994.5491259322083
2026-04-24 15:26:47;0.7592015862464905;0.7425442934036255;0.7620710730552673;233.35986328125;233.95315551757812;235.03512573242188;404.69134521484375;406.1496887207031;405.68524169921875;178.16134643554688;174.193115234375;180.17718505859375;-157.56576538085938;-162.6990966796875;-170.7613525390625;-25.953535079956055;42.436771392822266;38.94762420654297;0.8803775310516357;0.9211830496788025;0.9389373064041138;49.97227478027344;531.2054443359375;-486.0496826171875;77.19184875488281;0.9110511541366577;-0.9160000085830688;-0.8669999837875366;-0.8690000176429749;-2.6519999504089355;251.8000030517578;249.1999969482422;249.1999969482422;433.79998779296875;431.6000061035156;433.70001220703125;-619.9000244140625;-204.10000610351562;-207.0;-208.6999969482422;-27.899999618530273;-62.0;17.399999618530273;16.5;630.5;213.3000030517578;207.6999969482422;209.39999389648438;-0.9990000128746033;-0.9589999914169312;0.9959999918937683;0.9959999918937683;49.900001525878906;MPPT;49.98365783691406;1.1861376762390137;1.1775239706039429;1.1890095472335815;250.7532196044922;248.4586639404297;248.21737670898438;432.12115478515625;429.50543212890625;432.9636535644531;884.545166015625;-19.391056060791016;884.7576904296875;99.97598266601562;242805.265625;933.87451171875;2016-07-11 17:45:00;938.9311180154295;585.3471096690726;1.6040586901441378;266.66757079309974;88;-653.4849248620212;-920.1524956551209
2026-04-24 15:27:17;0.648540198802948;0.6125054359436035;0.6312856674194336;233.7886962890625;234.17355346679688;235.33302307128906;405.1135559082031;406.55181884765625;406.2840270996094;151.74610900878906;144.2974395751953;149.15206909179688;-125.92752075195312;-130.149658203125;-137.53192138671875;-30.86673355102539;34.98277282714844;35.244049072265625;0.8234695196151733;0.8929929137229919;0.9152857661247253;49.9790153503418;444.3791809082031;-389.45556640625;60.79376220703125;0.873144805431366;-0.796999990940094;-0.7210000157356262;-0.7250000238418579;-2.2669999599456787;252.10000610351562;249.6999969482422;249.5;434.5;432.29998779296875;434.3999938964844;-508.70001220703125;-166.89999389648438;-169.6999969482422;-171.89999389648438;-41.400001525878906;-65.5;13.5;16.600000381469727;529.5;181.5;172.6999969482422;175.1999969482422;-0.9990000128746033;-0.9390000104904175;0.9950000047683716;0.9950000047683716;49.900001525878906;MPPT;49.98973846435547;1.0813490152359009;1.0748114585876465;1.0852769613265991;251.0506591796875;248.78306579589844;248.5106658935547;432.6865539550781;429.9877624511719;433.50140380859375;808.292724609375;-16.360652923583984;808.4583129882812;99.9795150756836;242805.265625;856.8485107421875;2016-07-11 18:00:00;863.0176917130929;584.8324275316181;1.4756666201899946;295.23570576109364;98;-550.5216321177373;-845.757337878831
2026-04-24 15:27:46;0.4670822024345398;0.3788478374481201;0.38130998611450195;233.807861328125;234.40878295898438;235.60382080078125;405.87139892578125;407.6046142578125;407.2819519042969;110.47566223144531;88.8185806274414;89.9723129272461;-65.0146255493164;-65.2518310546875;-71.29134368896484;-30.906984329223633;35.01329803466797;37.74161911010742;0.5834389925003052;0.7164878249168396;0.7767634987831116;49.99625015258789;293.28314208984375;-202.52557373046875;45.9630126953125;0.6971501111984253;-0.5870000123977661;-0.47600001096725464;-0.46799999475479126;-1.524999976158142;253.10000610351562;250.60000610351562;250.3000030517578;436.20001220703125;433.70001220703125;435.8999938964844;-306.79998779296875;-99.5999984741211;-102.5;-105.4000015258789;-27.899999618530273;-62.29999923706055;17.200000762939453;17.200000762939453;329.3999938964844;118.0;104.5;106.80000305175781;-0.9959999918937683;-0.8479999899864197;0.9860000014305115;0.9869999885559082;50.0;MPPT;50.005550384521484;0.7997528910636902;0.7926157712936401;0.8037173748016357;251.9489288330078;249.56405639648438;249.3343048095703;434.1182861328125;431.3724670410156;435.0177307128906;599.4873046875;-15.632050514221191;599.6910400390625;99.96602630615234;242805.265625;647.5670776367188;2016-07-11 18:15:00;647.2632687848195;583.3696435029314;1.1095251115540212;285.7152544211783;95;-348.6027489879448;-634.3180034091231
2026-04-24 15:28:17;0.5086550712585449;0.34459415078163147;0.34331998229026794;234.83607482910156;235.2437744140625;236.27525329589844;406.9971923828125;408.2000427246094;407.76324462890625;116.78764343261719;79.54893493652344;77.1082534790039;67.18743133544922;60.711082458496094;63.827274322509766;-53.47688293457031;9.28317928314209;14.935288429260254;0.5879791378974915;0.7625309228897095;0.7743820548057556;50.01274871826172;281.064697265625;198.274658203125;-14.153587341308594;0.6984233856201172;0.453000009059906;0.31700000166893005;0.2919999957084656;1.062000036239624;252.8000030517578;250.3000030517578;249.89999389648438;435.6000061035156;433.1000061035156;435.29998779296875;160.10000610351562;57.0;49.70000076293945;46.900001525878906;-22.600000381469727;-60.5;18.0;19.899999618530273;184.89999389648438;81.0;52.900001525878906;50.900001525878906;0.9900000095367432;0.6729999780654907;-0.9409999847412109;-0.9229999780654907;50.0;MPPT;50.02500915527344;0.5137097239494324;0.5071417093276978;0.5186553001403809;251.47198486328125;248.75088500976562;248.73851013183594;433.0522766113281;430.10260009765625;434.0927734375;383.70513916015625;-19.83285903930664;384.21734619140625;99.86669158935547;242805.265625;429.282470703125;2016-07-11 18:30:00;431.50884585654643;581.9068594742445;0.7415428067756696;533.3351415861995;177;110.456472646784;-422.8786689394155
2026-04-24 15:28:49;0.5946507453918457;0.4337240159511566;0.43274447321891785;234.40731811523438;234.76710510253906;235.87442016601562;406.29339599609375;407.52203369140625;407.1923828125;140.35763549804688;101.94731903076172;101.36395263671875;93.18827819824219;86.24907684326172;88.59154510498047;-61.067344665527344;1.0975106954574585;12.359394073486328;0.693556547164917;0.8583762645721436;0.873753011226654;49.986507415771484;342.40765380859375;272.3688049316406;-31.91403579711914;0.8026337027549744;0.5329999923706055;0.4050000011920929;0.3880000114440918;1.3259999752044678;252.0;249.39999389648438;249.0;434.20001220703125;431.6000061035156;433.79998779296875;241.10000610351562;84.0;80.69999694824219;77.69999694824219;-33.70000076293945;-63.599998474121094;14.0;15.800000190734863;267.1000061035156;105.9000015258789;81.9000015258789;79.30000305175781;0.9890000224113464;0.7919999957084656;-0.9860000014305115;-0.9789999723434448;50.0;MPPT;49.9970703125;0.240031436085701;0.2341880053281784;0.243409663438797;250.71588134765625;248.19644165039062;247.9127197265625;431.8467102050781;428.92437744140625;432.77410888671875;176.58798217773438;-17.40243911743164;177.4434051513672;99.5179214477539;242805.265625;218.48007202148438;2016-07-11 18:45:00;215.75442292827321;580.4440754455577;0.3717057888180818;409.52180752956497;136;198.08247305985722;-211.43933446970775
2026-04-24 15:29:18;0.4431014657020569;0.3487214744091034;0.33952274918556213;233.9449462890625;234.39561462402344;235.57496643066406;405.5135803222656;406.83306884765625;406.5335693359375;107.50760650634766;80.57152557373047;80.28562927246094;-54.04497146606445;-54.215293884277344;-59.5442008972168;-32.3790397644043;30.78351402282715;30.75284194946289;0.5024318099021912;0.6661356687545776;0.7287125587463379;49.99325180053711;262.99774169921875;-166.8265838623047;13.611919403076172;0.6323131322860718;-0.5609999895095825;-0.42500001192092896;-0.41100001335144043;-1.3969999551773071;251.6999969482422;248.89999389648438;249.0;433.5;431.1000061035156;433.6000061035156;-260.0;-83.5999984741211;-87.80000305175781;-89.19999694824219;-59.70000076293945;-73.0;5.900000095367432;7.199999809265137;288.8999938964844;111.19999694824219;88.0;89.5;-0.9760000109672546;-0.7590000033378601;0.996999979019165;0.996999979019165;49.900001525878906;MPPT;49.9937858581543;0.745961606502533;0.7390515208244324;0.7492623925209045;250.81005859375;248.3153076171875;248.0733642578125;432.02752685546875;429.235107421875;432.93011474609375;556.3150024414062;9.096354484558105;556.3893432617188;-99.98664093017578;242805.265625;602.7039184570312;2016-07-12 06:15:00;604.2767633697897;583.0782011643839;1.0363562934835724;285.7152544211783;95;-306.4759736812156;-592.1912281023939
2026-04-24 15:29:49;1.0688831806182861;1.0778342485427856;1.1059987545013428;234.01609802246094;234.517578125;235.50010681152344;405.79974365234375;407.0619812011719;406.745361328125;248.32373046875;252.8357696533203;260.7359619140625;-235.03768920898438;-242.13389587402344;-252.26388549804688;-8.740928649902344;52.07981491088867;45.04487609863281;0.9468647241592407;0.9644226431846619;0.9739196300506592;49.96553421020508;760.2740478515625;-731.4419555664062;82.67414855957031;0.9591997265815735;-1.2350000143051147;-1.2079999446868896;-1.2109999656677246;-3.6540000438690186;253.10000610351562;250.3000030517578;250.1999969482422;435.8999938964844;433.3999938964844;435.79998779296875;-880.5;-291.0;-296.0;-297.8999938964844;-44.5;-67.19999694824219;11.899999618530273;10.699999809265137;895.5999755859375;301.20001220703125;296.20001220703125;298.1000061035156;-0.9990000128746033;-0.9739999771118164;0.9990000128746033;0.9990000128746033;49.900001525878906;MPPT;49.98365783691406;1.527637243270874;1.5210397243499756;1.5322057008743286;251.9274139404297;249.44126892089844;249.12355041503906;433.9973449707031;431.1417236328125;434.7601318359375;1145.96240234375;-2.6377878189086914;1145.9654541015625;99.9997329711914;242805.265625;1202.5670166015625;2016-07-12 06:30:00;1208.5520241877455;587.1751007248112;2.0582480808465897;266.66757079309974;88;-917.7134129108908;-1184.3809837039905
2026-04-24 15:30:20;1.9287770986557007;1.9838768243789673;2.025728464126587;234.57830810546875;235.14874267578125;235.96060180664062;406.72802734375;408.0369873046875;407.53973388671875;452.9991760253906;466.30322265625;478.01483154296875;-447.6051330566406;-458.1038818359375;-472.5218200683594;11.862844467163086;75.89027404785156;65.96580505371094;0.988088071346283;0.9823639392852783;0.988254189491272;50.00299835205078;1399.7037353515625;-1377.7945556640625;157.91983032226562;0.9849008917808533;-2.114000082015991;-2.115999937057495;-2.122999906539917;-6.353000164031982;254.0;251.5;251.1999969482422;437.70001220703125;435.29998779296875;437.5;-1590.0;-528.2999877929688;-527.7000122070312;-528.9000244140625;-21.899999618530273;-60.099998474121094;20.799999237060547;17.399999618530273;1586.5;529.0999755859375;528.0999755859375;529.2000122070312;1.0;-0.9940000176429749;0.9990000128746033;0.9990000128746033;50.0;MPPT;50.02622604370117;2.296560049057007;2.2891061305999756;2.300234079360962;253.20591735839844;250.74810791015625;250.57852172851562;436.156005859375;433.5528259277344;437.1858825683594;1731.690673828125;-24.802553176879883;1731.8682861328125;99.98974609375;242805.265625;1798.6905517578125;2016-07-12 06:45:00;1812.828787557535;591.2720104723243;3.0659810636214586;161.9019203645438;53;-1614.6702914418406;-1776.5722118063843
2026-04-24 15:30:48;2.6977298259735107;2.7623226642608643;2.813995599746704;234.2495574951172;234.38926696777344;235.59483337402344;405.9023742675781;407.02960205078125;406.6534423828125;630.8161010742188;645.8692626953125;661.6580200195312;-629.14013671875;-640.624755859375;-659.801025390625;20.95350456237793;83.40731811523438;70.21675872802734;0.9952667355537415;0.9890405535697937;0.9952161312103271;50.0262565612793;1944.03466796875;-1930.6951904296875;179.53289794921875;0.9930371046066284;-2.8970000743865967;-2.9089999198913574;-2.9100000858306885;-8.715999603271484;254.10000610351562;251.60000610351562;251.3000030517578;437.8999938964844;435.5;437.6000061035156;-2184.300048828125;-727.0999755859375;-728.0;-729.0;-45.900001525878906;-68.30000305175781;13.699999809265137;8.600000381469727;2187.89990234375;730.5;728.2999877929688;729.0;1.0;-0.9959999918937683;1.0;1.0;50.0;MPPT;50.038387298583984;3.0839953422546387;3.0769691467285156;3.0880322456359863;253.140380859375;250.62474060058594;250.51312255859375;436.0721740722656;433.3566589355469;437.0252990722656;2325.25390625;-17.514516830444336;2325.31982421875;99.99716186523438;242805.265625;2405.112060546875;2016-07-12 07:00:00;2417.1100585828267;595.3689507810948;4.059852391381339;161.9019203645438;53;-2206.865937046626;-2368.76785741117
2026-04-24 15:31:19;2.5228431224823;2.5804412364959717;2.628934144973755;233.99267578125;234.1337432861328;235.33059692382812;405.3681640625;406.4793701171875;406.0776672363281;589.172119140625;604.7860107421875;619.1495361328125;-586.1394653320312;-597.3419799804688;-614.5365600585938;19.29817771911621;79.7679672241211;67.7081069946289;0.9949541091918945;0.9890444874763489;0.9942244291305542;50.03001022338867;1813.361328125;-1796.62451171875;155.6862335205078;0.9921776056289673;-2.7079999446868896;-2.7119998931884766;-2.7209999561309814;-8.140999794006348;253.89999389648438;251.1999969482422;251.0;437.3999938964844;434.8999938964844;437.20001220703125;-2043.4000244140625;-680.0;-678.7000122070312;-679.9000244140625;-63.70000076293945;-74.19999694824219;7.099999904632568;3.299999952316284;2040.5;681.7000122070312;678.7000122070312;679.9000244140625;1.0;-0.9940000176429749;1.0;1.0;50.0;MPPT;50.03351974487305;2.8943755626678467;2.886990785598755;2.898423433303833;252.83082580566406;250.24903869628906;250.20785522460938;435.44256591796875;432.8760681152344;436.4229431152344;2179.39599609375;4.286680221557617;2179.400146484375;-99.99980926513672;242805.265625;2256.2294921875;2016-07-12 07:15:00;2271.6329900280643;594.3826371309092;3.8218360499109783;161.9019203645438;53;-2064.298409862959;-2226.200330227503
2026-04-24 15:31:51;2.309990406036377;2.3756542205810547;2.425956964492798;233.8797607421875;234.14987182617188;235.55093383789062;405.67919921875;407.27337646484375;406.91650390625;542.3048706054688;556.175048828125;569.6588134765625;-538.4970092773438;-549.5868530273438;-566.1334228515625;9.314046859741211;72.52885437011719;63.157711029052734;0.9931669235229492;0.9882614016532898;0.9937291741371155;50.015750885009766;1669.652587890625;-1654.6895751953125;158.74920654296875;0.9920467138290405;-2.515000104904175;-2.509999990463257;-2.5179998874664307;-7.535999774932861;254.0;251.39999389648438;251.10000610351562;437.6000061035156;435.1000061035156;437.3999938964844;-1887.5999755859375;-626.9000244140625;-628.2000122070312;-629.5999755859375;-44.5;-67.30000305175781;13.899999618530273;9.899999618530273;1888.5999755859375;630.0999755859375;627.7999877929688;629.2000122070312;1.0;-0.9950000047683716;1.0;1.0;50.0;MPPT;50.028656005859375;2.707397699356079;2.7003252506256104;2.711136817932129;253.0797119140625;250.65818786621094;250.4105987548828;436.05780029296875;433.31243896484375;436.85980224609375;2040.8250732421875;-12.111933708190918;2040.861083984375;99.99823760986328;242805.265625;2113.03759765625;2016-07-12 07:30:00;2126.170946991641;593.3964253515818;3.5830531768571148;171.42915265270696;57;-1912.218375399101;-2083.647528051808
2026-04-24 15:32:22;2.0660488605499268;2.124164342880249;2.167985677719116;234.3972930908203;234.83297729492188;235.88035583496094;406.4363708496094;407.6949462890625;407.1872253417969;485.9947204589844;498.462646484375;510.624267578125;-479.1553955078125;-489.6566467285156;-505.0074768066406;0.0;68.53124237060547;59.87910461425781;0.9898145198822021;0.9853630661964417;0.9904835820198059;50.01649856567383;1493.59375;-1476.4287109375;156.28909301757812;0.9880396127700806;-2.25600004196167;-2.259000062942505;-2.26200008392334;-6.7769999504089355;254.39999389648438;251.89999389648438;251.5;438.3999938964844;435.8999938964844;438.1000061035156;-1691.300048828125;-562.2000122070312;-564.9000244140625;-566.4000244140625;-27.299999237060547;-62.29999923706055;19.100000381469727;15.699999809265137;1698.5999755859375;566.7000122070312;565.2000122070312;566.5999755859375;1.0;-0.9940000176429749;0.9990000128746033;1.0;50.0;MPPT;50.029876708984375;2.51664137840271;2.5096585750579834;2.5208513736724854;253.1959686279297;250.87062072753906;250.47035217285156;436.27691650390625;433.56927490234375;437.0553283691406;1898.1099853515625;-14.24044132232666;1898.163330078125;99.9971923828125;242805.265625;1968.82080078125;2016-07-12 07:45:00;1980.6938784368788;592.4101117013961;3.343450490317164;219.0449712487794;73;-1722.035029619362;-1941.0800008681413
2026-04-24 15:32:55;1.7816107273101807;1.8252627849578857;1.8620140552520752;234.1879119873047;234.70962524414062;235.69656372070312;405.94256591796875;407.2394104003906;406.6914978027344;417.7124328613281;427.841064453125;438.8704833984375;-411.1582946777344;-420.37042236328125;-433.84307861328125;0.0;66.54320526123047;56.659034729003906;0.9853494167327881;0.9821867942810059;0.9887444972991943;50.015750885009766;1286.5941162109375;-1268.85400390625;113.61094665527344;0.9861694574356079;-1.975000023841858;-1.9670000076293945;-1.9709999561309814;-5.913000106811523;253.3000030517578;250.8000030517578;250.5;436.5;434.1000061035156;436.29998779296875;-1467.4000244140625;-487.20001220703125;-489.3999938964844;-490.8999938964844;-61.599998474121094;-73.0999984741211;7.099999904632568;4.400000095367432;1473.5;493.0;489.5;490.8999938964844;-0.9990000128746033;-0.9890000224113464;1.0;1.0;50.0;MPPT;50.01770782470703;2.335556745529175;2.3287858963012695;2.3394038677215576;252.4454345703125;250.0950927734375;249.82337951660156;434.9220886230469;432.3506774902344;435.86529541015625;1756.34228515625;13.098217010498047;1756.39111328125;-99.99722290039062;242805.265625;1822.5035400390625;2016-07-12 08:00:00;1835.2168098821164;591.4237980512105;3.1030486360699467;304.76293804925683;101;-1493.7495356352174;-1798.5124736844741
2026-04-24 15:33:25;1.797825813293457;1.8479080200195312;1.887856364250183;234.14952087402344;234.49740600585938;235.4263153076172;405.89837646484375;407.05340576171875;406.7104797363281;420.9104309082031;433.951904296875;445.1856384277344;-416.7298278808594;-426.5087890625;-440.76141357421875;0.0;67.20822143554688;58.335350036621094;0.9904836416244507;0.984107494354248;0.9902420043945312;50.00600051879883;1296.50146484375;-1280.845458984375;125.81525421142578;0.987412691116333;-1.9789999723434448;-1.9809999465942383;-1.9869999885559082;-5.947000026702881;253.60000610351562;251.1999969482422;250.89999389648438;437.29998779296875;434.79998779296875;437.0;-1479.5999755859375;-491.3999938964844;-493.1000061035156;-495.0;-44.5;-67.69999694824219;13.100000381469727;10.0;1484.5999755859375;496.70001220703125;493.70001220703125;495.6000061035156;1.0;-0.9909999966621399;1.0;1.0;49.900001525878906;MPPT;50.011627197265625;2.3679251670837402;2.360191583633423;2.3715052604675293;252.7232208251953;250.1943817138672;249.98500061035156;435.2774963378906;432.58984375;436.2032470703125;1781.80029296875;-1.5304481983184814;1781.801025390625;99.99996185302734;242805.265625;1847.6763916015625;2016-07-12 08:15:00;1861.1959310896339;591.5999327652335;3.1460381044840626;314.2833893891722;104;-1509.6886230786688;-1823.972012467841
2026-04-24 15:33:57;1.987297773361206;2.036471366882324;2.081169843673706;234.3655242919922;234.51158142089844;235.8498077392578;406.40966796875;407.6292724609375;406.89031982421875;465.82977294921875;479.569091796875;490.43048095703125;-461.1839904785156;-470.7274475097656;-485.8957214355469;1.0989794731140137;69.7656478881836;60.324832916259766;0.9913299083709717;0.9854183793067932;0.9912499189376831;49.989505767822266;1437.04541015625;-1420.4012451171875;138.31593322753906;0.9879682064056396;-2.181999921798706;-2.184000015258789;-2.186000108718872;-6.552000045776367;253.1999969482422;250.3000030517578;250.39999389648438;436.0;433.6000061035156;436.1000061035156;-1630.5999755859375;-541.9000244140625;-542.5999755859375;-544.0999755859375;-44.099998474121094;-68.0999984741211;14.0;9.899999618530273;1632.5999755859375;545.5999755859375;542.7999877929688;544.2000122070312;1.0;-0.9929999709129333;1.0;1.0;50.0;MPPT;49.99703598022461;2.4084393978118896;2.4011166095733643;2.4116263389587402;252.20162963867188;249.67147827148438;249.54539489746094;434.3655700683594;431.71759033203125;435.4178466796875;1808.6517333984375;-8.021865844726562;1807.5115966796875;99.99906158447266;242805.265625;1874.2489013671875;2016-07-12 08:30:00;1887.1600267788124;591.7759656083982;3.188977140764148;190.4768362807855;63;-1658.9399899624505;-1849.416826243236
2026-04-24 15:34:28;1.9740761518478394;2.021960735321045;2.0673303604125977;234.19776916503906;234.484130859375;235.2740020751953;405.67108154296875;406.8472900390625;406.4366149902344;462.49609375;475.2934265136719;487.206787109375;-458.1163635253906;-467.8832702636719;-483.1156311035156;0.0;64.27648162841797;54.089874267578125;0.9901214241981506;0.9868475794792175;0.9924695491790771;49.98051452636719;1424.5673828125;-1410.1318359375;125.67948913574219;0.9880863428115845;-2.1679999828338623;-2.1649999618530273;-2.1700000762939453;-6.502999782562256;253.3000030517578;250.8000030517578;250.5;436.5;434.1000061035156;436.29998779296875;-1616.800048828125;-537.2999877929688;-538.5999755859375;-540.0999755859375;-52.400001525878906;-70.4000015258789;10.5;7.400000095367432;1620.300048828125;541.4000244140625;538.7000122070312;540.0999755859375;1.0;-0.9919999837875366;1.0;1.0;49.900001525878906;MPPT;49.9909553527832;2.4348626136779785;2.4278929233551025;2.4381725788116455;252.50970458984375;250.06243896484375;249.89013671875;434.9977111816406;432.4056091308594;435.90509033203125;1831.135498046875;-4.63465690612793;1831.141357421875;99.99967956542969;242805.265625;1899.15771484375;2016-07-12 08:45:00;1913.1241224679916;591.951998451563;3.231890638890266;228.57220353694262;76;-1646.289436481689;-1874.8616400186318
2026-04-24 15:34:59;2.039022445678711;2.0901708602905273;2.131363868713379;234.01861572265625;234.25418090820312;235.4254913330078;405.6790771484375;406.939697265625;406.5907897949219;474.95703125;489.0822448730469;501.242431640625;-471.5910339355469;-482.35931396484375;-497.45819091796875;9.881915092468262;74.34830474853516;64.44667053222656;0.9912933707237244;0.984060525894165;0.9899805784225464;49.97526931762695;1464.763916015625;-1448.4461669921875;156.07601928710938;0.9871101975440979;-2.2200000286102295;-2.2279999256134033;-2.2330000400543213;-6.681000232696533;253.6999969482422;251.1999969482422;250.89999389648438;437.20001220703125;434.79998779296875;436.8999938964844;-1662.300048828125;-552.5;-555.2999877929688;-556.7999877929688;-27.5;-62.29999923706055;18.899999618530273;15.800000190734863;1669.699951171875;556.9000244140625;555.7000122070312;557.0;1.0;-0.9929999709129333;1.0;1.0;49.900001525878906;MPPT;49.9848747253418;2.465397834777832;2.4579975605010986;2.4687654972076416;252.8105926513672;250.38661193847656;250.2230682373047;435.58758544921875;432.9664306640625;436.3216552734375;1855.4852294921875;-21.17605972290039;1855.6060791015625;99.99348449707031;242805.265625;1925.89404296875;2016-07-12 09:00:00;1939.0882181571703;592.1280312947276;3.2747786216390127;209.52451990886405;69;-1690.781933885163;-1900.306453794027
2026-04-24 15:35:28;4.167794227600098;4.244712829589844;4.3133955001831055;234.23765563964844;234.65438842773438;235.5548095703125;405.9527893066406;407.1951599121094;406.8431701660156;974.0567626953125;995.5387573242188;1016.9200439453125;-974.7950439453125;-988.97607421875;-1014.5633544921875;50.686100006103516;111.1834716796875;92.97039031982422;0.9994597434997559;0.9936198592185974;0.9967697858810425;49.97976303100586;2988.50732421875;-2977.9658203125;258.6571044921875;0.9967374801635742;-4.36899995803833;-4.39300012588501;-4.39900016784668;-13.16100025177002;255.60000610351562;252.89999389648438;252.6999969482422;440.29998779296875;437.79998779296875;440.20001220703125;-3323.89990234375;-1110.0;-1108.4000244140625;-1109.5;-46.099998474121094;-70.0;14.699999809265137;9.199999809265137;3330.300048828125;1112.199951171875;1108.5;1109.0999755859375;1.0;-0.9980000257492065;1.0;1.0;50.0;MPPT;49.99217224121094;4.713930606842041;4.706014633178711;4.717644214630127;254.6775360107422;251.97402954101562;252.14158630371094;438.6125793457031;435.9919738769531;439.67071533203125;3575.8935546875;-11.932462692260742;3575.913330078125;99.99945068359375;242805.265625;3683.6259765625;2016-07-12 09:15:00;3704.3161636178775;604.0960234710458;6.131998920193893;285.7152544211783;95;-3344.514585924341;-3630.2298403455197
2026-04-24 15:35:58;6.397863864898682;6.4906721115112305;6.585180282592773;234.76100158691406;235.41539001464844;236.2915802001953;407.2679748535156;408.51318359375;407.9427185058594;1502.8883056640625;1527.0826416015625;1557.2379150390625;-1502.549072265625;-1519.99853515625;-1555.209716796875;90.16796112060547;148.1005401611328;125.56787872314453;1.0;0.9951029419898987;0.9986172914505005;49.98725891113281;4585.7841796875;-4576.9951171875;354.924072265625;0.998219907283783;-6.618000030517578;-6.65500020980835;-6.668000221252441;-19.950000762939453;257.0;254.3000030517578;254.10000610351562;442.79998779296875;440.20001220703125;442.6000061035156;-5075.0;-1695.0;-1689.699951171875;-1690.300048828125;-67.69999694824219;-74.9000015258789;12.600000381469727;0.0;5083.60009765625;1699.0;1692.0;1692.4000244140625;1.0;-0.9990000128746033;1.0;1.0;49.900001525878906;MPPT;49.99582290649414;6.930826663970947;6.922337055206299;6.934535026550293;256.2116394042969;253.59751892089844;253.5991668701172;441.34320068359375;438.6846923828125;442.2418212890625;5289.8466796875;-13.30606460571289;5289.86328125;99.99968719482422;242805.265625;5438.00439453125;2016-07-12 09:30:00;5469.544109078585;616.0640156473638;8.8782074105256;266.66757079309974;88;-5093.485656103913;-5360.153226897013
2026-04-24 15:36:30;8.667728424072266;8.743412017822266;8.880227088928223;234.63259887695312;235.03004455566406;236.2591552734375;407.00726318359375;408.26678466796875;408.02825927734375;2040.2935791015625;2054.603271484375;2098.34423828125;-2041.86572265625;-2047.5467529296875;-2096.55029296875;110.5073013305664;176.57318115234375;143.72535705566406;1.0;0.9968612790107727;0.9999171495437622;49.96253967285156;6194.44580078125;-6186.619140625;450.95318603515625;0.9987643957138062;-8.857999801635742;-8.907999992370605;-8.909000396728516;-26.674999237060547;258.29998779296875;255.5;255.39999389648438;444.8999938964844;442.3999938964844;444.79998779296875;-6832.10009765625;-2283.39990234375;-2273.199951171875;-2274.10009765625;-56.29999923706055;-73.0999984741211;16.700000762939453;0.0;6832.0;2284.5;2273.300048828125;2274.10009765625;1.0;-0.9990000128746033;1.0;1.0;49.900001525878906;MPPT;49.970760345458984;9.111441612243652;9.103180885314941;9.114628791809082;257.6766052246094;255.10092163085938;255.18214416503906;443.8443298339844;441.31268310546875;444.99676513671875;6995.81884765625;-2.7070302963256836;6995.8193359375;99.99999237060547;242805.265625;7193.7265625;2016-07-12 09:45:00;7234.772054539293;628.032007823682;11.519750529292184;238.09265487685795;79;-6851.98395857165;-7090.0766134485075
2026-04-24 15:37:04;11.037467956542969;11.041121482849121;11.214749336242676;234.7920379638672;234.88760375976562;236.2054443359375;406.8988037109375;408.2643127441406;408.0099182128906;2596.400146484375;2595.14794921875;2651.808349609375;-2598.80322265625;-2590.115966796875;-2651.57763671875;147.5740203857422;227.1448211669922;185.0555877685547;1.0;0.9966585040092468;0.9997735023498535;49.9835090637207;7849.06787109375;-7839.6650390625;558.208740234375;0.9987931847572327;-11.119999885559082;-11.182000160217285;-11.182999610900879;-33.48500061035156;260.0;257.20001220703125;257.1000061035156;447.8999938964844;445.29998779296875;447.79998779296875;-8634.2001953125;-2887.89990234375;-2873.199951171875;-2872.60009765625;-33.5;-66.80000305175781;26.0;7.199999809265137;8633.7001953125;2887.699951171875;2873.300048828125;2872.60009765625;1.0;1.0;1.0;1.0;50.0;MPPT;49.99552536010742;11.23145580291748;11.222574234008789;11.234119415283203;259.82025146484375;257.0675964355469;257.24078369140625;447.43743896484375;444.8440856933594;448.5546569824219;8692.818359375;-45.931156158447266;8692.939453125;99.99860382080078;242805.265625;8947.7138671875;2016-07-12 10:00:00;9000.0;640.0;14.0625;152.38146902462842;50;-8667.618530975371;-8820.0
2026-04-24 15:37:35;10.707411766052246;10.715497016906738;10.888574600219727;234.62135314941406;234.8348388671875;236.02992248535156;406.6408386230469;407.80841064453125;407.66839599609375;2518.569580078125;2515.72216796875;2571.46728515625;-2518.264892578125;-2509.163818359375;-2569.34912109375;128.29722595214844;209.348388671875;173.6896514892578;1.0;0.9966773390769958;0.9996281266212463;49.98051452636719;7604.048828125;-7596.212890625;540.5474853515625;0.9989634156227112;-10.777000427246094;-10.836999893188477;-10.843999862670898;-32.45800018310547;259.79998779296875;256.8999938964844;256.79998779296875;447.3999938964844;444.79998779296875;447.29998779296875;-8361.099609375;-2796.300048828125;-2782.699951171875;-2783.39990234375;-32.5;-66.0999984741211;26.200000762939453;7.199999809265137;8363.900390625;2797.5;2782.800048828125;2783.39990234375;1.0;1.0;1.0;1.0;49.900001525878906;MPPT;49.988521575927734;10.932109832763672;10.923635482788086;10.935786247253418;259.3839416503906;256.6445617675781;256.7528076171875;446.6675720214844;444.0372619628906;447.8011779785156;8446.666015625;-21.838623046875;8446.6943359375;99.99966430664062;242805.265625;8693.8955078125;2016-07-12 10:15:00;8751.3577225321;638.3142410366379;13.710108845949735;180.94960399262234;60;-8395.380964088838;-8576.33056808146
2026-04-24 15:38:08;10.44340705871582;10.448685646057129;10.619940757751465;234.2948760986328;234.7029266357422;235.81959533691406;406.11181640625;407.635498046875;407.2281188964844;2453.262451171875;2454.1962890625;2505.468505859375;-2453.0283203125;-2444.93701171875;-2505.087890625;136.01368713378906;213.1307830810547;167.96524047851562;1.0;0.9966989159584045;1.0;49.977516174316406;7413.6083984375;-7404.88916015625;505.6702880859375;0.9990657567977905;-10.53499984741211;-10.59000015258789;-10.595999717712402;-31.72100067138672;259.29998779296875;256.5;256.3999938964844;446.6000061035156;444.1000061035156;446.6000061035156;-8158.5;-2728.10009765625;-2714.89990234375;-2715.300048828125;-54.0;-73.0;18.899999618530273;0.0;8159.5;2725.300048828125;2710.699951171875;2711.0;1.0;1.0;1.0;1.0;49.900001525878906;MPPT;49.98973846435547;10.643570899963379;10.635025978088379;10.646806716918945;259.1580810546875;256.4105224609375;256.5241394042969;446.3638000488281;443.4950256347656;447.45294189453125;8216.16015625;-21.77389144897461;8216.1884765625;99.9996566772461;242805.265625;8455.501953125;2016-07-12 10:30:00;8502.7154450642;636.6284820732757;13.355851465165111;152.38146902462842;50;-8180.279667138287;-8332.661136162915
2026-04-24 15:38:40;10.050041198730469;10.06810188293457;10.23639965057373;234.8644256591797;235.35601806640625;236.45684814453125;406.7524108886719;408.1732177734375;407.79205322265625;2368.93994140625;2368.50830078125;2419.90380859375;-2369.023681640625;-2361.5859375;-2420.497314453125;118.97815704345703;196.7883758544922;157.1851806640625;1.0;0.9964917898178101;0.9992167353630066;49.97377395629883;7155.3359375;-7148.291015625;495.77911376953125;0.9987971782684326;-10.154999732971191;-10.213000297546387;-10.220999717712402;-30.59600067138672;259.29998779296875;256.6000061035156;256.5;446.70001220703125;444.29998779296875;446.6000061035156;-7870.10009765625;-2631.10009765625;-2619.199951171875;-2619.699951171875;-40.900001525878906;-68.80000305175781;23.299999237060547;4.599999904632568;7869.7998046875;2631.699951171875;2618.699951171875;2619.39990234375;1.0;1.0;1.0;1.0;50.0;MPPT;49.9848747253418;10.334789276123047;10.32606029510498;10.33804702758789;258.83978271484375;256.2275695800781;256.3597717285156;445.8540954589844;443.3131103515625;446.9917297363281;7971.0380859375;-35.89951705932617;7971.11865234375;99.99899291992188;242805.265625;8205.5068359375;2016-07-12 10:45:00;8254.0731675963;634.9427231099136;12.99971299327334;190.4768362807855;63;-7898.514867963589;-8088.991704244374
2026-04-24 15:39:09;9.7698392868042;9.773553848266602;9.938175201416016;234.79196166992188;235.23072814941406;236.23545837402344;407.0620422363281;408.12774658203125;407.875244140625;2296.377685546875;2296.8291015625;2346.3603515625;-2295.616943359375;-2287.838623046875;-2344.82275390625;125.13867950439453;204.6279754638672;165.35623168945312;1.0;0.9960642457008362;0.9992068409919739;49.98051452636719;6940.21484375;-6927.29638671875;479.42626953125;0.9986942410469055;-9.85099983215332;-9.904000282287598;-9.90999984741211;-29.665000915527344;259.0;256.29998779296875;256.1000061035156;446.20001220703125;443.70001220703125;446.0;-7627.5;-2549.89990234375;-2536.5;-2536.39990234375;-54.400001525878906;-73.0999984741211;18.700000762939453;0.0;7621.7001953125;2548.60009765625;2536.60009765625;2536.39990234375;1.0;1.0;1.0;1.0;49.900001525878906;MPPT;49.98973846435547;10.037520408630371;10.029118537902832;10.040848731994629;258.76898193359375;256.1439208984375;256.1312255859375;445.8110046386719;442.96490478515625;446.71929931640625;7737.73193359375;-18.894535064697266;7737.7548828125;99.99970245361328;242805.265625;7963.21923828125;2016-07-12 11:00:00;8005.430890128401;633.2569641465515;12.641678407623077;190.4768362807855;63;-7654.845436045048;-7845.322272325833
2026-04-24 15:39:41;9.581170082092285;9.582090377807617;9.749581336975098;235.3150177001953;235.7622833251953;236.6179962158203;407.8773193359375;408.9278259277344;408.45513916015625;2257.9521484375;2259.26708984375;2307.15576171875;-2260.506591796875;-2253.5673828125;-2307.9609375;107.49811553955078;188.3120574951172;150.77896118164062;1.0;0.9963924288749695;0.9999345541000366;49.96928024291992;6829.2431640625;-6821.7236328125;448.49853515625;0.9989245533943176;-9.71399974822998;-9.763999938964844;-9.770999908447266;-29.249000549316406;259.1000061035156;256.20001220703125;256.0;446.20001220703125;443.5;446.0;-7498.7998046875;-2507.5;-2500.10009765625;-2499.60009765625;-75.80000305175781;-80.19999694824219;11.300000190734863;-6.800000190734863;7512.89990234375;2513.10009765625;2500.10009765625;2499.60009765625;1.0;1.0;1.0;1.0;49.900001525878906;MPPT;49.97514724731445;9.885449409484863;9.876800537109375;9.889016151428223;258.46124267578125;255.41897583007812;255.9180450439453;444.9941711425781;442.13726806640625;446.20330810546875;7608.38720703125;-18.251922607421875;7608.4091796875;99.99971008300781;242805.265625;7829.03564453125;2016-07-12 11:15:00;7871.823981061168;632.3511284744329;12.448501515371992;180.94960399262234;60;-7533.437897447322;-7714.387501439945
2026-04-24 15:40:15;9.4006929397583;9.401244163513184;9.568431854248047;234.57411193847656;235.03079223632812;236.06944274902344;406.8697204589844;407.85626220703125;407.7271728515625;2209.3056640625;2209.39208984375;2259.403564453125;-2208.67822265625;-2201.637451171875;-2256.765625;112.8804931640625;195.1370849609375;156.77760314941406;1.0;0.9965608716011047;0.9993715882301331;49.97077560424805;6676.1728515625;-6665.24853515625;474.2542724609375;0.9985774755477905;-9.494999885559082;-9.545000076293945;-9.550999641418457;-28.590999603271484;258.5;255.89999389648438;255.60000610351562;445.3999938964844;442.8999938964844;445.20001220703125;-7337.89990234375;-2452.300048828125;-2440.199951171875;-2439.800048828125;-36.599998474121094;-68.0999984741211;24.0;7.300000190734863;7331.60009765625;2451.300048828125;2440.39990234375;2439.800048828125;1.0;1.0;1.0;1.0;49.900001525878906;MPPT;49.98122787475586;9.727189064025879;9.71843147277832;9.730053901672363;258.11053466796875;255.50015258789062;255.54893493652344;444.708984375;441.99261474609375;445.5308837890625;7480.15869140625;-24.428234100341797;7480.19873046875;99.99946594238281;242805.265625;7696.2197265625;2016-07-12 11:30:00;7738.217071993938;631.4452928023145;12.254770381852428;219.0449712487794;73;-7364.407759305279;-7583.452730554059
2026-04-24 15:40:48;8.731220245361328;8.735062599182129;8.881830215454102;235.33001708984375;235.88723754882812;236.70135498046875;407.7187805175781;408.820068359375;408.3232116699219;2057.08740234375;2059.67138671875;2104.676025390625;-2055.2490234375;-2050.020751953125;-2105.23681640625;107.9989242553711;185.39486694335938;146.5686492919922;1.0;0.9963716268539429;1.0;49.98201370239258;6222.0859375;-6218.59765625;427.7650451660156;0.998898983001709;-8.862000465393066;-8.909000396728516;-8.911999702453613;-26.683000564575195;258.5;255.89999389648438;255.60000610351562;445.3999938964844;442.8999938964844;445.20001220703125;-6834.60009765625;-2283.89990234375;-2277.60009765625;-2276.699951171875;-55.599998474121094;-74.0;18.299999237060547;0.0;6841.7001953125;2287.199951171875;2277.699951171875;2276.699951171875;1.0;-0.9990000128746033;1.0;1.0;49.900001525878906;MPPT;49.994590759277344;9.552937507629395;9.543929100036621;9.55566120147705;258.15545654296875;255.6809539794922;255.62942504882812;444.9118347167969;442.17767333984375;445.6756896972656;7349.01953125;-18.227275848388672;7349.0419921875;99.99969482421875;242805.265625;7564.4375;2016-07-12 11:45:00;7604.610162926704;630.5394571301961;12.060482618388267;590.4781924704351;196;-6862.039767197735;-7452.51795966817
2026-04-24 15:41:21;7.743898868560791;7.753969669342041;7.903055667877197;234.72265625;235.3794708251953;236.4394989013672;407.4855651855469;408.9664306640625;408.6161193847656;1822.714111328125;1825.6854248046875;1866.9296875;-1822.0595703125;-1818.3780517578125;-1866.9451904296875;83.97805786132812;162.8139190673828;127.78765106201172;1.0;0.9961407780647278;0.999170184135437;49.96928024291992;5514.32958984375;-5505.90625;376.74395751953125;0.9982302188873291;-7.874000072479248;-7.9120001792907715;-7.921999931335449;-23.716999053955078;257.6000061035156;255.10000610351562;254.8000030517578;444.0;441.5;443.70001220703125;-6058.5;-2024.0999755859375;-2017.0999755859375;-2017.199951171875;-61.29999923706055;-70.0;20.0;6.0;6057.5;2024.199951171875;2016.4000244140625;2016.800048828125;1.0;-0.9990000128746033;1.0;1.0;49.900001525878906;MPPT;49.98244094848633;9.425202369689941;9.416932106018066;9.428277969360352;256.9888000488281;254.609130859375;254.56683349609375;442.9538879394531;440.3384094238281;443.6168518066406;7217.939453125;-29.999963760375977;7218.00146484375;99.99913787841797;242805.265625;7427.82666015625;2016-07-12 12:00:00;7471.003253859472;629.6336214580776;11.865635822557337;1238.092654876858;412;-6083.490533905424;-7321.583188782282
2026-04-24 15:41:52;8.270259857177734;8.280232429504395;8.428311347961426;234.86643981933594;235.23593139648438;236.2557830810547;406.8937072753906;407.9515075683594;407.8559875488281;1945.9931640625;1948.7069091796875;1992.9354248046875;-1947.6800537109375;-1942.3084716796875;-1991.9036865234375;87.38624572753906;167.28465270996094;130.75762939453125;1.0;0.9962691068649292;1.0;49.954307556152344;5885.96435546875;-5878.1611328125;391.72515869140625;0.9988157749176025;-8.392000198364258;-8.437000274658203;-8.435999870300293;-25.25;258.29998779296875;255.60000610351562;255.39999389648438;445.0;442.5;444.79998779296875;-6460.60009765625;-2162.60009765625;-2154.5;-2154.5;-61.5;-77.0;15.399999618530273;0.0;6473.10009765625;2163.89990234375;2154.60009765625;2154.5;1.0;-0.9990000128746033;1.0;1.0;49.900001525878906;MPPT;49.968379974365234;9.152127265930176;9.143516540527344;9.155491828918457;257.79022216796875;255.264892578125;255.20965576171875;444.3160400390625;441.4298095703125;444.9297790527344;7029.544921875;-38.27310562133789;7029.6494140625;99.9985122680664;242805.265625;7233.67822265625;2016-07-12 12:15:00;7275.28085198028;628.3066516576936;11.579188017165718;638.0940110665076;212;-6491.681223874167;-7129.775234940675
2026-04-24 15:42:24;8.704438209533691;8.713404655456543;8.868577003479004;235.1093292236328;235.46157836914062;236.48316955566406;407.52703857421875;408.7064208984375;408.5660095214844;2050.327392578125;2049.576416015625;2094.017578125;-2048.831787109375;-2043.5931396484375;-2096.400146484375;95.34098052978516;180.00526428222656;143.6456756591797;1.0;0.9963918924331665;0.9997519850730896;49.98426055908203;6201.728515625;-6194.0947265625;431.2911376953125;0.9986795783042908;-8.817000389099121;-8.866999626159668;-8.868000030517578;-26.552000045776367;258.79998779296875;255.89999389648438;255.8000030517578;445.70001220703125;443.1000061035156;445.6000061035156;-6813.2001953125;-2277.800048828125;-2266.800048828125;-2267.89990234375;-52.70000076293945;-73.4000015258789;20.600000381469727;0.0;6813.60009765625;2278.699951171875;2266.89990234375;2267.89990234375;1.0;-0.9990000128746033;1.0;1.0;49.900001525878906;MPPT;49.99216842651367;8.893112182617188;8.8849458694458;8.896468162536621;258.1736755371094;255.4716796875;255.5602569580078;444.8428039550781;441.83612060546875;445.6030578613281;6844.7177734375;-17.881582260131836;6844.7412109375;99.9996566772461;242805.265625;7041.84521484375;2016-07-12 12:30:00;7079.558450101089;626.9796818573095;11.291527708089722;104.75886948030814;34;-6833.208411618759;-6937.967281099067
2026-04-24 15:42:55;8.356317520141602;8.371902465820312;8.520895957946777;234.3707733154297;234.56541442871094;235.94525146484375;406.3025817871094;407.6563415527344;407.384033203125;1965.43505859375;1964.49755859375;2011.743896484375;-1965.0906982421875;-1959.3466796875;-2009.828125;89.1995620727539;169.6312713623047;132.89186096191406;1.0;0.9964117407798767;0.9994993805885315;49.977516174316406;5942.044921875;-5932.69970703125;409.8607177734375;0.9980989098548889;-8.47599983215332;-8.524999618530273;-8.529999732971191;-25.5310001373291;257.5;254.89999389648438;254.8000030517578;443.70001220703125;441.3999938964844;443.6000061035156;-6527.89990234375;-2181.300048828125;-2170.300048828125;-2173.300048828125;-55.70000076293945;-74.0999984741211;18.399999618530273;0.0;6525.39990234375;2181.60009765625;2170.39990234375;2173.300048828125;1.0;-0.9990000128746033;1.0;1.0;49.900001525878906;MPPT;49.987308502197266;8.672316551208496;8.66354751586914;8.675971984863281;257.1765441894531;254.52735900878906;254.6428985595703;442.9892272949219;440.3160705566406;443.9417419433594;6652.0673828125;-17.33963966369629;6652.08984375;99.99966430664062;242805.265625;6843.2216796875;2016-07-12 12:45:00;6883.836048221898;625.6527120569255;11.002647180398647;199.9972876207009;66;-6546.162039636759;-6746.15932725746
2026-04-24 15:43:28;8.0393705368042;8.05496597290039;8.192398071289062;234.31349182128906;234.7998046875;236.17361450195312;406.6237487792969;408.0157470703125;407.6900939941406;1884.5086669921875;1885.447509765625;1932.748046875;-1885.833251953125;-1880.8359375;-1932.0458984375;96.16556549072266;176.43667602539062;139.9051055908203;1.0;0.9963982105255127;0.9987359642982483;50.00299835205078;5707.87158203125;-5696.1435546875;395.2237243652344;0.9986805319786072;-8.140000343322754;-8.187999725341797;-8.189000129699707;-24.517000198364258;258.0;255.0;255.1999969482422;446.3999938964844;439.6000061035156;444.3999938964844;-6266.0;-2094.39990234375;-2085.300048828125;-2088.10009765625;-55.0;-74.4000015258789;19.399999618530273;0.0;6270.7998046875;2097.10009765625;2085.39990234375;2088.10009765625;1.0;-0.9990000128746033;1.0;1.0;50.0;MPPT;50.011627197265625;8.431997299194336;8.423707008361816;8.435192108154297;257.3284912109375;254.69781494140625;254.75051879882812;443.357177734375;440.5186462402344;444.22747802734375;6464.0556640625;-16.110532760620117;6464.07568359375;99.99968719482422;242805.265625;6652.75830078125;2016-07-12 13:00:00;6688.1286718610445;624.3258441273997;10.712560972401885;266.66757079309974;88;-6287.698527630723;-6554.366098423823
2026-04-24 15:44:02;7.148050308227539;7.162702560424805;7.292691230773926;234.4394073486328;235.27178955078125;236.18182373046875;407.0806579589844;408.0699768066406;407.5034484863281;1679.6107177734375;1683.06298828125;1721.6917724609375;-1679.2406005859375;-1677.46142578125;-1720.458984375;74.5496826171875;156.11227416992188;123.097900390625;1.0;0.9959017038345337;0.9996113181114197;49.98276138305664;5082.5322265625;-5075.2587890625;358.8524475097656;0.9986099004745483;-7.275000095367432;-7.315000057220459;-7.317999839782715;-21.908000946044922;257.29998779296875;254.39999389648438;254.5;443.29998779296875;440.8999938964844;443.1000061035156;-5586.10009765625;-1866.300048828125;-1858.9000244140625;-1860.800048828125;-51.29999923706055;-73.19999694824219;18.399999618530273;3.299999952316284;5589.5;1867.800048828125;1860.9000244140625;1860.800048828125;1.0;-0.9990000128746033;1.0;1.0;50.0;MPPT;49.994606018066406;7.668122291564941;7.659886837005615;7.672188758850098;256.7853088378906;254.3870849609375;254.27053833007812;442.4826354980469;439.96563720703125;443.34185791015625;5868.349609375;-14.90504264831543;5868.36865234375;99.99967193603516;242805.265625;6039.1416015625;2016-07-12 13:15:00;6069.452954267331;620.1313115363654;9.787367354875789;342.8583053054139;114;-5605.20558987657;-5948.063895181984
2026-04-24 15:44:32;6.294589519500732;6.307582855224609;6.42963981628418;234.73057556152344;235.0207061767578;236.3324432373047;407.0315246582031;408.42181396484375;408.1142272949219;1481.143798828125;1483.22900390625;1520.3463134765625;-1480.6451416015625;-1477.508056640625;-1521.9136962890625;61.6125373840332;145.28607177734375;110.7458267211914;1.0;0.9955553412437439;0.9997691512107849;49.989505767822266;4488.12646484375;-4479.580078125;317.6664733886719;0.9981586337089539;-6.433000087738037;-6.4720001220703125;-6.465000152587891;-19.3700008392334;257.1000061035156;253.8000030517578;254.60000610351562;444.6000061035156;438.0;443.1000061035156;-4933.2001953125;-1648.9000244140625;-1639.9000244140625;-1644.300048828125;-58.70000076293945;-76.19999694824219;17.5;0.0;4934.60009765625;1650.199951171875;1639.9000244140625;1644.300048828125;1.0;-0.9990000128746033;1.0;1.0;50.0;MPPT;50.00068664550781;6.8920159339904785;6.884602069854736;6.8956780433654785;256.13275146484375;253.7409210205078;253.56666564941406;441.4364013671875;438.6513366699219;442.2386169433594;5260.5087890625;-13.855154037475586;5260.52685546875;99.9996566772461;242805.265625;5414.2509765625;2016-07-12 13:30:00;5450.777236673617;615.936778945331;8.84957259088666;390.47412390148645;130;-4951.287568038658;-5341.761691940144
2026-04-24 15:45:00;5.480421543121338;5.503867149353027;5.613895416259766;234.6200714111328;235.1317138671875;236.12742614746094;406.53009033203125;407.9209289550781;407.833984375;1286.055908203125;1292.37939453125;1326.44873046875;-1287.662109375;-1287.061279296875;-1322.3350830078125;52.133419036865234;128.64697265625;98.81842041015625;1.0;0.9957245588302612;0.9994123578071594;50.00600051879883;3903.9658203125;-3895.4189453125;283.26983642578125;0.997894823551178;-5.60699987411499;-5.638999938964844;-5.645999908447266;-16.892000198364258;256.6000061035156;254.0;253.8000030517578;442.1000061035156;439.70001220703125;442.0;-4301.2998046875;-1435.5;-1430.0999755859375;-1430.5999755859375;-49.400001525878906;-71.0;16.100000381469727;5.400000095367432;4295.7001953125;1434.800048828125;1430.199951171875;1430.5999755859375;1.0;-0.9990000128746033;1.0;1.0;50.0;MPPT;50.014060974121094;6.119283199310303;6.111008167266846;6.122950553894043;255.86927795410156;253.238037109375;253.2200469970703;440.78033447265625;437.98065185546875;441.6372375488281;4663.7421875;-11.181265830993652;4663.75537109375;99.99971771240234;242805.265625;4802.25732421875;2016-07-12 13:45:00;4832.101519079904;611.7422463542966;7.898917473620654;419.0490398177281;139;-4316.410448880578;-4735.459488698306
2026-04-24 15:45:32;4.715664863586426;4.7489013671875;4.850214958190918;234.51327514648438;235.0546417236328;235.94033813476562;406.61602783203125;407.9222717285156;407.40460205078125;1110.8353271484375;1118.031494140625;1146.0335693359375;-1110.8671875;-1111.01171875;-1144.1671142578125;44.405845642089844;119.37820434570312;92.84732818603516;1.0;0.993954062461853;0.998032808303833;50.03226089477539;3372.5859375;-3364.174560546875;252.48214721679688;0.9975165128707886;-4.870999813079834;-4.900000095367432;-4.90500020980835;-14.675999641418457;255.89999389648438;253.3000030517578;253.10000610351562;440.8999938964844;438.5;440.79998779296875;-3719.199951171875;-1240.699951171875;-1238.0;-1239.0999755859375;-45.400001525878906;-68.4000015258789;16.200000762939453;6.599999904632568;3719.0;1241.5999755859375;1238.0999755859375;1239.0999755859375;1.0;-0.9980000257492065;1.0;1.0;50.0;MPPT;50.03896713256836;5.343997478485107;5.336261749267578;5.347830772399902;255.1676025390625;252.60694885253906;252.5137481689453;439.60284423828125;436.80035400390625;440.4620056152344;4061.94482421875;-8.683629989624023;4061.9541015625;99.99977111816406;242805.265625;4184.85595703125;2016-07-12 14:00:00;4213.425801486191;607.5477137632623;6.935135637969002;390.47412390148645;130;-3738.68316155498;-4129.1572854564665
2026-04-24 15:46:02;4.49845552444458;4.522188663482666;4.615265846252441;233.99658203125;234.33682250976562;235.34523010253906;405.4028015136719;406.49609375;406.0791931152344;1053.190673828125;1060.4569091796875;1087.546142578125;-1052.445556640625;-1053.6988525390625;-1085.595947265625;37.92543411254883;113.52289581298828;86.93367004394531;1.0;0.9941269159317017;0.9982985258102417;50.01649856567383;3199.25732421875;-3190.910400390625;227.61358642578125;0.9977128505706787;-4.65500020980835;-4.681000232696533;-4.685999870300293;-14.022000312805176;254.5;252.10000610351562;251.89999389648438;438.70001220703125;436.3999938964844;438.5;-3527.89990234375;-1176.199951171875;-1177.4000244140625;-1178.0999755859375;-62.0;-72.9000015258789;10.800000190734863;0.0;3536.0;1180.300048828125;1177.4000244140625;1178.0999755859375;1.0;-0.9980000257492065;1.0;1.0;50.0;MPPT;50.02622604370117;5.066070079803467;5.058643341064453;5.069571495056152;253.5776824951172;251.40736389160156;251.31105041503906;437.1029968261719;434.7527770996094;438.0937805175781;3830.328125;-7.162629127502441;3830.3349609375;99.99982452392578;242805.265625;3946.611572265625;2016-07-12 14:15:00;3972.3413597426297;605.9131958416316;6.555957828620861;342.8583053054139;114;-3550.036227242363;-3892.894532547777
2026-04-24 15:46:28;4.231167316436768;4.257234573364258;4.348147869110107;234.49237060546875;234.8317108154297;235.9257354736328;406.4673156738281;407.7796936035156;407.5638122558594;992.4453125;999.5682373046875;1022.5517578125;-989.8970336914062;-991.56201171875;-1021.5368041992188;33.27992248535156;108.82341766357422;83.73654174804688;1.0;0.9943706393241882;0.9986580014228821;50.018001556396484;3016.249267578125;-3008.697509765625;227.3980712890625;0.9975716471672058;-4.376999855041504;-4.396999835968018;-4.4039998054504395;-13.173999786376953;255.6999969482422;253.0;252.6999969482422;440.5;437.8999938964844;440.20001220703125;-3332.5;-1111.699951171875;-1109.800048828125;-1110.9000244140625;-46.20000076293945;-69.4000015258789;16.0;7.099999904632568;3334.60009765625;1113.9000244140625;1109.9000244140625;1110.699951171875;1.0;-0.9980000257492065;1.0;1.0;50.0;MPPT;50.02866744995117;4.739255905151367;4.731820583343506;4.743045806884766;254.89303588867188;252.21875;252.1449737548828;439.1022644042969;436.0556945800781;439.92205810546875;3597.8369140625;-10.170985221862793;3597.851318359375;99.99960327148438;242805.265625;3710.758544921875;2016-07-12 14:30:00;3731.2719435174067;604.2787797908592;6.174752561737812;304.76293804925683;101;-3351.8835665978017;-3656.6465046470585
2026-04-24 15:46:59;3.540367841720581;3.5665457248687744;3.642416477203369;234.89053344726562;235.02574157714844;236.10052490234375;406.98687744140625;407.8452453613281;407.6797180175781;829.5195922851562;835.984130859375;860.0553588867188;-830.6738891601562;-832.00927734375;-858.18505859375;16.103172302246094;90.61970520019531;68.88737487792969;0.9996840357780457;0.9929555654525757;0.9979832768440247;50.010498046875;2529.16162109375;-2523.06591796875;183.24649047851562;0.996616005897522;-3.694000005722046;-3.7070000171661377;-3.7160000801086426;-11.116999626159668;255.1999969482422;252.60000610351562;252.3000030517578;439.70001220703125;437.20001220703125;439.5;-2805.0;-935.0;-934.0999755859375;-935.0;-58.29999923706055;-73.4000015258789;11.199999809265137;3.700000047683716;2806.5;937.4000244140625;934.0999755859375;935.0;1.0;-0.996999979019165;1.0;1.0;50.0;MPPT;50.01527786254883;4.446541786193848;4.438867092132568;4.450067520141602;254.17543029785156;251.6336669921875;251.46701049804688;437.9479064941406;435.0309753417969;438.6690979003906;3366.11083984375;10.023905754089355;3366.125732421875;-99.99955749511719;242805.265625;3469.13671875;2016-07-12 14:45:00;3490.202527292184;602.6443637400866;5.791479581143925;599.9986438103505;199;-2820.3998329359897;-3420.3984767463403
2026-04-24 15:47:29;3.4696784019470215;3.5004279613494873;3.578707456588745;234.2820281982422;234.47894287109375;235.81028747558594;406.02508544921875;407.310302734375;406.8783264160156;811.5877685546875;819.2013549804688;842.4708251953125;-813.01025390625;-814.6790161132812;-840.5509033203125;15.148337364196777;92.82286071777344;73.48014831542969;0.9993453621864319;0.9925560355186462;0.9971575736999512;50.01350021362305;2474.480712890625;-2466.67578125;191.04129028320312;0.996340274810791;-3.621999979019165;-3.640000104904175;-3.6429998874664307;-10.904999732971191;255.0;252.1999969482422;252.10000610351562;439.20001220703125;436.70001220703125;439.1000061035156;-2741.199951171875;-913.7999877929688;-914.7999877929688;-916.0999755859375;-46.70000076293945;-70.0999984741211;15.5;7.699999809265137;2749.60009765625;918.5;914.9000244140625;916.2000122070312;1.0;-0.996999979019165;1.0;1.0;50.0;MPPT;50.021358489990234;4.144759654998779;4.137049198150635;4.148642063140869;253.91993713378906;251.40623474121094;251.23779296875;437.501220703125;434.63983154296875;438.2690734863281;3134.80419921875;-7.869202613830566;3134.81396484375;99.99968719482422;242805.265625;3230.464599609375;2016-07-12 15:00:00;3249.1331110669616;601.0099476893142;5.406122017711705;419.0490398177281;139;-2765.1014090278945;-3184.1504488456226
2026-04-24 15:47:59;3.2903127670288086;3.3175649642944336;3.391791343688965;234.34616088867188;234.77928161621094;235.75405883789062;406.2243957519531;407.401123046875;406.8956604003906;772.1233520507812;779.3370361328125;800.4154052734375;-770.8267822265625;-772.5836181640625;-797.3937377929688;24.0580997467041;98.5247802734375;78.2569808959961;0.9984117746353149;0.9904230237007141;0.9951716661453247;50.01350021362305;2346.86767578125;-2337.02783203125;202.1702880859375;0.9952508211135864;-3.440000057220459;-3.4579999446868896;-3.4590001106262207;-10.357000350952148;254.6999969482422;252.1999969482422;251.89999389648438;438.79998779296875;436.29998779296875;438.5;-2606.800048828125;-868.5999755859375;-868.7000122070312;-869.4000244140625;-25.799999237060547;-62.20000076293945;21.5;14.800000190734863;2609.5;871.5999755859375;869.7999877929688;870.5999755859375;1.0;-0.996999979019165;1.0;1.0;50.0;MPPT;50.02865982055664;3.6288726329803467;3.6213901042938232;3.6329522132873535;253.69699096679688;251.2937774658203;251.06024169921875;437.1892395019531;434.4120788574219;437.92376708984375;2742.57421875;-27.2520751953125;2742.709716796875;99.99505615234375;242805.265625;2830.333984375;2016-07-12 15:15:00;2847.320699654914;598.2857171963102;4.759131996327848;161.9019203645438;53;-2628.4723652972716;-2790.3742856618155
2026-04-24 15:48:31;2.8132362365722656;2.8388848304748535;2.903144598007202;234.01280212402344;234.48741149902344;235.56471252441406;405.89666748046875;407.2047119140625;406.91375732421875;657.6754760742188;665.6820678710938;684.1428833007812;-656.4110717773438;-659.7622680664062;-682.0502319335938;12.857964515686035;85.78431701660156;67.87385559082031;0.9968029260635376;0.9904126524925232;0.9955956935882568;50.01199722290039;2009.16162109375;-1995.2373046875;159.77899169921875;0.9942712187767029;-2.9730000495910645;-2.9809999465942383;-2.9809999465942383;-8.916000366210938;253.8000030517578;251.3000030517578;250.89999389648438;437.3999938964844;434.8999938964844;437.0;-2239.60009765625;-745.7999877929688;-746.4000244140625;-747.2999877929688;-45.0;-68.80000305175781;14.399999618530273;9.300000190734863;2235.699951171875;746.5;744.0;745.0999755859375;1.0;-0.9950000047683716;1.0;1.0;50.0;MPPT;50.018924713134766;3.1090281009674072;3.1016218662261963;3.112368106842041;253.10394287109375;250.6532745361328;250.36236572265625;436.1815185546875;433.22418212890625;436.77545166015625;2343.4794921875;11.252169609069824;2343.50634765625;-99.99885559082031;242805.265625;2422.933837890625;2016-07-12 15:30:00;2445.523313761205;595.5615885741645;4.106247549671628;133.33378539654987;44;-2263.2790620894307;-2396.6128474859806
2026-04-24 15:49:02;2.177210807800293;2.19960880279541;2.2528553009033203;233.8128662109375;234.30238342285156;235.0889129638672;405.0669250488281;406.4130859375;405.9409484863281;509.0796813964844;516.3046875;531.2139892578125;-504.5162048339844;-504.7176818847656;-522.6934204101562;0.0;72.72960662841797;60.16367721557617;0.9925493597984314;0.9846304059028625;0.9916233420372009;49.9947509765625;1554.12451171875;-1537.83642578125;142.92945861816406;0.9900146722793579;-2.3259999752044678;-2.3340001106262207;-2.3389999866485596;-6.999000072479248;254.0;251.3000030517578;251.0;437.6000061035156;435.0;437.29998779296875;-1746.800048828125;-581.0999755859375;-582.2000122070312;-583.4000244140625;-26.0;-62.099998474121094;19.600000381469727;16.399999618530273;1750.4000244140625;584.2000122070312;582.5;583.5999755859375;1.0;-0.9940000176429749;0.9990000128746033;1.0;50.0;MPPT;50.00676345825195;2.60225510597229;2.594355583190918;2.605628252029419;253.03196716308594;250.44187927246094;250.20358276367188;435.90814208984375;432.9231872558594;436.5846862792969;1960.061767578125;-12.781943321228027;1960.1033935546875;99.99787902832031;242805.265625;2033.170654296875;2016-07-12 15:45:00;2043.7259278674949;592.8374599520188;3.447363005760303;228.57220353694262;76;-1774.2792057732022;-2002.8514093101448
2026-04-24 15:49:31;1.7342764139175415;1.7624791860580444;1.8089240789413452;234.95985412597656;235.41583251953125;236.51451110839844;407.7094421386719;408.9669494628906;408.3922119140625;410.3114929199219;414.901611328125;427.6219177246094;-402.9363708496094;-406.7794189453125;-423.3098449707031;-1.134896993637085;64.6889419555664;52.58004379272461;0.9840502738952637;0.9814630746841431;0.989529550075531;50.0;1254.33251953125;-1235.82177734375;94.91412353515625;0.9853862524032593;-1.906999945640564;-1.8969999551773071;-1.9040000438690186;-5.708000183105469;254.1999969482422;251.6999969482422;251.3000030517578;438.1000061035156;435.6000061035156;437.70001220703125;-1420.5999755859375;-471.79998779296875;-473.0;-474.3999938964844;-61.20000076293945;-74.0;7.5;5.199999809265137;1424.5;476.8999938964844;473.0;474.3999938964844;-0.9990000128746033;-0.9879999756813049;1.0;1.0;50.0;MPPT;50.001285552978516;2.0800468921661377;2.0727264881134033;2.083106756210327;253.13916015625;250.61166381835938;250.24777221679688;436.1993713378906;433.0780029296875;436.693359375;1567.12548828125;18.212726593017578;1567.2313232421875;-99.99324798583984;242805.265625;1631.915771484375;2016-07-12 16:00:00;1641.9285419737855;590.1133313298731;2.7823952701992902;161.9019203645438;53;-1447.188050769766;-1609.0899711343097
2026-04-24 15:50:00;1.1625055074691772;1.1733859777450562;1.20750093460083;234.2806854248047;234.65679931640625;235.62295532226562;405.82891845703125;407.0697937011719;406.8712158203125;272.8890380859375;275.7050476074219;285.2076416015625;-261.35675048828125;-265.5835266113281;-278.00836181640625;-12.049072265625;58.984779357910156;50.925907135009766;0.9574474692344666;0.962053656578064;0.9738568663597107;49.9947509765625;832.3035278320312;-803.5231323242188;93.25039672851562;0.9651996493339539;-1.3250000476837158;-1.3020000457763672;-1.3040000200271606;-3.930999994277954;252.6999969482422;250.0;249.8000030517578;435.29998779296875;432.79998779296875;435.1000061035156;-953.0;-315.20001220703125;-319.20001220703125;-320.79998779296875;-33.70000076293945;-64.30000305175781;15.800000190734863;14.600000381469727;964.0;323.20001220703125;319.6000061035156;321.20001220703125;1.0;-0.9810000061988831;0.9980000257492065;0.9980000257492065;50.0;MPPT;50.00798416137695;1.8530521392822266;1.8456684350967407;1.8563719987869263;251.69500732421875;249.05877685546875;248.870849609375;433.5289001464844;430.6171875;434.2497253417969;1387.86376953125;-22.484804153442383;1388.0458984375;99.98687744140625;242805.265625;1450.233642578125;2016-07-12 16:15:00;1458.9327541274265;588.8726461464801;2.477501313186352;438.0967234458067;146;-991.6573755990712;-1429.7540990448779
2026-04-24 15:50:31;1.2180087566375732;1.2239993810653687;1.2597923278808594;234.3212127685547;234.56016540527344;235.52606201171875;406.0117492675781;407.0599365234375;406.8377380371094;285.5989685058594;287.752197265625;297.010498046875;-274.2979431152344;-278.520263671875;-290.7820129394531;-21.874549865722656;48.68112564086914;40.05405807495117;0.9619573950767517;0.9702580571174622;0.9764673113822937;49.98575973510742;868.4138793945312;-842.4547119140625;83.38827514648438;0.9694255590438843;-1.3760000467300415;-1.3559999465942383;-1.3569999933242798;-4.089000225067139;252.6999969482422;250.10000610351562;249.8000030517578;435.3999938964844;432.8999938964844;435.1000061035156;-998.9000244140625;-330.70001220703125;-333.20001220703125;-334.8999938964844;-43.099998474121094;-67.0999984741211;12.800000190734863;11.100000381469727;1006.0999755859375;337.3999938964844;333.5;335.1000061035156;-0.9990000128746033;-0.9800000190734863;0.9990000128746033;0.9990000128746033;49.900001525878906;MPPT;49.99692916870117;1.6199337244033813;1.6125617027282715;1.6245867013931274;251.45643615722656;248.7887420654297;248.71182250976562;433.0657653808594;430.1701965332031;434.0011291503906;1212.623291015625;-2.7305707931518555;1212.6263427734375;99.99974822998047;242805.265625;1270.5213623046875;2016-07-12 16:30:00;1275.9414739365689;587.6319915243446;2.171327450411128;219.0449712487794;73;-1031.377673209058;-1250.4226444578374
2026-04-24 15:51:03;0.9046882390975952;0.9034236073493958;0.9315416216850281;233.82322692871094;234.3037872314453;235.03317260742188;405.60443115234375;406.6377258300781;406.4920959472656;210.21502685546875;209.3088836669922;218.4339141845703;-195.24742126464844;-198.8440704345703;-208.87564086914062;-17.662506103515625;53.14175796508789;46.496707916259766;0.9255619049072266;0.9417620301246643;0.9568182229995728;50.00374984741211;639.72900390625;-603.3456420898438;68.33056640625;0.9416215419769287;-1.0490000247955322;-1.0130000114440918;-1.0140000581741333;-3.0759999752044678;253.10000610351562;250.0;250.10000610351562;437.79998779296875;430.8999938964844;435.70001220703125;-735.9000244140625;-242.89999389648438;-245.6999969482422;-247.1999969482422;-33.70000076293945;-64.80000305175781;16.100000381469727;14.899999618530273;745.4000244140625;251.39999389648438;248.39999389648438;249.60000610351562;-0.9990000128746033;-0.9639999866485596;0.9980000257492065;0.9990000128746033;50.0;MPPT;50.013893127441406;1.3805140256881714;1.3729701042175293;1.3847423791885376;252.11883544921875;249.10379028320312;249.2069091796875;434.153564453125;430.7781677246094;434.8589172363281;1035.153076171875;-2.930917501449585;1035.1572265625;99.99959564208984;242805.265625;1088.7333984375;2016-07-12 16:45:00;1092.9501937457114;586.3913369022091;1.8638580159105929;295.23570576109364;98;-775.8554841097036;-1071.0911898707973
2026-04-24 15:51:36;0.7845131754875183;0.763075053691864;0.7927832007408142;234.2465362548828;235.4637451171875;236.02516174316406;406.7510070800781;408.3753967285156;407.46636962890625;185.307861328125;179.613037109375;186.99127197265625;-163.87820434570312;-166.6610870361328;-177.52488708496094;-30.601016998291016;38.59175109863281;31.907535552978516;0.892257809638977;0.9337015151977539;0.9533889889717102;49.988006591796875;548.583984375;-506.55328369140625;58.000083923339844;0.9232183694839478;-0.9290000200271606;-0.8820000290870667;-0.8849999904632568;-2.6989998817443848;252.6999969482422;250.8000030517578;250.10000610351562;436.0;433.70001220703125;435.3999938964844;-637.4000244140625;-210.1999969482422;-212.3000030517578;-214.8000030517578;-42.0;-66.0999984741211;12.899999618530273;11.100000381469727;648.2000122070312;220.39999389648438;212.6999969482422;215.0;-0.9980000257492065;-0.9539999961853027;0.9980000257492065;0.9990000128746033;50.0;MPPT;49.99946975708008;1.141479253768921;1.1347897052764893;1.1450518369674683;251.71791076660156;249.80364990234375;249.30413818359375;434.0469055175781;431.3779296875;435.0450744628906;856.0261840820312;-13.427265167236328;856.1314697265625;99.98770141601562;242805.265625;905.14990234375;2016-07-12 17:00:00;909.958913554854;585.1506822800735;1.5550847689507024;219.0449712487794;73;-672.7147640349774;-891.7597352837569
2026-04-24 15:52:08;0.7346377372741699;0.7226176261901855;0.7496306300163269;233.73875427246094;234.551513671875;235.71807861328125;405.5643005371094;407.29833984375;406.4816589355469;171.88198852539062;168.02366638183594;175.83074951171875;-151.42955017089844;-154.87351989746094;-164.90492248535156;-20.40828514099121;48.67110824584961;42.48619079589844;0.8820729851722717;0.9141024947166443;0.93346107006073;50.02700424194336;517.773193359375;-469.8568115234375;54.991676330566406;0.9129849672317505;-0.8790000081062317;-0.8309999704360962;-0.8349999785423279;-2.5450000762939453;252.89999389648438;250.39999389648438;249.89999389648438;435.79998779296875;433.20001220703125;435.3999938964844;-596.0999755859375;-196.0;-199.1999969482422;-201.3000030517578;-41.79999923706055;-66.80000305175781;12.600000381469727;12.300000190734863;608.7000122070312;207.3000030517578;199.60000610351562;201.60000610351562;-0.996999979019165;-0.9459999799728394;0.9980000257492065;0.9990000128746033;50.0;MPPT;50.030921936035156;1.1139662265777588;1.1066064834594727;1.1177384853363037;251.9491729736328;249.48780822753906;249.0858612060547;434.11328125;431.0955505371094;434.7417297363281;835.1088256835938;3.1378655433654785;835.11474609375;-99.9992904663086;242805.265625;883.89453125;2016-07-12 17:15:00;889.4595988854405;585.0116998680772;1.5204133508543807;238.09265487685795;79;-633.5777520308737;-871.6704069077317
2026-04-24 15:52:39;0.6492529511451721;0.6132871508598328;0.6404394507408142;234.28598022460938;234.3306884765625;235.4400634765625;405.6563720703125;406.9301452636719;406.4818115234375;155.48544311523438;150.55087280273438;155.61390686035156;-126.91838073730469;-130.310791015625;-140.1450958251953;-21.690553665161133;46.741756439208984;42.299232482910156;0.8290365934371948;0.874655544757843;0.9093777537345886;50.01499938964844;457.7572937011719;-400.2099304199219;50.1287841796875;0.8758580684661865;-0.8080000281333923;-0.7390000224113464;-0.7419999837875366;-2.2890000343322754;252.60000610351562;249.89999389648438;249.6999969482422;435.1000061035156;432.6000061035156;435.0;-521.5;-171.1999969482422;-174.10000610351562;-176.10000610351562;-41.0;-66.5;12.899999618530273;12.600000381469727;534.9000244140625;183.6999969482422;174.60000610351562;176.60000610351562;-0.996999979019165;-0.9319999814033508;0.996999979019165;0.9990000128746033;50.0;MPPT;50.01966857910156;1.0910025835037231;1.0836849212646484;1.0951582193374634;251.4663543701172;249.0698699951172;248.63929748535156;433.3034973144531;430.380615234375;433.9335632324219;816.5333251953125;5.719699382781982;816.5533447265625;-99.99755096435547;242805.265625;864.916259765625;2016-07-12 17:30:00;868.960284216027;584.872717456081;1.485725454925633;295.23570576109364;98;-556.3453727706128;-851.5810785317065
2026-04-24 15:53:10;0.5384445190429688;0.46977493166923523;0.4827647805213928;234.3878173828125;234.5113525390625;235.8988037109375;406.1141662597656;407.3834533691406;407.2169189453125;126.8401107788086;109.39198303222656;113.0885238647461;-87.0364761352539;-89.29598236083984;-97.3242416381836;-31.645166397094727;36.35346221923828;33.978607177734375;0.7095571756362915;0.8165232539176941;0.8561857342720032;50.00149917602539;347.4107666015625;-275.0231628417969;43.075469970703125;0.7869318723678589;-0.652999997138977;-0.5709999799728394;-0.5720000267028809;-1.7960000038146973;252.89999389648438;250.5;250.0;435.8999938964844;433.3999938964844;435.5;-387.0;-125.9000015258789;-129.1999969482422;-131.3000030517578;-32.70000076293945;-63.29999923706055;16.100000381469727;14.300000190734863;403.3999938964844;141.0;130.1999969482422;132.10000610351562;-0.9950000047683716;-0.8849999904632568;0.9940000176429749;0.9900000095367432;50.0;MPPT;50.01542663574219;1.0544627904891968;1.0475999116897583;1.0583850145339966;251.9171600341797;249.5361328125;249.2472381591797;434.1003723144531;431.2845458984375;434.8742370605469;790.503662109375;-19.86772918701172;790.7532958984375;99.96842956542969;242805.265625;840.505859375;2016-07-12 17:45:00;848.4609695466132;584.7337350440846;1.4510210694148604;409.52180752956497;136;-421.969942626116;-831.491750155681
2026-04-24 15:53:43;0.6138212084770203;0.5762486457824707;0.597849428653717;234.3052978515625;234.56777954101562;235.7626495361328;405.9717102050781;407.32769775390625;407.0281677246094;144.4617919921875;135.2165069580078;140.1167755126953;-116.38014221191406;-119.3536605834961;-128.09979248046875;-29.43896484375;38.753456115722656;35.54073715209961;0.7972275614738464;0.8785290122032166;0.9081503748893738;50.0052490234375;423.32159423828125;-363.13543701171875;34.57743835449219;0.8638700842857361;-0.7609999775886536;-0.6840000152587891;-0.6850000023841858;-2.130000114440918;252.89999389648438;249.89999389648438;250.3000030517578;435.3999938964844;433.1000061035156;435.70001220703125;-478.1000061035156;-156.8000030517578;-160.3000030517578;-161.6999969482422;-47.900001525878906;-68.80000305175781;12.300000190734863;8.600000381469727;494.5;171.6999969482422;160.8000030517578;161.89999389648438;-0.9940000176429749;-0.9089999794960022;0.9980000257492065;0.9980000257492065;50.0;MPPT;50.011627197265625;1.0365995168685913;1.0292421579360962;1.040824055671692;251.63783264160156;248.84832763671875;249.110107421875;433.42510986328125;430.57763671875;434.4350891113281;775.3009033203125;-0.912465512752533;775.3014526367188;99.99993133544922;242805.265625;822.8960571289062;2016-07-12 18:00:00;827.9631574290337;584.5947628191741;1.416302728126112;295.23570576109364;98;-516.1681885193593;-811.403894280453
2026-04-24 15:54:13;0.39464032649993896;0.2497524917125702;0.2351226955652237;234.29591369628906;234.24050903320312;236.02915954589844;405.9054870605469;407.3866271972656;407.63433837890625;90.29971313476562;62.2291259765625;59.02442169189453;-22.7880802154541;-21.94021987915039;-26.937625885009766;-43.727088928222656;24.321929931640625;21.6895751953125;0.25570547580718994;0.3700457215309143;0.496534138917923;49.99924850463867;208.69602966308594;-70.64366149902344;16.395517349243164;0.3447244167327881;-0.4650000035762787;-0.3070000112056732;-0.2879999876022339;-1.059999942779541;252.60000610351562;249.6999969482422;249.89999389648438;437.1000061035156;430.3999938964844;435.1000061035156;-155.1999969482422;-48.599998474121094;-52.29999923706055;-54.099998474121094;-46.099998474121094;-69.9000015258789;12.600000381469727;13.300000190734863;197.60000610351562;84.4000015258789;55.5;57.5;-0.9670000076293945;-0.5929999947547913;0.9729999899864197;0.972000002861023;50.0;MPPT;50.012847900390625;0.7643809914588928;0.7575090527534485;0.7680317163467407;251.38670349121094;248.62367248535156;248.86163330078125;432.9850158691406;430.012939453125;433.8622131347656;567.4346923828125;-1.3763365745544434;567.4363403320312;99.99971008300781;242805.265625;614.9052124023438;2016-07-12 18:15:00;620.9716167958583;583.1913898750554;1.0647818667708675;409.52180752956497;136;-199.03037693037618;-608.5521844599411
2026-04-24 15:54:41;0.39617377519607544;0.2463313490152359;0.2273404747247696;234.19798278808594;234.64207458496094;235.64993286132812;405.8507080078125;407.1732482910156;406.9696960449219;91.3285903930664;56.74598693847656;50.928531646728516;20.735939025878906;19.087696075439453;15.639679908752441;-47.03078079223633;19.026704788208008;19.494401931762695;0.21722500026226044;0.3251330256462097;0.2909911870956421;50.01274871826172;197.22500610351562;54.41065216064453;6.737932205200195;0.2805670201778412;-0.39500001072883606;-0.07000000029802322;-0.20399999618530273;-0.6690000295639038;252.5;250.10000610351562;249.6999969482422;435.1000061035156;432.79998779296875;434.79998779296875;-11.5;-0.6000000238418579;-4.0;-6.900000095367432;-23.600000381469727;-60.900001525878906;17.799999237060547;19.399999618530273;100.5999984741211;61.0;18.5;21.0;-0.5210000276565552;-0.02800000086426735;0.25999999046325684;0.375;50.0;MPPT;50.02500534057617;0.49654173851013184;0.48993849754333496;0.501605212688446;251.32386779785156;249.02162170410156;248.6462860107422;433.1534118652344;430.36834716796875;433.7783203125;370.9940185546875;-17.02876853942871;371.3846435546875;99.89482116699219;242805.265625;414.80035400390625;2016-07-12 18:30:00;413.98157871451684;581.7880271180225;0.7115677178254063;352.3787566453293;117;-53.323190494897176;-405.7019471402265
2026-04-24 15:55:09;0.5193273425102234;0.3784501552581787;0.3723047375679016;234.07391357421875;234.6848907470703;235.68943786621094;406.0562438964844;407.5095520019531;406.99774169921875;122.3846435546875;88.0407485961914;87.91065979003906;76.060302734375;68.26821899414062;69.35038757324219;-57.895408630371094;0.0;7.761786937713623;0.6068692207336426;0.7827146649360657;0.8107329607009888;50.01124954223633;297.52728271484375;214.04397583007812;-47.43824005126953;0.7134873867034912;0.49300000071525574;0.33899998664855957;0.30799999833106995;1.1380000114440918;252.5;250.10000610351562;249.8000030517578;435.20001220703125;432.8999938964844;435.0;175.8000030517578;61.900001525878906;58.5;55.29999923706055;-53.79999923706055;-71.69999694824219;7.199999809265137;10.600000381469727;206.6999969482422;93.9000015258789;57.599998474121094;55.20000076293945;0.9589999914169312;0.6589999794960022;-0.9900000095367432;-0.9819999933242798;50.0;MPPT;50.0177116394043;0.22482341527938843;0.21710996329784393;0.2287845015525818;251.28338623046875;248.9466552734375;248.64840698242188;433.0250549316406;430.312255859375;433.7640380859375;166.80252075195312;4.066198825836182;169.48675537109375;-99.99473571777344;242805.265625;209.26873779296875;2016-07-12 18:45:00;206.99003808134148;580.3846541739038;0.35664285158601033;333.33107301725073;111;130.4808356975361;-202.85023731971464
2026-04-24 15:55:37;0.3967165946960449;0.24005571007728577;0.2215387225151062;234.6288299560547;234.98583984375;236.11354064941406;406.705078125;407.9131774902344;407.4983215332031;96.07189178466797;57.363136291503906;51.72435760498047;17.12209701538086;13.7484130859375;11.624282836914062;-46.756919860839844;17.32674789428711;20.842636108398438;0.19639556109905243;0.26544883847236633;0.24689792096614838;49.99400329589844;206.92942810058594;46.835655212402344;0.6590576171875;0.22208647429943085;-0.40799999237060547;-0.07400000095367432;-0.23399999737739563;-0.7160000205039978;252.8000030517578;249.39999389648438;250.1999969482422;437.0;430.3999938964844;435.6000061035156;-19.399999618530273;-3.4000000953674316;-9.0;-9.699999809265137;-36.099998474121094;-63.900001525878906;13.0;14.600000381469727;97.5;64.0;15.800000190734863;17.600000381469727;-0.4399999976158142;-0.050999999046325684;0.4860000014305115;0.5210000276565552;50.0;MPPT;50.005306243896484;0.30415746569633484;0.296802282333374;0.3076334297657013;251.45216369628906;248.37747192382812;248.91648864746094;432.92279052734375;429.84661865234375;434.1180419921875;227.9227752685547;7.918944835662842;228.060302734375;-99.939697265625;242805.265625;268.283935546875;2016-07-13 05:15:00;267.30998145183236;580.793614734601;0.460249518366317;199.9972876207009;66;-61.96649420209479;-261.9637818227957
2026-04-24 15:56:04;0.4469949007034302;0.37384697794914246;0.3657461404800415;234.42608642578125;234.53050231933594;236.06161499023438;406.042724609375;407.5724182128906;407.3616027832031;103.48603057861328;86.7940444946289;86.02599334716797;-57.76689529418945;-56.237178802490234;-64.39717102050781;-28.736011505126953;41.28196716308594;37.793827056884766;0.5597679615020752;0.6533971428871155;0.7481867671012878;50.0052490234375;275.5132141113281;-180.49322509765625;33.30115509033203;0.656445324420929;-0.5569999814033508;-0.4449999928474426;-0.43700000643730164;-1.4390000104904175;252.60000610351562;250.3000030517578;250.0;435.5;433.20001220703125;435.20001220703125;-284.3999938964844;-92.0;-94.0;-96.80000305175781;-41.79999923706055;-67.19999694824219;12.5;12.800000190734863;306.0;113.5;94.80000305175781;97.5999984741211;-0.9890000224113464;-0.8029999732971191;0.9909999966621399;0.9929999709129333;50.0;MPPT;50.009464263916016;0.6478580236434937;0.640734851360321;0.6510948538780212;251.79295349121094;249.43948364257812;249.13414001464844;433.9031677246094;431.115966796875;434.83917236328125;486.0123596191406;15.63764762878418;486.26385498046875;-99.94828033447266;242805.265625;530.7642211914062;2016-07-13 05:30:00;534.6199629036647;582.6059380523311;0.9176356229579724;199.9972876207009;66;-323.9302760248905;-523.9275636455914
2026-04-24 15:56:32;0.7268186807632446;0.7006478905677795;0.7242029905319214;234.46011352539062;235.02029418945312;235.74952697753906;406.45599365234375;407.5755310058594;406.8633117675781;171.26145935058594;164.8300323486328;170.48851013183594;-149.04568481445312;-150.99996948242188;-161.33543395996094;-26.725984573364258;43.82225799560547;38.044769287109375;0.8769529461860657;0.9115744233131409;0.9359870553016663;49.98875427246094;507.96661376953125;-461.9404602050781;54.02000427246094;0.9090529680252075;-0.8740000128746033;-0.8199999928474426;-0.8220000267028809;-2.5160000324249268;253.0;250.3000030517578;249.89999389648438;435.79998779296875;433.1000061035156;435.5;-587.2999877929688;-193.1999969482422;-195.89999389648438;-198.3000030517578;-44.900001525878906;-67.30000305175781;13.0;9.300000190734863;600.0;205.0;196.3000030517578;198.60000610351562;-0.9959999918937683;-0.9399999976158142;0.9990000128746033;0.9990000128746033;49.900001525878906;MPPT;49.99703598022461;0.9988974332809448;0.9922698140144348;1.002547025680542;251.72096252441406;248.9246063232422;248.9376220703125;433.5594482421875;430.3193359375;434.4441223144531;747.89599609375;-1.3370752334594727;747.8971557617188;99.99984741210938;242805.265625;793.2987060546875;2016-07-13 05:45:00;801.929944355497;584.4182613700611;1.3721849527349124;161.9019203645438;53;-623.9894251038432;-785.891345468387
2026-04-24 15:57:00;1.0914326906204224;1.0939527750015259;1.1283602714538574;234.5108184814453;234.91763305664062;235.97293090820312;406.4736633300781;407.8034973144531;407.2154235839844;255.26072692871094;257.5055847167969;266.6560974121094;-243.70614624023438;-246.56288146972656;-258.3493957519531;-14.753617286682129;57.4465446472168;50.70763397216797;0.9520524740219116;0.9546042680740356;0.9672495722770691;49.99774932861328;780.7981567382812;-747.7299194335938;93.46502685546875;0.9587904810905457;-1.246999979019165;-1.225000023841858;-1.2269999980926514;-3.6989998817443848;253.5;251.0;250.60000610351562;436.8999938964844;434.29998779296875;436.5;-898.9000244140625;-297.70001220703125;-299.70001220703125;-301.3999938964844;-22.399999618530273;-60.5;19.700000762939453;18.299999237060547;906.2000122070312;303.79998779296875;300.3999938964844;301.8999938964844;1.0;-0.9789999723434448;0.9980000257492065;0.9980000257492065;49.900001525878906;MPPT;50.005550384521484;1.3386521339416504;1.3320392370224;1.3423347473144531;252.38479614257812;250.0595703125;249.5876007080078;435.0364074707031;431.989990234375;435.5384521484375;1005.731201171875;-18.404701232910156;1005.8995971679688;99.98326110839844;242805.265625;1058.7464599609375;2016-07-13 06:00:00;1069.2399258073294;586.2305846877913;1.8239238172412555;114.28610176847131;38;-933.5690255227114;-1047.8551272911827
2026-04-24 15:57:26;1.8935891389846802;1.9158936738967896;1.969915509223938;235.11962890625;235.4562225341797;236.44752502441406;407.50048828125;408.6795349121094;408.2376708984375;445.83978271484375;451.845947265625;465.1590270996094;-441.19146728515625;-444.5110778808594;-461.4119873046875;-11.360429763793945;63.4625244140625;49.89491271972656;0.9895976185798645;0.985495924949646;0.9930129051208496;49.9835090637207;1362.8978271484375;-1347.6788330078125;100.99946594238281;0.9883809685707092;-2.059000015258789;-2.049999952316284;-2.055000066757202;-6.164000034332275;254.1999969482422;251.39999389648438;251.39999389648438;437.70001220703125;435.3999938964844;437.70001220703125;-1536.5999755859375;-510.70001220703125;-511.79998779296875;-513.9000244140625;-71.80000305175781;-77.80000305175781;5.900000095367432;0.0;1545.0;517.0999755859375;512.9000244140625;514.9000244140625;-0.9990000128746033;-0.9900000095367432;1.0;1.0;49.900001525878906;MPPT;49.99217224121094;2.2141945362091064;2.2075281143188477;2.21830677986145;253.10125732421875;250.81861877441406;250.3876953125;436.2985534667969;433.3318786621094;436.87322998046875;1669.44091796875;7.227899551391602;1669.45654296875;-99.99906158447266;242805.265625;1734.5208740234375;2016-07-13 06:15:00;1744.3725260066678;590.8078868418506;2.9525207175739805;142.85423673646523;47;-1566.6308387500692;-1709.4850754865345
2026-04-24 15:57:56;2.720932722091675;2.7433066368103027;2.8039486408233643;234.7723388671875;234.91358947753906;236.24383544921875;406.374755859375;407.7889709472656;407.9349060058594;638.4539184570312;644.7880249023438;662.9396362304688;-636.4899291992188;-638.0036010742188;-661.2153930664062;2.214035987854004;87.1810302734375;66.38070678710938;0.9968804121017456;0.9879397749900818;0.99515300989151;49.985008239746094;1948.5401611328125;-1935.633056640625;144.3782958984375;0.9941179156303406;-2.881999969482422;-2.8929998874664307;-2.8929998874664307;-8.668000221252441;254.6999969482422;251.5;252.0;440.5;433.79998779296875;438.79998779296875;-2175.10009765625;-724.5;-724.0999755859375;-726.4000244140625;-60.70000076293945;-76.0999984741211;9.5;5.800000190734863;2179.800048828125;729.0999755859375;724.0999755859375;726.5;1.0;-0.9950000047683716;1.0;1.0;49.900001525878906;MPPT;49.988525390625;3.079707384109497;3.0726613998413086;3.083136558532715;253.63526916503906;250.75494384765625;251.05422973632812;436.7646789550781;433.77484130859375;437.9364318847656;2325.53662109375;-4.5257248878479;2325.541015625;99.99980926513672;242805.265625;2404.796630859375;2016-07-13 06:30:00;2419.499115998671;595.3851482475666;4.063754568148249;171.42915265270696;57;-2199.679981025991;-2371.1091336786976
2026-04-24 15:58:25;3.616941213607788;3.636873722076416;3.7195301055908203;234.7821502685547;235.2935791015625;236.27264404296875;407.09613037109375;408.3695373535156;407.9797668457031;847.7802734375;854.779541015625;878.2146606445312;-847.6867065429688;-848.1128540039062;-875.44482421875;22.657901763916016;98.95619201660156;73.32806396484375;0.9989570379257202;0.9934954047203064;0.9975506067276001;49.97602081298828;2580.34423828125;-2571.47314453125;192.6339569091797;0.996008038520813;-3.759999990463257;-3.7760000228881836;-3.7809998989105225;-11.317000389099121;255.39999389648438;252.89999389648438;252.5;440.20001220703125;437.6000061035156;439.79998779296875;-2859.89990234375;-953.2000122070312;-951.9000244140625;-953.0999755859375;-54.099998474121094;-71.19999694824219;12.399999618530273;4.699999809265137;2860.199951171875;955.0;952.0;953.0999755859375;1.0;-0.996999979019165;1.0;1.0;49.900001525878906;MPPT;49.98860549926758;3.93265962600708;3.924802541732788;3.936728000640869;254.64447021484375;252.18943786621094;251.94020080566406;438.7833251953125;435.8466796875;439.6102600097656;2983.04541015625;-7.511537551879883;2983.054931640625;99.99967956542969;242805.265625;3074.671875;2016-07-13 06:45:00;3094.6257059906743;599.9624096532825;5.158032663711472;152.38146902462842;50;-2880.351722846232;-3032.7331918708605
2026-04-24 15:58:54;4.4647722244262695;4.490368843078613;4.585293769836426;234.71209716796875;235.121337890625;236.2462615966797;406.69036865234375;408.07196044921875;407.67364501953125;1048.2003173828125;1055.443603515625;1081.91552734375;-1047.927490234375;-1046.0086669921875;-1076.656494140625;39.352294921875;117.13064575195312;89.59825897216797;1.0;0.994400680065155;0.9982429146766663;49.98875427246094;3188.63818359375;-3181.406982421875;259.84356689453125;0.9970173835754395;-4.613999843597412;-4.6479997634887695;-4.6519999504089355;-13.913999557495117;255.5;253.0;252.60000610351562;440.1000061035156;437.70001220703125;439.79998779296875;-3520.5;-1174.4000244140625;-1172.800048828125;-1173.199951171875;-24.0;-61.20000076293945;23.700000762939453;12.199999809265137;3520.60009765625;1175.300048828125;1172.5;1172.699951171875;1.0;-0.9990000128746033;1.0;1.0;49.900001525878906;MPPT;50.00187301635742;4.794517993927002;4.787102222442627;4.798717498779297;254.58370971679688;252.1535186767578;251.9634552001953;438.70977783203125;435.8462829589844;439.5668029785156;3636.98583984375;-28.121580123901367;3637.094482421875;99.99700927734375;242805.265625;3744.6884765625;2016-07-13 07:00:00;3769.767321501016;604.5397729298568;6.235763948550681;161.9019203645438;53;-3532.4700547064517;-3694.3719750709956
2026-04-24 15:59:23;4.043308734893799;4.063527584075928;4.1537628173828125;234.85020446777344;235.218505859375;236.2306671142578;407.0108947753906;408.3226623535156;407.9403991699219;948.3086547851562;955.7530517578125;980.7014770507812;-949.4249877929688;-950.1268920898438;-978.4876098632812;26.31257438659668;102.28016662597656;76.64569091796875;1.0;0.9925926923751831;0.9977351427078247;49.99250411987305;2885.83984375;-2874.10693359375;217.59390258789062;0.9971306920051575;-4.186999797821045;-4.206999778747559;-4.2170000076293945;-12.611000061035156;255.3000030517578;252.60000610351562;252.39999389648438;439.79998779296875;437.29998779296875;439.6000061035156;-3188.5;-1064.0999755859375;-1060.699951171875;-1061.9000244140625;-48.900001525878906;-69.69999694824219;15.199999809265137;5.5;3187.800048828125;1065.0;1060.800048828125;1061.9000244140625;1.0;-0.9980000257492065;1.0;1.0;49.900001525878906;MPPT;49.99946594238281;4.386519908905029;4.379266262054443;4.390439987182617;254.6068572998047;252.03065490722656;251.9198455810547;438.6905517578125;435.5938415527344;439.5820007324219;3326.497314453125;-5.566485404968262;3326.501953125;99.99986267089844;242805.265625;3426.06787109375;2016-07-13 07:15:00;3458.483658079305;602.4293143581881;5.740895364236848;180.94960399262234;60;-3208.364380925096;-3389.3139849177187
2026-04-24 15:59:50;3.6143648624420166;3.644462823867798;3.724663734436035;234.9220428466797;235.32601928710938;236.36940002441406;407.2564697265625;408.55303955078125;408.2271423339844;846.1642456054688;855.5535278320312;878.7501220703125;-846.7376098632812;-848.7327880859375;-876.3193969726562;22.893953323364258;100.3722152709961;77.71774291992188;0.9996040463447571;0.9919235706329346;0.9962618350982666;49.99700164794922;2583.73876953125;-2571.8212890625;202.0040283203125;0.9958676695823669;-3.7100000381469727;-3.7260000705718994;-3.7320001125335693;-11.168000221252441;259.20001220703125;256.70001220703125;256.29998779296875;446.70001220703125;444.20001220703125;446.3999938964844;-2862.0;-954.0999755859375;-953.7000122070312;-953.9000244140625;-48.400001525878906;-71.80000305175781;15.600000381469727;7.699999809265137;2864.800048828125;956.9000244140625;953.9000244140625;954.0;1.0;-0.996999979019165;1.0;1.0;49.900001525878906;MPPT;50.00553894042969;3.9368302822113037;3.9290237426757812;3.940063953399658;258.4083251953125;256.0357360839844;255.7418670654297;445.4433898925781;442.47613525390625;446.0876159667969;3030.8056640625;-7.475587844848633;3030.81494140625;99.99969482421875;242805.265625;3126.522216796875;2016-07-13 07:30:00;3147.1999946575934;600.3188557865194;5.242547296859813;199.9972876207009;66;-2884.2587071437406;-3084.2559947644413
2026-04-24 16:00:17;3.2365808486938477;3.2537975311279297;3.324889659881592;238.0673828125;238.85086059570312;239.68841552734375;412.7683410644531;414.1732482910156;413.6137390136719;771.7808837890625;776.505859375;797.00146484375;-766.6556396484375;-771.73388671875;-797.1102905273438;23.29541778564453;100.53279876708984;80.39405059814453;0.9971793293952942;0.9892888069152832;0.9961466789245605;49.99924850463867;2345.17529296875;-2332.8115234375;204.02357482910156;0.9958730340003967;-3.4089999198913574;-3.424999952316284;-3.427000045776367;-10.26099967956543;258.20001220703125;255.6999969482422;255.3000030517578;445.0;442.5;444.70001220703125;-2591.800048828125;-864.0999755859375;-871.5;-872.5999755859375;-26.200000762939453;-64.19999694824219;22.299999237060547;15.600000381469727;2619.0;874.4000244140625;871.7999877929688;872.7000122070312;1.0;-0.996999979019165;1.0;1.0;50.0;MPPT;50.01163101196289;3.5831146240234375;3.574956178665161;3.586623430252075;255.81614685058594;253.28392028808594;253.09768676757812;440.7937316894531;437.8134765625;441.5648498535156;2729.66845703125;-20.148822784423828;2729.742919921875;99.99726867675781;242805.265625;2820.53125;2016-07-13 07:45:00;2835.916331235882;598.2083972148507;4.740682919931234;152.38146902462842;50;-2626.816535586536;-2779.1980046111644
2026-04-24 16:00:47;2.749321460723877;2.7743897438049316;2.836151123046875;235.1410675048828;235.45944213867188;236.70738220214844;407.51239013671875;408.9569091796875;408.5883483886719;645.5576782226562;652.47900390625;670.4138793945312;-644.6077880859375;-645.6273193359375;-667.4645385742188;5.577831268310547;83.08123779296875;63.52924346923828;0.9954450130462646;0.9893982410430908;0.9958622455596924;50.01274871826172;1964.707275390625;-1956.7998046875;138.62704467773438;0.9944284558296204;-2.9059998989105225;-2.9040000438690186;-2.9079999923706055;-8.718000411987305;255.0;252.3000030517578;252.1999969482422;441.5;434.6000061035156;439.20001220703125;-2193.199951171875;-730.7000122070312;-728.5999755859375;-729.9000244140625;-67.80000305175781;-76.0;8.199999809265137;0.0;2191.800048828125;733.2000122070312;728.5999755859375;729.9000244140625;1.0;-0.9950000047683716;1.0;1.0;50.0;MPPT;50.01847457885742;3.2120070457458496;3.2038373947143555;3.2152864933013916;253.8448028564453;251.21031188964844;251.1852264404297;437.26580810546875;434.32049560546875;438.26727294921875;2427.80126953125;9.895708084106445;2427.821533203125;-99.9991683959961;242805.265625;2506.75390625;2016-07-13 08:00:00;2524.64769333251;596.0980405140403;4.2352893680968995;257.14033850493655;85;-2217.014400960923;-2474.1547394658596
2026-04-24 16:01:15;2.796116590499878;2.8245162963867188;2.887153148651123;234.599365234375;234.98529052734375;236.3347625732422;406.6556396484375;408.19219970703125;407.81805419921875;658.185302734375;665.1942138671875;683.5553588867188;-653.9265747070312;-655.2325439453125;-678.0025634765625;2.2264719009399414;80.6397476196289;60.426551818847656;0.995323121547699;0.989338755607605;0.9958397150039673;49.99850082397461;2004.40478515625;-1991.8414306640625;167.70291137695312;0.9907242655754089;-2.9539999961853027;-2.9619998931884766;-2.9700000286102295;-8.88599967956543;254.8000030517578;252.10000610351562;252.0;438.8999938964844;436.5;438.8999938964844;-2233.300048828125;-743.9000244140625;-743.7000122070312;-745.5;-43.20000076293945;-67.69999694824219;15.300000190734863;12.699999809265137;2232.5;745.7999877929688;742.7999877929688;743.9000244140625;1.0;-0.9959999918937683;1.0;1.0;50.0;MPPT;50.020206451416016;3.319697618484497;3.31203293800354;3.323836088180542;253.9501495361328;251.23020935058594;251.3348388671875;437.39813232421875;434.390625;438.5417785644531;2510.36328125;-23.59532356262207;2510.47412109375;99.9955825805664;242805.265625;2594.916259765625;2016-07-13 08:15:00;2609.436693317484;596.6728977675001;4.373311915256923;304.76293804925683;101;-2252.4850214018775;-2557.247959451134
2026-04-24 16:01:43;3.039458990097046;3.069701910018921;3.1342434883117676;235.21560668945312;235.6124267578125;236.7296142578125;407.8517761230469;409.09442138671875;408.6867980957031;713.1837158203125;722.0111694335938;741.2110595703125;-711.8638305664062;-714.209228515625;-737.31640625;15.69282341003418;89.20403289794922;70.09322357177734;0.9954646229743958;0.9883594512939453;0.9958504438400269;50.02700424194336;2172.68994140625;-2160.7373046875;183.31045532226562;0.9937253594398499;-3.190999984741211;-3.2019999027252197;-3.2049999237060547;-9.597999572753906;255.1999969482422;252.6999969482422;252.3000030517578;439.79998779296875;437.29998779296875;439.5;-2415.39990234375;-804.9000244140625;-805.7000122070312;-806.4000244140625;-28.600000381469727;-62.70000076293945;20.100000381469727;13.899999618530273;2420.800048828125;808.2000122070312;806.0;806.5999755859375;1.0;-0.996999979019165;1.0;1.0;50.0;MPPT;50.045684814453125;3.4274990558624268;3.420306921005249;3.4316494464874268;254.25875854492188;251.7588348388672;251.4647674560547;438.02618408203125;435.0406494140625;438.93695068359375;2595.330810546875;-27.401016235351562;2595.4755859375;99.99442291259766;242805.265625;2677.568115234375;2016-07-13 08:30:00;2694.2256933024587;597.24775502096;4.511068766106801;199.9972876207009;66;-2440.343891815709;-2640.3411794364097
2026-04-24 16:02:09;3.1285274028778076;3.1594460010528564;3.229776382446289;235.0956573486328;235.61915588378906;236.55511474609375;407.2470397949219;408.6570129394531;408.3675842285156;737.7911987304688;745.3907470703125;762.4956665039062;-733.308349609375;-733.9083251953125;-756.7569580078125;16.0358943939209;89.83402252197266;69.52558135986328;0.9962906837463379;0.989848792552948;0.9949527978897095;50.036766052246094;2244.528564453125;-2229.464111328125;182.51254272460938;0.993669331073761;-3.2909998893737793;-3.305000066757202;-3.309999942779541;-9.906000137329102;255.0;252.3000030517578;251.8000030517578;439.29998779296875;436.5;438.8999938964844;-2500.199951171875;-833.5999755859375;-830.7000122070312;-830.9000244140625;-47.400001525878906;-69.4000015258789;14.5;7.400000095367432;2495.60009765625;833.7000122070312;830.7999877929688;831.0;1.0;-0.996999979019165;1.0;1.0;50.0;MPPT;50.061763763427734;3.5371320247650146;3.52959942817688;3.541194200515747;254.01524353027344;251.5922393798828;251.10992431640625;437.7766418457031;434.6049499511719;438.5287780761719;2668.78173828125;-30.769868850708008;2668.959228515625;99.99334716796875;242805.265625;2755.372314453125;2016-07-13 08:45:00;2779.014693287433;597.8226122744197;4.648560687115288;209.52451990886405;69;-2513.90987951282;-2723.4343994216842
2026-04-24 16:02:37;3.249070405960083;3.2733817100524902;3.343170404434204;235.04568481445312;235.3119659423828;236.36814880371094;407.0880126953125;408.385986328125;407.9637451171875;761.8408203125;771.1484375;790.5660400390625;-759.5590209960938;-761.7142944335938;-785.9349975585938;23.330448150634766;97.46041870117188;74.29418182373047;0.9968573451042175;0.9898271560668945;0.9951179027557373;50.06230926513672;2320.56396484375;-2307.624267578125;188.36990356445312;0.9939954876899719;-3.385999917984009;-3.4030001163482666;-3.4019999504089355;-10.190999984741211;255.5;252.6999969482422;252.3000030517578;440.0;437.29998779296875;439.6000061035156;-2569.5;-856.7000122070312;-856.2999877929688;-856.5;-38.599998474121094;-67.0;17.899999618530273;8.600000381469727;2581.5;862.5;859.2000122070312;859.7000122070312;1.0;-0.996999979019165;1.0;1.0;50.0;MPPT;50.0706901550293;3.6425960063934326;3.6350040435791016;3.6465096473693848;254.3561248779297;251.86083984375;251.5665740966797;438.3035583496094;435.1909484863281;439.03082275390625;2759.310546875;-6.4912872314453125;2759.318115234375;99.99972534179688;242805.265625;2844.577880859375;2016-07-13 09:00:00;2863.818718790746;598.3975713987378;4.78581273666711;209.52451990886405;69;-2597.017824506067;-2806.542344414931
2026-04-24 16:03:06;3.157721757888794;3.19364595413208;3.2625720500946045;235.14817810058594;235.64476013183594;236.72470092773438;408.016845703125;409.3266906738281;408.7972717285156;742.1755981445312;750.4020385742188;770.0717163085938;-739.3717651367188;-742.0963134765625;-766.5513305664062;19.556671142578125;93.67365264892578;73.09053802490234;0.9960533976554871;0.9887076616287231;0.994608461856842;50.06230926513672;2264.859619140625;-2250.387939453125;173.58082580566406;0.9938150644302368;-3.3540000915527344;-3.371000051498413;-3.378000020980835;-10.102999687194824;251.3000030517578;248.8000030517578;248.39999389648438;433.1000061035156;430.5;432.70001220703125;-2511.199951171875;-836.7000122070312;-835.5;-836.2000122070312;-49.0;-67.5999984741211;12.800000190734863;5.699999809265137;2509.800048828125;837.9000244140625;835.5999755859375;836.2000122070312;1.0;-0.996999979019165;1.0;1.0;50.0;MPPT;50.06534957885742;3.6384668350219727;3.63116192817688;3.6423215866088867;250.43740844726562;247.98977661132812;247.63462829589844;431.38751220703125;428.5082092285156;432.3285827636719;2713.60693359375;7.006618499755859;2713.615966796875;-99.99966430664062;242805.265625;2798.848388671875;2016-07-13 09:15:00;2817.6002243810735;598.0842166385673;4.711042602356113;228.57220353694262;76;-2532.6760163565095;-2761.248219893452
2026-04-24 16:03:31;3.1199698448181152;3.1484527587890625;3.2194249629974365;231.69773864746094;232.0486297607422;232.94094848632812;401.5760498046875;402.678955078125;402.355224609375;723.6869506835938;731.4398193359375;750.6290283203125;-721.5086669921875;-724.873291015625;-747.3236083984375;17.987953186035156;88.60891723632812;68.32783508300781;0.9957457184791565;0.9894605875015259;0.99420166015625;50.06080627441406;2203.7646484375;-2189.911865234375;184.50027465820312;0.9934155344963074;-3.2769999504089355;-3.2899999618530273;-3.2960000038146973;-9.86299991607666;251.10000610351562;248.5;248.10000610351562;432.6000061035156;430.0;432.29998779296875;-2447.0;-815.5999755859375;-814.2999877929688;-815.0;-32.400001525878906;-61.400001525878906;17.600000381469727;11.199999809265137;2446.60009765625;816.9000244140625;814.5;815.0;1.0;-0.996999979019165;1.0;1.0;50.0;MPPT;50.07122802734375;3.5775742530822754;3.570270538330078;3.581444263458252;250.15599060058594;247.7769775390625;247.3932647705078;430.96282958984375;428.1558837890625;431.8307800292969;2665.558349609375;-8.370444297790527;2665.571533203125;99.99950408935547;242805.265625;2749.98046875;2016-07-13 09:30:00;2771.39675548974;597.7709637492551;4.636218424038823;247.61988716502117;82;-2468.348933214924;-2715.968820379945
2026-04-24 16:04:00;3.1157548427581787;3.1406123638153076;3.2128374576568604;233.96218872070312;234.51361083984375;235.19427490234375;405.77490234375;406.7976989746094;406.41021728515625;729.6402587890625;736.6770629882812;755.7850341796875;-727.1282348632812;-730.3837890625;-752.6324462890625;9.20773983001709;82.19686126708984;64.0845947265625;0.9971569180488586;0.9909335374832153;0.9951770305633545;50.0457763671875;2221.2509765625;-2209.27294921875;185.78372192382812;0.9942183494567871;-3.2730000019073486;-3.2920000553131104;-3.299999952316284;-9.864999771118164;253.89999389648438;251.10000610351562;250.60000610351562;437.29998779296875;434.3999938964844;436.8999938964844;-2470.89990234375;-823.4000244140625;-823.2999877929688;-824.0999755859375;-42.400001525878906;-66.69999694824219;14.300000190734863;13.600000381469727;2469.699951171875;824.5999755859375;822.2000122070312;822.7999877929688;1.0;-0.996999979019165;1.0;1.0;50.0;MPPT;50.05906295776367;3.47855806350708;3.4711718559265137;3.48235821723938;252.96473693847656;250.27841186523438;249.80393981933594;435.5371398925781;432.61541748046875;436.2584533691406;2618.172119140625;-10.348867416381836;2618.192626953125;99.99921417236328;242805.265625;2701.92578125;2016-07-13 09:45:00;2725.1932865984063;597.4577108599428;4.561315783632511;180.94960399262234;60;-2489.7398168738155;-2670.689420866438
2026-04-24 16:04:33;3.035942316055298;3.063728094100952;3.13643217086792;234.05056762695312;234.56112670898438;235.40577697753906;405.8228454589844;406.9419860839844;406.54547119140625;708.3069458007812;715.8724975585938;737.290283203125;-707.510986328125;-711.7797241210938;-735.0471801757812;17.65234375;90.43460845947266;72.1285400390625;0.9968549013137817;0.9906317591667175;0.9954061508178711;50.048030853271484;2165.802001953125;-2155.880615234375;173.60189819335938;0.9942513704299927;-3.200000047683716;-3.2109999656677246;-3.2190001010894775;-9.630000114440918;254.3000030517578;251.8000030517578;251.3000030517578;438.20001220703125;435.6000061035156;437.79998779296875;-2411.199951171875;-803.0999755859375;-804.7999877929688;-806.0999755859375;-43.599998474121094;-67.80000305175781;14.800000190734863;9.300000190734863;2418.800048828125;807.5999755859375;804.9000244140625;806.0999755859375;1.0;-0.9959999918937683;1.0;1.0;50.0;MPPT;50.05419921875;3.416644334793091;3.409172534942627;3.420548915863037;253.30865478515625;250.94381713867188;250.40359497070312;436.43359375;433.5693359375;437.10498046875;2577.4443359375;-6.302912712097168;2577.4521484375;99.99969482421875;242805.265625;2660.912109375;2016-07-13 10:00:00;2678.9898177070727;597.1444579706306;4.486334557657125;190.4768362807855;63;-2434.933185072146;-2625.4100213529314
2026-04-24 16:05:01;2.8566582202911377;2.8874948024749756;2.9580085277557373;234.16867065429688;234.71096801757812;235.5479278564453;406.0754089355469;407.29345703125;406.8670349121094;669.9057006835938;677.3271484375;696.6016845703125;-669.1094360351562;-671.9082641601562;-694.5349731445312;0.0;78.45499420166016;59.31267547607422;0.997404932975769;0.9911927580833435;0.9962570667266846;50.02475357055664;2045.147705078125;-2033.732421875;154.1831817626953;0.9941821694374084;-3.0179998874664307;-3.0250000953674316;-3.0360000133514404;-9.079000473022461;254.10000610351562;251.60000610351562;251.1999969482422;437.8999938964844;435.3999938964844;437.6000061035156;-2277.199951171875;-758.2000122070312;-758.0;-759.7000122070312;-65.4000015258789;-73.69999694824219;8.300000190734863;0.0;2279.39990234375;761.5999755859375;758.0999755859375;759.7000122070312;1.0;-0.9959999918937683;1.0;1.0;50.0;MPPT;50.03960418701172;3.239670753479004;3.2324166297912598;3.2434065341949463;253.18711853027344;250.7724151611328;250.44577026367188;436.2080383300781;433.3347473144531;437.1309509277344;2443.05908203125;-6.048837661743164;2443.066650390625;99.99968719482422;242805.265625;2525.0478515625;2016-07-13 10:15:00;2551.7387028970875;596.2817136715786;4.279418007278586;199.9972876207009;66;-2300.706641218445;-2500.7039288391456
2026-04-24 16:05:29;2.7223470211029053;2.750478982925415;2.8163511753082275;233.1321563720703;233.4987335205078;234.4927978515625;403.9906311035156;405.2864685058594;404.9490051269531;634.6961059570312;642.0661010742188;660.3673706054688;-632.1929931640625;-635.4655151367188;-658.0365600585938;0.0;77.26356506347656;58.882328033447266;0.9965728521347046;0.990220308303833;0.9953625798225403;50.021751403808594;1935.0889892578125;-1922.1549072265625;152.21304321289062;0.9938425421714783;-2.878999948501587;-2.884000062942505;-2.8929998874664307;-8.654000282287598;253.1999969482422;250.6999969482422;250.3000030517578;436.29998779296875;433.79998779296875;436.0;-2159.39990234375;-719.0;-719.2999877929688;-721.0;-46.099998474121094;-67.5999984741211;13.300000190734863;8.100000381469727;2164.800048828125;722.7000122070312;720.2000122070312;721.7999877929688;1.0;-0.9959999918937683;1.0;1.0;50.0;MPPT;50.02987289428711;3.0963637828826904;3.089360475540161;3.100226402282715;252.57598876953125;250.10633850097656;249.8341827392578;435.08001708984375;432.2268371582031;436.0956115722656;2329.15185546875;-5.767405986785889;2329.158935546875;99.99969482421875;242805.265625;2407.123046875;2016-07-13 10:30:00;2424.4875880871014;595.4189693725265;4.071901825099916;190.4768362807855;63;-2185.521000044574;-2375.9978363253595
2026-04-24 16:05:57;2.614356756210327;2.6422908306121826;2.706818103790283;233.62010192871094;233.9927520751953;234.7322540283203;404.6459045410156;405.68267822265625;405.3204650878906;611.868896484375;618.7433471679688;636.4742431640625;-608.9540405273438;-611.900390625;-631.7744140625;3.003854990005493;79.88549041748047;63.56439208984375;0.9962396025657654;0.9879821538925171;0.9938333034515381;50.010498046875;1867.016845703125;-1853.9530029296875;142.00314331054688;0.9946439862251282;-2.7839999198913574;-2.7899999618530273;-2.7960000038146973;-8.369999885559082;253.0;250.39999389648438;250.0;435.8999938964844;433.29998779296875;435.6000061035156;-2084.10009765625;-693.7000122070312;-694.5;-696.0;-45.099998474121094;-66.69999694824219;13.899999618530273;7.599999904632568;2087.699951171875;696.9000244140625;694.7000122070312;696.0999755859375;1.0;-0.9950000047683716;1.0;1.0;50.0;MPPT;50.01770782470703;2.9430289268493652;2.9357707500457764;2.9465248584747314;251.9893798828125;249.55081176757812;249.20013427734375;434.17669677734375;431.42144775390625;434.9776916503906;2202.175537109375;-0.11519801616668701;2202.175537109375;100.0;242805.265625;2278.533935546875;2016-07-13 10:45:00;2297.2364732771157;594.5562250734744;3.863783400793132;142.85423673646523;47;-2108.437507075108;-2251.2917438115733
2026-04-24 16:06:25;2.46282696723938;2.488534927368164;2.5484790802001953;233.0438232421875;233.47335815429688;234.4698028564453;404.0962219238281;405.30340576171875;404.9276123046875;571.0689086914062;578.6656494140625;596.984375;-569.4469604492188;-573.3023681640625;-593.9815673828125;11.296966552734375;82.59622955322266;67.52420043945312;0.9954122304916382;0.9858728051185608;0.993727445602417;50.0262565612793;1750.615966796875;-1735.108642578125;161.6451873779297;0.9917460680007935;-2.615999937057495;-2.625;-2.632999897003174;-7.874000072479248;252.89999389648438;250.39999389648438;249.89999389648438;435.79998779296875;433.20001220703125;435.3999938964844;-1959.5999755859375;-652.0999755859375;-652.7000122070312;-654.4000244140625;-23.399999618530273;-59.599998474121094;20.100000381469727;16.0;1962.300048828125;654.5999755859375;653.0;654.5999755859375;1.0;-0.9959999918937683;1.0;1.0;50.0;MPPT;50.037174224853516;2.7775423526763916;2.770275115966797;2.7814114093780518;251.86306762695312;249.26478576660156;248.9358367919922;433.5637512207031;430.8286437988281;434.5934753417969;2084.04248046875;-13.248809814453125;2084.08447265625;99.99798583984375;242805.265625;2158.201904296875;2016-07-13 11:00:00;2169.98535846713;593.6934807744223;3.655060108857133;142.85423673646523;47;-1983.7314145613223;-2126.5856512977875
2026-04-24 16:06:52;2.388150691986084;2.4146604537963867;2.475083112716675;233.55352783203125;233.9625244140625;234.8863983154297;404.93487548828125;406.13055419921875;405.6180725097656;558.468017578125;566.1831665039062;580.2792358398438;-553.9125366210938;-557.7750244140625;-579.4578857421875;0.0;76.04414367675781;61.4537353515625;0.9940478801727295;0.9871950745582581;0.9938514232635498;50.030757904052734;1709.8209228515625;-1695.8677978515625;137.47547912597656;0.991840124130249;-2.5490000247955322;-2.559999942779541;-2.566999912261963;-7.671000003814697;253.0;250.5;250.10000610351562;436.0;433.5;435.6000061035156;-1914.300048828125;-636.7000122070312;-638.0999755859375;-639.5;-34.5;-63.400001525878906;16.0;10.100000381469727;1914.800048828125;639.0999755859375;637.2999877929688;638.4000244140625;1.0;-0.9950000047683716;1.0;1.0;50.0;MPPT;50.04203796386719;2.7539663314819336;2.746917724609375;2.758044481277466;251.98666381835938;249.60446166992188;249.20660400390625;434.0421142578125;431.4139404296875;434.96881103515625;2066.794189453125;-18.248580932617188;2066.874755859375;99.99610137939453;242805.265625;2140.063720703125;2016-07-13 11:15:00;2155.380554641967;593.5944623001421;3.631065805920762;171.42915265270696;57;-1940.8437908964208;-2112.272943549128
2026-04-24 16:07:20;2.251471996307373;2.272230625152588;2.3284671306610107;233.58648681640625;234.25082397460938;235.12857055664062;405.6246032714844;406.8459777832031;406.5782470703125;525.3489379882812;532.2579345703125;548.4677734375;-521.9722900390625;-527.6056518554688;-545.6063232421875;0.0;74.19127655029297;61.10329055786133;0.9920397996902466;0.98506760597229;0.9920779466629028;50.03001022338867;1612.32666015625;-1594.840576171875;138.82025146484375;0.9904003739356995;-2.4110000133514404;-2.4140000343322754;-2.4200000762939453;-7.244999885559082;253.6999969482422;251.0;250.6999969482422;437.0;434.3999938964844;436.79998779296875;-1808.0;-601.2000122070312;-602.0999755859375;-603.5999755859375;-38.79999923706055;-64.9000015258789;15.399999618530273;10.600000381469727;1810.5;604.2999877929688;602.2999877929688;603.7000122070312;1.0;-0.9940000176429749;1.0;1.0;50.0;MPPT;50.0393180847168;2.72320294380188;2.7160308361053467;2.7272605895996094;252.63050842285156;250.24615478515625;249.9897918701172;435.27850341796875;432.5256042480469;436.20465087890625;2049.3271484375;2.8328018188476562;2049.3291015625;-99.99990844726562;242805.265625;2121.6572265625;2016-07-13 11:30:00;2140.775750816804;593.4954438258619;3.607063496590095;266.66757079309974;88;-1831.292665007368;-2097.9602358004677
2026-04-24 16:07:50;2.3361740112304688;2.3689615726470947;2.426384449005127;234.11256408691406;234.52786254882812;235.64187622070312;405.8170471191406;407.32293701171875;406.815185546875;548.4727172851562;556.1716918945312;571.859375;-543.632080078125;-547.110107421875;-567.565673828125;3.317478656768799;80.3281021118164;65.68429565429688;0.9936147332191467;0.984979510307312;0.9915394186973572;50.03901672363281;1675.366943359375;-1659.757568359375;135.41738891601562;0.9919370412826538;-2.50600004196167;-2.507999897003174;-2.513000011444092;-7.5269999504089355;253.6999969482422;251.0;251.0;437.0;434.70001220703125;437.0;-1875.5;-623.9000244140625;-626.2000122070312;-627.4000244140625;-44.70000076293945;-68.0;14.0;9.100000381469727;1883.0999755859375;629.0999755859375;626.4000244140625;627.5;1.0;-0.9940000176429749;1.0;1.0;50.0;MPPT;50.04924392700195;2.7129533290863037;2.7055022716522217;2.7167513370513916;252.5673828125;250.20950317382812;249.81988525390625;435.2245788574219;432.3433532714844;435.9747619628906;2040.841796875;-4.925704002380371;2040.8477783203125;99.99971008300781;242805.265625;2112.465087890625;2016-07-13 11:45:00;2126.1859725099794;593.3965272224401;3.5830778829498593;180.94960399262234;60;-1902.7126490671574;-2083.6622530597797
2026-04-24 16:08:19;2.366689682006836;2.3896923065185547;2.4476962089538574;233.72264099121094;234.3839874267578;235.2801513671875;405.544677734375;406.7770690917969;406.1977844238281;551.9373168945312;559.9408569335938;576.3032836914062;-550.3353881835938;-553.3123779296875;-572.3477172851562;0.0;72.4905776977539;56.65544509887695;0.9950820803642273;0.9881599545478821;0.9932591319084167;50.018001556396484;1690.141845703125;-1675.8109130859375;137.1876220703125;0.992110013961792;-2.5250000953674316;-2.5309998989105225;-2.5369999408721924;-7.5929999351501465;253.39999389648438;251.0;250.5;436.6000061035156;434.20001220703125;436.29998779296875;-1894.0;-630.0;-631.2999877929688;-632.5999755859375;-34.29999923706055;-64.0;16.899999618530273;12.699999809265137;1897.300048828125;633.4000244140625;631.4000244140625;632.4000244140625;1.0;-0.9940000176429749;1.0;1.0;50.0;MPPT;50.03108596801758;2.6970601081848145;2.69001841545105;2.7008209228515625;252.1261749267578;249.65228271484375;249.6147003173828;434.4002685546875;431.6313781738281;435.42572021484375;2025.666259765625;-5.241648197174072;2026.3773193359375;99.99967193603516;242805.265625;2097.841064453125;2016-07-13 12:00:00;2111.5811686848165;593.29750874816;3.5590595570512162;152.38146902462842;50;-1916.9680762864916;-2069.34954531112
2026-04-24 16:08:52;2.271012306213379;2.2952260971069336;2.3471858501434326;233.5729522705078;234.27952575683594;235.1482391357422;405.5850830078125;406.8719177246094;406.26580810546875;531.3004760742188;537.4280395507812;553.109130859375;-526.2737426757812;-529.8765869140625;-549.6073608398438;0.0;74.48970031738281;59.34531784057617;0.9934281706809998;0.9871604442596436;0.9929236173629761;50.021751403808594;1622.16796875;-1606.39404296875;136.86734008789062;0.9919222593307495;-2.428999900817871;-2.428999900817871;-2.434999942779541;-7.293000221252441;253.5;251.1999969482422;250.6999969482422;437.0;434.6000061035156;436.6000061035156;-1817.4000244140625;-604.4000244140625;-606.7999877929688;-608.4000244140625;-41.79999923706055;-66.5;14.300000190734863;10.399999618530273;1824.5;609.0;607.0;608.4000244140625;1.0;-0.9940000176429749;1.0;1.0;50.0;MPPT;50.02743911743164;2.580066204071045;2.5730082988739014;2.5842020511627197;252.6708221435547;250.3340301513672;249.98727416992188;435.3926696777344;432.588623046875;436.2442321777344;1942.009521484375;-2.3415608406066895;1942.010986328125;99.99992370605469;242805.265625;2011.4228515625;2016-07-13 12:15:00;2027.9942101669337;592.7308011633652;3.4214422570693928;142.85423673646523;47;-1844.5800892271297;-1987.434325963595
2026-04-24 16:09:20;2.1188926696777344;2.1438543796539307;2.1962075233459473;234.20755004882812;234.6912384033203;235.62538146972656;406.0467834472656;407.3003845214844;406.7843322753906;495.94232177734375;502.79913330078125;517.526611328125;-492.5101623535156;-496.49566650390625;-514.6416625976562;0.0;71.21112060546875;57.26714324951172;0.9904127717018127;0.9855563640594482;0.9918503165245056;50.02100372314453;1515.9989013671875;-1500.7017822265625;129.0302734375;0.9888169765472412;-2.2799999713897705;-2.2750000953674316;-2.2820000648498535;-6.836999893188477;253.60000610351562;251.0;250.6999969482422;436.8999938964844;434.3999938964844;436.70001220703125;-1705.300048828125;-567.0;-567.5999755859375;-569.2000122070312;-42.70000076293945;-66.9000015258789;13.800000190734863;10.199999809265137;1707.5999755859375;570.5;567.7000122070312;569.2999877929688;1.0;-0.9929999709129333;1.0;1.0;50.0;MPPT;50.029876708984375;2.478724241256714;2.471558094024658;2.483065605163574;252.56080627441406;250.14114379882812;249.852783203125;435.1095275878906;432.3259582519531;436.0296630859375;1864.605224609375;-9.526461601257324;1864.629638671875;99.99868774414062;242805.265625;1932.868896484375;2016-07-13 12:30:00;1944.4072516490505;592.1640935785705;3.283561554532282;171.42915265270696;57;-1734.0899539633624;-1905.5191066160694
2026-04-24 16:09:49;2.043947458267212;2.06404447555542;2.1194398403167725;234.13601684570312;234.2974090576172;235.35496520996094;405.41461181640625;406.7553405761719;406.39898681640625;478.35882568359375;484.22296142578125;498.48974609375;-473.7142639160156;-477.5917053222656;-494.1714782714844;0.0;64.92951202392578;53.78907775878906;0.9928194284439087;0.9856799244880676;0.9910686612129211;50.00674819946289;1459.2227783203125;-1442.3458251953125;127.73268127441406;0.989717960357666;-2.197000026702881;-2.2019999027252197;-2.2060000896453857;-6.605000019073486;253.5;250.60000610351562;250.5;436.5;433.8999938964844;436.3999938964844;-1644.5999755859375;-546.5999755859375;-547.5999755859375;-549.2000122070312;-43.0;-67.9000015258789;14.300000190734863;10.600000381469727;1648.0999755859375;550.7999877929688;547.7999877929688;549.2999877929688;1.0;-0.9929999709129333;1.0;1.0;50.0;MPPT;50.01649475097656;2.3716676235198975;2.3648502826690674;2.3752360343933105;252.2357177734375;249.8275146484375;249.4945831298828;434.5783386230469;431.82958984375;435.3363342285156;1781.572509765625;-4.451668739318848;1781.578125;99.99968719482422;242805.265625;1848.2991943359375;2016-07-13 12:45:00;1860.8202931311678;591.5973859937757;3.145416692477992;152.38146902462842;50;-1671.222418243916;-1823.6038872685444
2026-04-24 16:10:18;1.9067909717559814;1.933616280555725;1.9831748008728027;233.57208251953125;233.89059448242188;235.08758544921875;405.0888977050781;406.3546447753906;405.9451904296875;445.9661560058594;451.8681945800781;465.5260314941406;-441.59124755859375;-445.83056640625;-462.272216796875;0.0;66.88927459716797;53.78904342651367;0.9881791472434998;0.9824907183647156;0.9904049038887024;49.99924850463867;1365.1932373046875;-1343.9970703125;117.24697875976562;0.9881874918937683;-2.065000057220459;-2.059999942779541;-2.059999942779541;-6.193999767303467;253.39999389648438;250.8000030517578;250.39999389648438;436.6000061035156;434.0;436.29998779296875;-1535.199951171875;-510.29998779296875;-511.70001220703125;-513.0999755859375;-49.5;-70.5;13.300000190734863;10.5;1541.9000244140625;515.4000244140625;512.7000122070312;513.7000122070312;1.0;-0.9919999837875366;1.0;1.0;49.900001525878906;MPPT;50.01163101196289;2.261569023132324;2.2544097900390625;2.2647924423217773;252.33697509765625;249.6938018798828;249.48997497558594;434.6247253417969;431.6390380859375;435.416748046875;1698.56640625;-4.2835564613342285;1698.57177734375;99.99968719482422;242805.265625;1765.0623779296875;2016-07-13 13:00:00;1777.2333346132848;591.030678408981;3.0070069110413864;171.42915265270696;57;-1570.259515268312;-1741.688667921019
2026-04-24 16:10:43;1.75062894821167;1.7776877880096436;1.8231401443481445;234.3031768798828;234.70338439941406;235.65994262695312;406.2513427734375;407.28167724609375;406.9315490722656;410.9942932128906;417.0686340332031;429.82476806640625;-405.46240234375;-408.9212646484375;-424.423583984375;0.0;64.65579223632812;53.16919708251953;0.9853256940841675;0.9803862571716309;0.9878716468811035;50.00075149536133;1256.5968017578125;-1236.8914794921875;130.3120880126953;0.9841676354408264;-1.909000039100647;-1.906999945640564;-1.9129999876022339;-5.729000091552734;253.8000030517578;251.10000610351562;250.8000030517578;437.20001220703125;434.6000061035156;436.8999938964844;-1422.4000244140625;-472.3999938964844;-474.0;-475.8999938964844;-31.700000762939453;-63.79999923706055;17.299999237060547;14.600000381469727;1427.300048828125;476.70001220703125;474.3999938964844;476.1000061035156;1.0;-0.9919999837875366;0.9990000128746033;0.9990000128746033;50.0;MPPT;50.01649856567383;2.246060371398926;2.239457130432129;2.2505812644958496;252.61447143554688;250.00271606445312;249.65945434570312;435.0931701660156;432.05413818359375;435.8406982421875;1688.919921875;-20.005035400390625;1687.6336669921875;99.99297332763672;242805.265625;1753.345703125;2016-07-13 13:15:00;1765.333124089078;590.9499966891971;2.9872800304245257;276.1880221330151;92;-1453.8384394742811;-1730.0264616072964
2026-04-24 16:11:11;1.7038960456848145;1.7255553007125854;1.7709261178970337;234.50616455078125;234.7956085205078;235.8251190185547;406.3754577636719;407.5473937988281;407.1387634277344;398.8674621582031;404.76641845703125;417.2293701171875;-393.2217102050781;-397.1020202636719;-413.0606384277344;-1.1429059505462646;64.40520477294922;53.21246337890625;0.9863013625144958;0.9802791476249695;0.9885565042495728;49.99850082397461;1222.9339599609375;-1205.0128173828125;104.32188415527344;0.9832983613014221;-1.8680000305175781;-1.8609999418258667;-1.8660000562667847;-5.59499979019165;253.89999389648438;251.3000030517578;250.89999389648438;437.3999938964844;434.79998779296875;437.1000061035156;-1387.699951171875;-460.8999938964844;-462.6000061035156;-464.20001220703125;-55.400001525878906;-71.5;9.300000190734863;6.699999809265137;1393.4000244140625;464.3999938964844;460.8999938964844;462.70001220703125;-0.9990000128746033;-0.9890000224113464;1.0;1.0;49.900001525878906;MPPT;50.00919723510742;2.2266347408294678;2.2202296257019043;2.2305829524993896;252.79052734375;250.3053436279297;249.99301147460938;435.4730529785156;432.6531066894531;436.2677917480469;1676.115966796875;2.3775711059570312;1676.11767578125;-99.9999008178711;242805.265625;1741.01025390625;2016-07-13 13:30:00;1753.4178880465324;590.869213098555;2.9675228446097233;304.76293804925683;101;-1413.586592236345;-1718.3495302856018
2026-04-24 16:11:39;1.6685900688171387;1.6859519481658936;1.731791377067566;234.2652130126953;234.34754943847656;235.4407958984375;405.517333984375;406.755859375;406.4388732910156;391.1524963378906;396.2452392578125;408.7659912109375;-384.5187072753906;-388.17919921875;-403.6083679199219;-3.6535885334014893;62.64668655395508;50.1717529296875;0.9818947911262512;0.9814675450325012;0.9887864589691162;49.97976303100586;1194.8175048828125;-1178.120361328125;110.43472290039062;0.9847067594528198;-1.8270000219345093;-1.8229999542236328;-1.8229999542236328;-5.4730000495910645;253.10000610351562;250.39999389648438;250.10000610351562;436.0;433.3999938964844;435.70001220703125;-1356.0999755859375;-450.29998779296875;-451.3999938964844;-452.79998779296875;-43.900001525878906;-67.30000305175781;13.100000381469727;10.199999809265137;1359.0999755859375;454.6000061035156;451.6000061035156;452.8999938964844;-0.9990000128746033;-0.9890000224113464;1.0;1.0;50.0;MPPT;49.988525390625;2.2175652980804443;2.210256814956665;2.2208526134490967;252.1171417236328;249.51705932617188;249.25936889648438;434.2393493652344;431.2534484863281;435.1007080078125;1664.10205078125;-4.191493034362793;1664.1072998046875;99.99968719482422;242805.265625;1729.62890625;2016-07-13 13:45:00;1741.5176775223254;590.7885313787712;2.947785180355489;323.81062167733535;107;-1382.8767022945435;-1706.6873239718789
2026-04-24 16:12:05;1.7781206369400024;1.7975419759750366;1.8453869819641113;233.59506225585938;233.89663696289062;234.9691925048828;404.9580993652344;406.1056213378906;405.87298583984375;413.3111572265625;418.8637390136719;433.1620788574219;-408.1162109375;-412.5995788574219;-429.00421142578125;0.0;69.89115905761719;58.54100799560547;0.9842367768287659;0.9792162179946899;0.9871059656143188;49.99924850463867;1270.00927734375;-1250.291259765625;132.51817321777344;0.9846934080123901;-1.937000036239624;-1.937000036239624;-1.937999963760376;-5.811999797821045;253.3000030517578;250.3000030517578;250.3000030517578;438.29998779296875;431.29998779296875;436.1000061035156;-1434.800048828125;-476.70001220703125;-480.1000061035156;-481.5;-20.200000762939453;-60.20000076293945;21.700000762939453;18.200000762939453;1445.300048828125;482.70001220703125;480.6000061035156;481.8999938964844;1.0;-0.9919999837875366;0.9990000128746033;0.9990000128746033;50.0;MPPT;50.012847900390625;2.19573974609375;2.1888539791107178;2.1992266178131104;252.31251525878906;249.6807861328125;249.381103515625;434.6095886230469;431.50634765625;435.3108215332031;1648.683837890625;-26.652816772460938;1648.8992919921875;99.98693084716797;242805.265625;1715.0052490234375;2016-07-13 14:00:00;1729.6024414797798;590.707747788129;2.9280171928608962;228.57220353694262;76;-1466.4381891132416;-1695.0103926501843
2026-04-24 16:12:32;1.6346553564071655;1.6565661430358887;1.7005071640014648;234.4972381591797;234.82139587402344;235.78114318847656;406.451416015625;407.3712158203125;407.183349609375;384.3188781738281;388.5712890625;400.72314453125;-378.07501220703125;-381.63543701171875;-396.4444274902344;-14.9533052444458;56.87683868408203;45.0954704284668;0.9816811084747314;0.9824345707893372;0.9906006455421448;49.98426055908203;1175.4921875;-1154.7921142578125;86.10081481933594;0.9839602708816528;-1.8020000457763672;-1.7910000085830688;-1.7970000505447388;-5.389999866485596;253.60000610351562;250.89999389648438;250.5;436.8999938964844;434.20001220703125;436.5;-1329.199951171875;-441.3999938964844;-443.0;-444.70001220703125;-65.30000305175781;-75.0999984741211;6.300000190734863;3.4000000953674316;1335.5999755859375;447.70001220703125;443.0;444.70001220703125;-0.9990000128746033;-0.9860000014305115;1.0;1.0;49.900001525878906;MPPT;49.989349365234375;2.096522092819214;2.08984375;2.1007370948791504;252.4135284423828;249.75375366210938;249.45179748535156;434.8074645996094;431.5836486816406;435.4594421386719;1574.9822998046875;16.92588233947754;1575.0732421875;-99.99422454833984;242805.265625;1638.215087890625;2016-07-13 14:15:00;1652.491481365853;590.1849465432671;2.7999553208609447;257.14033850493655;85;-1362.301313233599;-1619.4416517385357
2026-04-24 16:13:00;1.591511607170105;1.6071460247039795;1.6501871347427368;233.9208221435547;234.2041473388672;235.25367736816406;405.57305908203125;406.6763000488281;406.4400634765625;373.050537109375;377.2773132324219;388.1317443847656;-365.6208801269531;-369.2755126953125;-383.95037841796875;-10.388041496276855;60.483001708984375;50.98548126220703;0.9826809167861938;0.9775586128234863;0.9870257377624512;49.970027923583984;1137.00341796875;-1116.6400146484375;122.07237243652344;0.9821324348449707;-1.7489999532699585;-1.7450000047683716;-1.7489999532699585;-5.243000030517578;252.89999389648438;250.10000610351562;249.89999389648438;435.6000061035156;433.0;435.3999938964844;-1292.5;-429.29998779296875;-430.8999938964844;-433.0;-26.899999618530273;-62.099998474121094;19.0;16.100000381469727;1298.699951171875;434.0;431.29998779296875;433.29998779296875;1.0;-0.9900000095367432;0.9990000128746033;1.0;49.900001525878906;MPPT;49.97882843017578;2.004030466079712;1.996629238128662;2.0075833797454834;251.67340087890625;248.92112731933594;248.85194396972656;433.3575744628906;430.3651123046875;434.3631896972656;1500.8663330078125;-14.249600410461426;1500.9339599609375;99.99549102783203;242805.265625;1563.7115478515625;2016-07-13 14:30:00;1575.3805212519262;589.6621452984052;2.671666366601653;219.0449712487794;73;-1324.8279395781083;-1543.8729108268876
2026-04-24 16:13:31;1.5235730409622192;1.537145972251892;1.5753811597824097;234.42959594726562;233.67259216308594;235.87840270996094;406.0528869628906;407.1585693359375;406.9850158691406;354.5463562011719;358.7624206542969;369.84130859375;-348.3521423339844;-350.9901123046875;-365.6647644042969;-12.055609703063965;59.976165771484375;49.18277359008789;0.9791329503059387;0.9784139394760132;0.985672652721405;49.95280838012695;1086.224609375;-1061.65380859375;91.34210205078125;0.98027503490448;-1.6660000085830688;-1.6519999504089355;-1.656999945640564;-4.974999904632568;253.60000610351562;250.8000030517578;250.5;436.79998779296875;434.1000061035156;436.5;-1237.5;-410.8999938964844;-409.79998779296875;-411.6000061035156;-53.0;-71.19999694824219;10.5;7.599999904632568;1236.0999755859375;414.3999938964844;410.0;411.6000061035156;-0.9990000128746033;-0.984000027179718;1.0;1.0;49.900001525878906;MPPT;49.958160400390625;1.885591983795166;1.8785326480865479;1.8894282579421997;252.31375122070312;249.67938232421875;249.31365966796875;434.69207763671875;431.3716735839844;435.24615478515625;1415.76416015625;-0.948965847492218;1415.764404296875;99.99998474121094;242805.265625;1479.3333740234375;2016-07-13 14:45:00;1498.2575407233285;589.1392625568567;2.5431296739940747;199.9972876207009;66;-1268.295102288161;-1468.2923899088619
2026-04-24 16:14:01;1.4321485757827759;1.4516520500183105;1.4911013841629028;234.27313232421875;234.41322326660156;235.49337768554688;405.8812255859375;407.107177734375;407.0057067871094;335.59173583984375;340.2212829589844;351.2586975097656;-327.2513122558594;-331.6131896972656;-345.5792236328125;-13.529582023620605;57.657230377197266;45.96446228027344;0.975802481174469;0.9747567772865295;0.9843471050262451;49.96403884887695;1027.8118896484375;-1003.384033203125;95.45096588134766;0.9781657457351685;-1.593999981880188;-1.5759999752044678;-1.5839999914169312;-4.754000186920166;253.5;250.6999969482422;250.3000030517578;436.6000061035156;433.79998779296875;436.29998779296875;-1171.800048828125;-388.79998779296875;-390.5;-392.29998779296875;-43.20000076293945;-67.80000305175781;13.399999618530273;11.100000381469727;1178.0999755859375;394.70001220703125;390.79998779296875;392.5;1.0;-0.9860000014305115;0.9990000128746033;0.9990000128746033;49.900001525878906;MPPT;49.98000717163086;1.796140432357788;1.7893694639205933;1.800264835357666;252.3473358154297;249.72415161132812;249.35719299316406;434.7182312011719;431.49102783203125;435.3133850097656;1348.966552734375;-4.874421119689941;1348.975341796875;99.99935150146484;242805.265625;1411.798583984375;2016-07-13 15:00:00;1421.1420729539;588.6164307507373;2.4143771711254085;190.4768362807855;63;-1202.2423952140366;-1392.719231494822
2026-04-24 16:14:29;1.3433234691619873;1.3618862628936768;1.4006175994873047;234.01258850097656;234.23789978027344;235.18942260742188;405.6737976074219;406.8309326171875;406.58319091796875;314.8956298828125;319.37921142578125;329.7909240722656;-305.92266845703125;-308.9852294921875;-322.8447570800781;-10.990909576416016;59.609806060791016;50.42460632324219;0.9691103100776672;0.9720441102981567;0.9808693528175354;49.98276138305664;963.6839599609375;-937.8533935546875;96.47259521484375;0.9741520881652832;-1.5049999952316284;-1.4839999675750732;-1.4869999885559082;-4.4679999351501465;253.1999969482422;250.3000030517578;250.0;436.0;433.20001220703125;435.70001220703125;-1102.300048828125;-365.79998779296875;-367.20001220703125;-367.8999938964844;-31.700000762939453;-63.79999923706055;16.899999618530273;15.0;1104.4000244140625;369.8999938964844;366.20001220703125;368.20001220703125;-0.9990000128746033;-0.9829999804496765;0.9990000128746033;0.9990000128746033;49.900001525878906;MPPT;49.9909553527832;1.6475903987884521;1.6404719352722168;1.6522647142410278;252.03579711914062;249.36961364746094;248.99180603027344;434.1047058105469;430.9267883300781;434.70269775390625;1235.744384765625;-3.144810438156128;1235.7484130859375;99.99967193603516;242805.265625;1293.19580078125;2016-07-13 15:15:00;1301.2639799926876;587.8036744818594;2.2137731295057543;142.85423673646523;47;-1132.3844636563686;-1275.2387003928338
2026-04-24 16:14:58;1.1691622734069824;1.1702706813812256;1.2051420211791992;233.6900177001953;233.9988555908203;234.80636596679688;404.9895324707031;406.0514831542969;405.70745849609375;272.90264892578125;273.8538818359375;282.51165771484375;-260.18243408203125;-264.55694580078125;-276.7598571777344;-20.636686325073242;51.716827392578125;43.653018951416016;0.9584242701530457;0.9625989198684692;0.9758407473564148;49.978267669677734;829.7821044921875;-802.205810546875;88.62691497802734;0.9658201932907104;-1.312000036239624;-1.2960000038146973;-1.3020000457763672;-3.9100000858306885;252.3000030517578;249.60000610351562;249.1999969482422;434.6000061035156;431.8999938964844;434.29998779296875;-950.7999877929688;-314.70001220703125;-317.3999938964844;-319.3999938964844;-27.899999618530273;-62.79999923706055;17.100000381469727;17.700000762939453;959.4000244140625;321.5;317.8999938964844;319.8999938964844;1.0;-0.9819999933242798;0.9980000257492065;0.9980000257492065;49.900001525878906;MPPT;49.9909553527832;1.4947104454040527;1.488479733467102;1.4993469715118408;251.28062438964844;248.68392944335938;248.2692108154297;432.88726806640625;429.6899108886719;433.593017578125;1118.1951904296875;-21.096921920776367;1118.3941650390625;99.98220825195312;242805.265625;1173.969482421875;2016-07-13 15:30:00;1181.385887031475;586.9909182129815;2.012613569266204;171.42915265270696;57;-986.3290166381385;-1157.7581692908454
2026-04-24 16:15:27;0.9633052349090576;0.973969578742981;1.0018466711044312;234.53488159179688;234.52041625976562;235.6410369873047;406.2151794433594;407.1812744140625;407.1571350097656;226.97459411621094;228.36221313476562;236.1881561279297;-212.3388214111328;-215.6780242919922;-226.92935180664062;-17.442150115966797;53.81363296508789;47.82958221435547;0.9335235953330994;0.9492044448852539;0.9635199904441833;50.01499938964844;690.268310546875;-655.4906616210938;87.01377868652344;0.947236180305481;-1.11899995803833;-1.093000054359436;-1.093999981880188;-3.305999994277954;253.3000030517578;250.60000610351562;250.39999389648438;438.5;431.6000061035156;436.20001220703125;-798.4000244140625;-264.0;-266.3999938964844;-268.0;-22.600000381469727;-61.29999923706055;20.100000381469727;18.600000381469727;806.7999877929688;271.0;267.1000061035156;268.6000061035156;1.0;-0.9739999771118164;0.996999979019165;0.996999979019165;50.0;MPPT;50.031089782714844;1.3383004665374756;1.3311481475830078;1.3423689603805542;252.0992889404297;249.40286254882812;249.27554321289062;434.3757629394531;431.0975646972656;434.9248352050781;1003.7554931640625;-20.825334548950195;1003.9714965820312;99.97848510742188;242805.265625;1055.6365966796875;2016-07-13 15:45:00;1061.5092966220966;586.1781721311893;1.810898711500513;209.52451990886405;69;-830.7545907807905;-1040.2791106896545
2026-04-24 16:15:53;0.8277696371078491;0.8268330097198486;0.8488752245903015;234.17349243164062;234.5702362060547;235.59974670410156;406.0110778808594;407.16912841796875;406.8812255859375;194.5836639404297;193.04791259765625;199.6532745361328;-177.37933349609375;-180.63296508789062;-190.4005126953125;-27.318864822387695;43.027530670166016;38.63102340698242;0.902458131313324;0.937920093536377;0.9561378955841064;50.03376388549805;587.93017578125;-548.91748046875;56.224082946777344;0.9336439967155457;-0.9890000224113464;-0.9409999847412109;-0.9390000104904175;-2.86899995803833;253.10000610351562;250.39999389648438;250.10000610351562;438.20001220703125;431.20001220703125;435.70001220703125;-678.2000122070312;-223.60000610351562;-227.39999389648438;-229.0;-48.599998474121094;-70.0;11.0;10.399999618530273;692.4000244140625;235.3000030517578;227.6999969482422;229.3000030517578;-0.9980000257492065;-0.9549999833106995;0.9990000128746033;0.9990000128746033;50.0;MPPT;50.04446792602539;1.1788753271102905;1.1715747117996216;1.182751178741455;251.9423065185547;249.00054931640625;249.10678100585938;433.96856689453125;430.51458740234375;434.6500549316406;883.2714233398438;4.2834601402282715;883.2817993164062;-99.99882507324219;242805.265625;932.9194946289062;2016-07-13 16:00:00;941.6312036608841;585.3654158623114;1.6086211760114866;209.52451990886405;69;-713.2740596788024;-922.7985795876664
2026-04-24 16:16:20;0.8573755025863647;0.8512539267539978;0.8773185610771179;234.19955444335938;234.29336547851562;235.69810485839844;405.8955993652344;407.1662902832031;406.9670104980469;200.27297973632812;200.0015106201172;206.98919677734375;-182.63363647460938;-185.7801513671875;-195.6842803955078;-17.92300796508789;52.862911224365234;45.32764434814453;0.9109070301055908;0.9309728145599365;0.9567879438400269;50.06230926513672;608.319091796875;-567.18408203125;53.93052673339844;0.9350970387458801;-1.0110000371932983;-0.972000002861023;-0.9700000286102295;-2.953000068664551;252.8000030517578;250.0;250.0;435.3999938964844;433.0;435.3999938964844;-700.0999755859375;-231.0;-234.39999389648438;-236.10000610351562;-41.70000076293945;-67.5;13.300000190734863;12.399999618530273;712.7999877929688;241.60000610351562;234.6999969482422;236.5;-0.996999979019165;-0.9549999833106995;0.9990000128746033;0.9990000128746033;50.0;MPPT;50.06588363647461;1.2245922088623047;1.21736478805542;1.2285292148590088;252.0242156982422;249.29742431640625;249.30178833007812;434.1622619628906;431.032470703125;434.9319152832031;918.3243408203125;4.977073669433594;918.3378295898438;-99.99852752685547;242805.265625;969.2382202148438;2016-07-13 16:15:00;975.2613188064397;585.5934232173873;1.6654239616424067;219.0449712487794;73;-736.7111211815316;-955.7560924303109
2026-04-24 16:16:47;0.8712111115455627;0.8702489137649536;0.8965888023376465;234.3853759765625;234.5748291015625;235.75283813476562;406.00079345703125;407.1035461425781;407.02532958984375;203.491455078125;204.14129638671875;211.46429443359375;-187.47747802734375;-191.21974182128906;-201.881103515625;-19.062902450561523;50.98708724975586;42.25246047973633;0.9182345271110535;0.9449593424797058;0.9625459313392639;50.07057571411133;617.4332275390625;-582.9341430664062;43.387550354003906;0.9436456561088562;-1.0240000486373901;-0.9779999852180481;-0.9829999804496765;-2.984999895095825;252.8000030517578;250.10000610351562;249.8000030517578;435.29998779296875;432.70001220703125;435.0;-714.5999755859375;-235.60000610351562;-238.3000030517578;-240.60000610351562;-50.400001525878906;-69.80000305175781;9.899999618530273;9.399999618530273;725.0999755859375;247.60000610351562;238.89999389648438;241.10000610351562;-0.9959999918937683;-0.9520000219345093;1.0;1.0;50.0;MPPT;50.061241149902344;1.2725344896316528;1.2652641534805298;1.2761398553848267;251.6548614501953;248.99778747558594;248.75001525878906;433.44976806640625;430.0772705078125;434.0200500488281;955.741943359375;23.98470687866211;956.0428466796875;-99.9685287475586;242805.265625;1005.096923828125;2016-07-13 16:30:00;1008.8914339519953;585.8214305724633;1.7221825308884806;238.09265487685795;79;-750.6209503960973;-988.7136052729553
2026-04-24 16:17:15;0.8735170960426331;0.8577371835708618;0.8846245408058167;234.1971435546875;234.474365234375;235.55580139160156;405.8474426269531;406.61383056640625;406.4575500488281;203.60415649414062;201.0018768310547;208.55184936523438;-185.42324829101562;-189.53050231933594;-199.6391143798828;-22.635526657104492;47.17658996582031;40.290035247802734;0.9121566414833069;0.9419503808021545;0.9594902992248535;50.03301239013672;613.966796875;-574.1956787109375;62.000572204589844;0.9357731938362122;-1.0230000019073486;-0.9739999771118164;-0.9800000190734863;-2.9769999980926514;252.39999389648438;249.6999969482422;249.5;434.79998779296875;432.29998779296875;434.6000061035156;-710.2000122070312;-234.3000030517578;-235.1999969482422;-237.3000030517578;-41.79999923706055;-66.80000305175781;12.600000381469727;12.300000190734863;715.5999755859375;242.3000030517578;235.60000610351562;237.6999969482422;-0.9980000257492065;-0.9599999785423279;0.9990000128746033;0.9990000128746033;50.0;MPPT;50.03960037231445;1.3181840181350708;1.3114320039749146;1.322262167930603;251.28057861328125;248.60765075683594;248.39309692382812;432.74493408203125;429.7329406738281;433.5909118652344;985.669189453125;1.4686706066131592;985.6702880859375;-99.99988555908203;242805.265625;1037.5740966796875;2016-07-13 16:45:00;1042.5215490975506;586.0494379275392;1.7788969353579533;276.1880221330151;92;-745.4830959825845;-1021.6711181155996
2026-04-24 16:17:41;1.0116053819656372;1.0011731386184692;1.031185269355774;233.43865966796875;233.6007843017578;234.67901611328125;404.2923889160156;405.6266174316406;405.45611572265625;234.27627563476562;234.39830017089844;242.96337890625;-219.94046020507812;-223.55087280273438;-235.19235229492188;-15.422537803649902;51.814125061035156;45.941932678222656;0.9387239813804626;0.9514569044113159;0.9661180973052979;50.02100372314453;712.8109130859375;-678.7704467773438;81.78448486328125;0.9524655342102051;-1.1549999713897705;-1.1269999742507935;-1.128000020980835;-3.4100000858306885;252.1999969482422;249.5;249.3000030517578;434.3999938964844;431.8999938964844;434.29998779296875;-822.7999877929688;-271.8999938964844;-273.79998779296875;-275.8999938964844;-32.20000076293945;-63.400001525878906;15.899999618530273;15.199999809265137;829.2999877929688;278.6000061035156;274.29998779296875;276.29998779296875;-0.9990000128746033;-0.9739999771118164;0.9980000257492065;0.9980000257492065;50.0;MPPT;50.031089782714844;1.3561567068099976;1.34958016872406;1.3603591918945312;251.0666046142578;248.4493865966797;248.36080932617188;432.3488464355469;429.62939453125;433.39044189453125;1013.5221557617188;-13.652547836303711;1013.6141357421875;99.99092864990234;242805.265625;1066.9354248046875;2016-07-13 17:00:00;1076.151664243106;586.2774452826152;1.8355672265787863;199.9972876207009;66;-854.6313433375431;-1054.628630958244
2026-04-24 16:18:09;0.9208950400352478;0.9208958148956299;0.94999760389328;233.54051208496094;233.83462524414062;234.99525451660156;405.04254150390625;406.080322265625;406.0888671875;215.8490447998047;215.2322235107422;223.41226196289062;-200.13711547851562;-203.75735473632812;-215.10572814941406;-22.13962173461914;45.867252349853516;40.089332580566406;0.9264349937438965;0.9523252248764038;0.9657719135284424;50.03001022338867;653.2567138671875;-619.18896484375;50.187652587890625;0.9499732851982117;-1.0809999704360962;-1.0379999876022339;-1.0369999408721924;-3.1559998989105225;253.0;249.89999389648438;250.10000610351562;435.5;433.0;435.3999938964844;-755.7000122070312;-249.6999969482422;-252.10000610351562;-253.8000030517578;-57.79999923706055;-72.9000015258789;7.699999809265137;7.199999809265137;766.2999877929688;260.1000061035156;252.3000030517578;253.5;-0.996999979019165;-0.9589999914169312;1.0;1.0;50.0;MPPT;50.03582763671875;1.3154436349868774;1.3080103397369385;1.319359540939331;251.72308349609375;249.02688598632812;248.87306213378906;433.4463806152344;430.5687255859375;434.37713623046875;985.0624389648438;17.925621032714844;985.2255249023438;-99.98344421386719;242805.265625;1036.806640625;2016-07-13 17:15:00;1041.4938036431874;586.0424699608307;1.7771643814701652;228.57220353694262;76;-792.0917240333811;-1020.6639275703237
2026-04-24 16:18:34;0.6271360516548157;0.5829744338989258;0.6013188362121582;234.20713806152344;234.5415496826172;235.53977966308594;406.0125732421875;407.0719299316406;406.91015625;145.2882843017578;136.21847534179688;141.23109436035156;-117.33576965332031;-120.05078887939453;-128.97946166992188;-27.80101203918457;38.63491439819336;35.392234802246094;0.8132826089859009;0.8891071081161499;0.9183117747306824;50.021751403808594;422.6266174316406;-367.7306213378906;43.74757385253906;0.8681305646896362;-0.7559999823570251;-0.6890000104904175;-0.6899999976158142;-2.134999990463257;252.6999969482422;249.6999969482422;249.8000030517578;435.0;432.5;435.1000061035156;-484.79998779296875;-158.89999389648438;-161.89999389648438;-163.60000610351562;-43.79999923706055;-68.5999984741211;12.300000190734863;12.300000190734863;499.5;173.0;162.3000030517578;164.10000610351562;-0.9959999918937683;-0.9169999957084656;0.996999979019165;0.996999979019165;50.0;MPPT;50.0298957824707;1.2600722312927246;1.2533550262451172;1.2642172574996948;251.6531524658203;248.89097595214844;248.69126892089844;433.3869323730469;430.2742004394531;434.0611877441406;952.383056640625;-2.291590929031372;952.3858032226562;99.99971008300781;242805.265625;1002.3056030273438;2016-07-13 17:30:00;1006.8344404914347;585.8074844519602;1.718712148980748;466.6648584138007;155;-520.0328932678053;-986.6977516816061
2026-04-24 16:18:56;0.47650688886642456;0.39895331859588623;0.4106518030166626;233.87901306152344;233.99911499023438;235.138671875;405.193359375;406.1980285644531;406.09259033203125;112.44180297851562;93.69371032714844;96.11640930175781;-72.53450012207031;-73.6590576171875;-80.42650604248047;-37.39655685424805;28.854459762573242;27.440725326538086;0.6347762942314148;0.7815625667572021;0.8209387063980103;50.019500732421875;303.742431640625;-225.0429229736328;30.659982681274414;0.7419084310531616;-0.5950000286102295;-0.4950000047683716;-0.4950000047683716;-1.5850000381469727;252.0;249.1999969482422;249.0;434.0;431.3999938964844;433.79998779296875;-328.1000061035156;-106.5;-109.0999984741211;-111.69999694824219;-43.099998474121094;-67.5;11.699999809265137;12.699999809265137;347.8999938964844;125.69999694824219;109.69999694824219;112.4000015258789;-0.9909999966621399;-0.8429999947547913;0.9940000176429749;0.9929999709129333;50.0;MPPT;50.02865982055664;1.2266299724578857;1.2196182012557983;1.230426549911499;251.01995849609375;248.1792449951172;248.07872009277344;432.28375244140625;429.1358337402344;432.9124450683594;915.6376953125;-2.4425597190856934;915.6409912109375;99.99964141845703;242805.265625;965.4163208007812;2016-07-13 17:45:00;972.1750773396819;585.5724989430898;1.6602130036748275;590.4781924704351;196;-362.25338332245315;-952.7315757928883
2026-04-24 16:19:25;0.7340719103813171;0.726535439491272;0.7515891194343567;234.06956481933594;234.25364685058594;235.27198791503906;405.48492431640625;406.524169921875;406.61004638671875;172.5671844482422;168.91046142578125;175.30819702148438;-151.9884796142578;-155.42214965820312;-163.99310302734375;-26.048377990722656;42.722198486328125;38.63143539428711;0.8827536106109619;0.9276543855667114;0.9506641626358032;50.01350021362305;515.4669189453125;-474.70947265625;36.45830154418945;0.9202295541763306;-0.8960000276565552;-0.8349999785423279;-0.8339999914169312;-2.565000057220459;252.6999969482422;250.1999969482422;249.8000030517578;435.5;433.0;435.29998779296875;-599.2999877929688;-197.1999969482422;-200.0;-202.0;-60.29999923706055;-73.0999984741211;6.300000190734863;6.400000095367432;612.5999755859375;210.3000030517578;198.5;200.6999969482422;-0.9940000176429749;-0.9350000023841858;1.0;1.0;50.0;MPPT;50.015872955322266;1.1788721084594727;1.1721248626708984;1.1824661493301392;251.550048828125;249.11753845214844;248.8349151611328;433.4257507324219;430.6116943359375;434.145263671875;882.4398803710938;20.832473754882812;882.6857299804688;-99.9721450805664;242805.265625;930.3499145507812;2016-07-13 18:00:00;937.5157141879292;585.3375134342194;1.6016668890525292;285.7152544211783;95;-633.0501454829923;-918.7653999041706
2026-04-24 16:19:52;0.47249215841293335;0.3998239040374756;0.40817299485206604;233.65478515625;233.95152282714844;234.9656524658203;404.98492431640625;406.2357177734375;406.0715637207031;112.10893249511719;91.41339111328125;94.18807220458984;-69.2391357421875;-70.35224914550781;-76.03764343261719;-38.87781524658203;29.36271858215332;28.021530151367188;0.6028842926025391;0.7592626810073853;0.8009268045425415;50.0052490234375;300.3388366699219;-215.60812377929688;27.30533218383789;0.7155606746673584;-0.5950000286102295;-0.4860000014305115;-0.47699999809265137;-1.5579999685287476;252.10000610351562;249.60000610351562;249.10000610351562;434.3999938964844;431.79998779296875;434.0;-319.20001220703125;-103.30000305175781;-105.0999984741211;-108.0;-44.29999923706055;-67.80000305175781;11.399999618530273;12.0;337.1000061035156;122.5999984741211;105.80000305175781;108.5999984741211;-0.9900000095367432;-0.8330000042915344;0.9940000176429749;0.9940000176429749;50.0;MPPT;50.010414123535156;0.8748151063919067;0.8683419227600098;0.8790432214736938;250.74330139160156;248.30154418945312;247.92054748535156;432.009765625;429.13214111328125;432.6475830078125;652.855712890625;-1.6305325031280518;652.8577270507812;99.99969482421875;242805.265625;698.6812133789062;2016-07-13 18:15:00;703.1371612789054;583.7484604766537;1.2045207977161363;333.33107301725073;111;-355.7433450360765;-689.0744180533272
2026-04-24 16:20:15;0.43975016474723816;0.2393948882818222;0.23415517807006836;233.39990234375;233.80311584472656;234.7124786376953;404.4005126953125;405.56842041015625;405.3560791015625;101.11571502685547;56.56147384643555;55.75492858886719;9.78030776977539;7.656780242919922;5.509659290313721;-49.8762321472168;11.763245582580566;15.842194557189941;0.10287591814994812;0.11722775548696518;0.09416621923446655;49.98875427246094;214.65576171875;22.5289363861084;-20.116931915283203;0.10540749877691269;-0.47200000286102295;-0.05400000140070915;-0.06499999761581421;-0.5910000205039978;251.3000030517578;248.8000030517578;248.3000030517578;433.1000061035156;430.5;432.6000061035156;-37.099998474121094;-9.100000381469727;-18.0;-20.299999237060547;-58.599998474121094;-72.9000015258789;6.199999809265137;8.0;115.30000305175781;74.30000305175781;19.100000381469727;21.799999237060547;-0.6039999723434448;-0.15399999916553497;0.921999990940094;0.8489999771118164;50.0;MPPT;49.996219635009766;0.5494933128356934;0.5417653918266296;0.5538020730018616;250.11717224121094;247.61795043945312;247.14773559570312;430.8171081542969;427.8402099609375;431.5249938964844;408.05908203125;7.7273030281066895;408.1322326660156;-99.9820785522461;242805.265625;454.6109924316406;2016-07-13 18:30:00;468.75860836988153;582.1594075190881;0.8052066192102404;361.9059889334925;120;-97.4774472689914;-459.3834362024839
2026-04-24 16:20:38;0.5065521001815796;0.34798935055732727;0.34581834077835083;233.51803588867188;234.03106689453125;234.95040893554688;404.9734802246094;406.1390380859375;405.7790832519531;118.52410888671875;80.38555908203125;78.53992462158203;63.812767028808594;62.17988204956055;63.31108856201172;-52.65620040893555;8.466912269592285;14.885068893432617;0.5414223074913025;0.7496052980422974;0.7684467434883118;49.99700164794922;284.33563232421875;184.66700744628906;-11.491418838500977;0.6472890377044678;0.48500001430511475;0.33799999952316284;0.3140000104904175;1.1369999647140503;251.0;248.60000610351562;248.10000610351562;432.6000061035156;430.1000061035156;432.20001220703125;129.8000030517578;46.599998474121094;47.400001525878906;44.29999923706055;-26.200000762939453;-61.599998474121094;15.800000190734863;19.399999618530273;178.5;79.9000015258789;50.0;48.400001525878906;0.9869999885559082;0.6610000133514404;-0.9480000138282776;-0.9010000228881836;49.900001525878906;MPPT;50.00798416137695;0.24196751415729523;0.23720739781856537;0.2478724718093872;249.74635314941406;247.67611694335938;247.17652893066406;430.6919860839844;428.0014953613281;431.3307800292969;169.80758666992188;-18.449962615966797;170.8069610595703;99.41490936279297;242805.265625;208.42860412597656;2016-07-13 18:45:00;234.37855290902385;580.5703443744366;0.4037039700358211;304.76293804925683;101;75.07195619841346;-229.69098185084337
2026-04-24 16:21:06;0.9770205020904541;0.9809998869895935;1.0120823383331299;233.81407165527344;234.0391845703125;235.0271759033203;405.3658447265625;406.4385681152344;406.41619873046875;228.8291778564453;229.8218536376953;237.99990844726562;-213.5651397705078;-218.0487518310547;-228.8793487548828;-19.598388671875;50.236576080322266;44.045101165771484;0.9325404167175293;0.9474805593490601;0.9620949625968933;50.00149917602539;695.6044921875;-661.0690307617188;52.41468048095703;0.9525617361068726;-1.1399999856948853;-1.100000023841858;-1.1009999513626099;-3.3420000076293945;252.6999969482422;250.10000610351562;249.6999969482422;435.3999938964844;432.79998779296875;435.0;-800.4000244140625;-264.29998779296875;-267.1000061035156;-268.8999938964844;-60.29999923706055;-73.9000015258789;5.300000190734863;4.5;812.2999877929688;274.8999938964844;267.70001220703125;269.6000061035156;-0.996999979019165;-0.9620000123977661;1.0;1.0;50.0;MPPT;49.9975471496582;1.282678246498108;1.2759370803833008;1.2858518362045288;251.6796875;249.11843872070312;248.8466339111328;433.4713134765625;430.6571350097656;434.3011474609375;960.2659912109375;23.967140197753906;960.5650634765625;-99.96886444091797;242805.265625;1010.100830078125;2016-07-14 06:15:00;1016.2313996604234;585.8711944867491;1.7345645411884267;161.9019203645438;53;-834.0048513026711;-995.9067716672149
2026-04-24 16:21:32;2.2266170978546143;2.2484493255615234;2.3021700382232666;234.1072998046875;234.6396026611328;235.38479614257812;405.9620056152344;407.0569152832031;406.66619873046875;520.7791748046875;527.447265625;542.3612670898438;-516.130126953125;-520.2442626953125;-538.5578002929688;0.0;72.80874633789062;57.74273681640625;0.9897850751876831;0.984306812286377;0.9933462142944336;49.96253967285156;1590.75390625;-1574.959228515625;133.459716796875;0.9900709390640259;-2.381999969482422;-2.385999917984009;-2.3919999599456787;-7.159999847412109;253.39999389648438;250.6999969482422;250.3000030517578;436.5;433.79998779296875;436.20001220703125;-1783.0;-593.2999877929688;-594.7000122070312;-595.7999877929688;-43.5;-67.0999984741211;13.600000381469727;9.899999618530273;1788.0999755859375;597.2999877929688;594.9000244140625;595.7999877929688;1.0;-0.9940000176429749;1.0;1.0;49.900001525878906;MPPT;49.972965240478516;2.593674898147583;2.5869383811950684;2.597796678543091;252.45260620117188;249.83050537109375;249.48731994628906;434.7792053222656;431.7782287597656;435.5550537109375;1949.1004638671875;-10.790407180786133;1949.13037109375;99.99846649169922;242805.265625;2019.6322021484375;2016-07-14 06:30:00;2032.456789113511;592.7610568082841;3.428796081944475;180.94960399262234;60;-1810.8580493386185;-1991.8076533312408
2026-04-24 16:22:00;3.476649761199951;3.503284454345703;3.5789906978607178;233.56259155273438;234.0104217529297;234.9809112548828;404.9571838378906;406.11370849609375;405.745849609375;811.9596557617188;818.6468505859375;840.4180297851562;-810.5678100585938;-812.13330078125;-837.3350830078125;25.191696166992188;99.3634033203125;79.4577407836914;0.9973830580711365;0.9908946752548218;0.9951422810554504;49.964786529541016;2466.2421875;-2456.489501953125;193.63726806640625;0.9954462647438049;-3.622999906539917;-3.6389999389648438;-3.6449999809265137;-10.906999588012695;253.6999969482422;251.0;250.8000030517578;437.0;434.5;436.8999938964844;-2740.0;-911.2999877929688;-910.4000244140625;-911.5;-44.29999923706055;-66.30000305175781;13.800000190734863;8.0;2735.89990234375;913.7000122070312;910.5;911.5999755859375;1.0;-0.996999979019165;1.0;1.0;49.900001525878906;MPPT;49.971492767333984;3.90145206451416;3.894373893737793;3.9055287837982178;252.85765075683594;250.28726196289062;250.06741333007812;435.4229736328125;432.68341064453125;436.5007629394531;2937.78466796875;-7.5486016273498535;2937.79443359375;99.99966430664062;242805.265625;3027.47998046875;2016-07-14 06:45:00;3048.6926964294357;599.65099043942;5.084111833443943;228.57220353694262;76;-2759.1466389639045;-2987.718842500847
2026-04-24 16:22:27;4.880268573760986;4.907616138458252;5.007856369018555;233.6398162841797;233.7913360595703;234.89974975585938;404.82330322265625;405.9376220703125;405.78607177734375;1140.085693359375;1147.1529541015625;1175.936767578125;-1139.7691650390625;-1139.8001708984375;-1172.2388916015625;40.52228546142578;115.39994812011719;87.65607452392578;1.0;0.994210958480835;0.9983958005905151;49.9730224609375;3463.35009765625;-3455.52978515625;257.5867919921875;0.9973257184028625;-5.019000053405762;-5.051000118255615;-5.053999900817871;-15.12399959564209;255.10000610351562;251.89999389648438;252.1999969482422;439.0;436.5;439.29998779296875;-3819.0;-1274.5999755859375;-1269.199951171875;-1272.300048828125;-48.099998474121094;-70.5999984741211;16.600000381469727;5.800000190734863;3817.699951171875;1276.0;1269.300048828125;1272.300048828125;1.0;-0.9990000128746033;1.0;1.0;49.900001525878906;MPPT;49.98609161376953;5.18105411529541;5.16554069519043;5.177371978759766;254.57237243652344;251.8619842529297;251.7533416748047;438.3307189941406;435.50714111328125;439.38824462890625;3921.30712890625;-12.888463973999023;3921.328369140625;99.99945831298828;242805.265625;4036.2734375;2016-07-14 07:00:00;4064.9286037453617;606.5409240705558;6.701820837521113;152.38146902462842;50;-3831.2485626458256;-3983.630031670454
2026-04-24 16:22:53;5.079120635986328;5.103751182556152;5.2101922035217285;234.16246032714844;234.59832763671875;235.60546875;406.0267028808594;407.25689697265625;406.88311767578125;1192.67041015625;1197.9403076171875;1228.2015380859375;-1191.068359375;-1191.4857177734375;-1223.31298828125;41.08333969116211;118.15963745117188;90.26991271972656;1.0;0.9947875738143921;0.9982759952545166;49.96928024291992;3616.310546875;-3606.5576171875;270.7734375;0.9979002475738525;-5.2230000495910645;-5.250999927520752;-5.258999824523926;-15.732999801635742;255.60000610351562;253.10000610351562;252.8000030517578;440.5;438.1000061035156;440.20001220703125;-3984.300048828125;-1329.4000244140625;-1326.4000244140625;-1327.0;-48.5;-68.9000015258789;14.800000190734863;5.599999904632568;3984.10009765625;1330.4000244140625;1326.5;1327.0999755859375;1.0;-0.9990000128746033;1.0;1.0;49.900001525878906;MPPT;49.981224060058594;5.375397682189941;5.3679585456848145;5.379467010498047;254.76942443847656;252.35235595703125;252.10955810546875;438.91046142578125;436.30120849609375;439.8210144042969;4080.228271484375;-11.350865364074707;4080.244140625;99.9996109008789;242805.265625;4196.1201171875;2016-07-14 07:15:00;4227.264303876083;607.6415368237685;6.9568389382539815;142.85423673646523;47;-3999.864781062096;-4142.719017798561
2026-04-24 16:23:19;5.214880466461182;5.239462852478027;5.348206520080566;234.3730010986328;234.92141723632812;235.7093963623047;406.3253479003906;407.5493469238281;406.8859558105469;1223.6385498046875;1227.8798828125;1258.2032470703125;-1222.7552490234375;-1223.1285400390625;-1258.0946044921875;44.43920135498047;118.21450805664062;92.46953582763672;1.0;0.9956501126289368;0.9993019700050354;49.96104431152344;3705.35791015625;-3701.517578125;273.39801025390625;0.998285710811615;-5.354000091552734;-5.383999824523926;-5.395999908447266;-16.134000778198242;255.5;253.0;252.6999969482422;440.3999938964844;437.8999938964844;440.20001220703125;-4081.10009765625;-1361.800048828125;-1359.5;-1359.699951171875;-47.79999923706055;-68.9000015258789;14.300000190734863;6.5;4089.60009765625;1365.9000244140625;1361.699951171875;1361.9000244140625;1.0;-0.9990000128746033;1.0;1.0;49.900001525878906;MPPT;49.97102737426758;5.582365989685059;5.5747504234313965;5.58588981628418;255.04783630371094;252.58865356445312;252.2725067138672;439.31976318359375;436.7203674316406;440.1683349609375;4240.90478515625;-15.002427101135254;4240.93115234375;99.99938201904297;242805.265625;4363.94775390625;2016-07-14 07:30:00;4389.615029525144;608.7422514478395;7.210958363880334;199.9972876207009;66;-4101.825441313939;-4301.8227289346405
2026-04-24 16:23:47;5.412627696990967;5.442178249359131;5.555059909820557;234.1363067626953;234.82537841796875;235.5611572265625;406.07806396484375;407.3388671875;406.78045654296875;1270.807373046875;1277.6260986328125;1308.5472412109375;-1271.2271728515625;-1272.14794921875;-1307.0262451171875;53.61891174316406;127.15047454833984;100.31887817382812;1.0;0.9955082535743713;0.9987561106681824;49.957298278808594;3858.277099609375;-3846.3955078125;283.75775146484375;0.9977629780769348;-5.559999942779541;-5.593999862670898;-5.6020002365112305;-16.756000518798828;255.8000030517578;253.5;252.8000030517578;441.0;438.3999938964844;440.3999938964844;-4244.89990234375;-1416.300048828125;-1414.800048828125;-1413.699951171875;-49.5;-69.9000015258789;14.199999809265137;6.099999904632568;4246.7001953125;1418.0;1414.800048828125;1413.699951171875;1.0;-0.9990000128746033;1.0;1.0;49.900001525878906;MPPT;49.966861724853516;5.784063816070557;5.776203155517578;5.787835597991943;255.00270080566406;252.66368103027344;252.20794677734375;439.3885192871094;436.7430725097656;440.01556396484375;4393.978515625;-22.44085693359375;4394.03564453125;99.99870300292969;242805.265625;4519.41259765625;2016-07-14 07:45:00;4551.965755174205;609.8429660719106;7.464160461658014;199.9972876207009;66;-4260.9291524500195;-4460.926440070721
2026-04-24 16:24:18;5.587369441986084;5.612944602966309;5.723155975341797;234.6038818359375;235.07908630371094;235.83493041992188;406.65277099609375;407.8372802734375;407.19830322265625;1313.154296875;1317.8177490234375;1350.01904296875;-1312.3150634765625;-1312.3389892578125;-1347.442138671875;60.76572036743164;137.1519317626953;107.43482208251953;1.0;0.9947938919067383;0.9990492463111877;49.970027923583984;3981.212890625;-3970.7744140625;304.3912048339844;0.997626781463623;-5.724999904632568;-5.758999824523926;-5.769999980926514;-17.253999710083008;256.29998779296875;253.89999389648438;253.1999969482422;441.79998779296875;439.1000061035156;441.20001220703125;-4380.60009765625;-1462.0999755859375;-1459.699951171875;-1458.699951171875;-33.20000076293945;-64.9000015258789;21.0;10.600000381469727;4382.2001953125;1463.5;1459.800048828125;1458.800048828125;1.0;-0.9990000128746033;1.0;1.0;49.900001525878906;MPPT;49.98244094848633;5.977914333343506;5.9697675704956055;5.98162841796875;255.54689025878906;253.08250427246094;252.7882537841797;440.32489013671875;437.19671630859375;440.8520812988281;4543.443359375;-15.834542274475098;4543.470703125;99.99939727783203;242805.265625;4676.16455078125;2016-07-14 08:00:00;4714.316480823264;610.9436806959817;7.716450189733948;219.0449712487794;73;-4400.985179958019;-4620.030151206799
2026-04-24 16:24:48;5.835086345672607;5.855474472045898;5.974059581756592;234.0761260986328;234.6963348388672;235.58934020996094;405.8340759277344;407.2142639160156;406.960693359375;1369.5228271484375;1376.433837890625;1408.420654296875;-1369.617431640625;-1368.45849609375;-1408.098388671875;61.20356750488281;135.44790649414062;105.81900787353516;1.0;0.9952666759490967;0.9995360970497131;49.9730224609375;4158.05078125;-4151.82421875;297.2162780761719;0.9987161159515381;-5.980000019073486;-6.017000198364258;-6.021999835968018;-18.018999099731445;256.29998779296875;253.8000030517578;253.39999389648438;441.70001220703125;439.20001220703125;441.29998779296875;-4575.39990234375;-1527.0999755859375;-1524.300048828125;-1523.9000244140625;-62.400001525878906;-76.0999984741211;9.600000381469727;4.0;4577.2998046875;1529.0;1524.300048828125;1523.9000244140625;1.0;-0.9990000128746033;1.0;1.0;49.900001525878906;MPPT;49.98243713378906;6.164540767669678;6.156556606292725;6.168622970581055;255.4467010498047;253.08201599121094;252.75057983398438;440.11578369140625;437.51873779296875;440.9443664550781;4691.9345703125;-10.62814712524414;4691.9462890625;99.99974822998047;242805.265625;4829.568359375;2016-07-14 08:15:00;4860.184212854832;611.9326429884835;7.942351610986538;171.42915265270696;57;-4591.551375945029;-4762.980528597735
2026-04-24 16:25:17;6.079349994659424;6.108595848083496;6.232172966003418;234.36251831054688;234.66207885742188;235.6791229248047;406.0304870605469;407.20770263671875;406.85205078125;1429.2384033203125;1432.922607421875;1467.93212890625;-1428.117919921875;-1426.204833984375;-1465.6246337890625;69.47354125976562;144.03271484375;113.9263916015625;1.0;0.995573103427887;0.9988293051719666;49.976768493652344;4330.197265625;-4322.69140625;324.43890380859375;0.9980425238609314;-6.2270002365112305;-6.263000011444092;-6.27400016784668;-18.763999938964844;256.20001220703125;253.5;253.10000610351562;441.3999938964844;438.70001220703125;441.0;-4762.7001953125;-1590.699951171875;-1585.199951171875;-1585.300048828125;-35.20000076293945;-64.5999984741211;20.299999237060547;9.0;4762.0;1591.199951171875;1585.300048828125;1585.300048828125;1.0;-0.9990000128746033;1.0;1.0;50.0;MPPT;49.988525390625;6.34685754776001;6.339336395263672;6.350480079650879;255.57127380371094;252.9528045654297;252.65040588378906;440.15673828125;437.1955261230469;441.0483703613281;4829.90625;-15.678808212280273;4829.931640625;99.99947357177734;242805.265625;4970.611328125;2016-07-14 08:30:00;5006.051944886399;612.9216052809853;8.167524038561904;123.8065531083867;41;-4782.124352880284;-4905.930905988671
2026-04-24 16:25:41;6.231653213500977;6.248348712921143;6.369323253631592;234.59237670898438;235.0543212890625;235.88890075683594;406.73004150390625;407.8177795410156;407.5279846191406;1465.138671875;1471.0263671875;1504.5833740234375;-1465.7208251953125;-1463.2275390625;-1503.311767578125;65.75320434570312;139.47532653808594;106.73236083984375;1.0;0.9952595233917236;0.99907386302948;49.988006591796875;4436.6865234375;-4428.13525390625;303.90777587890625;0.9978747963905334;-6.364999771118164;-6.40500020980835;-6.409999847412109;-19.18000030517578;256.6000061035156;254.0;253.5;442.1000061035156;439.5;441.70001220703125;-4877.5;-1628.800048828125;-1624.800048828125;-1623.0999755859375;-64.69999694824219;-75.19999694824219;10.399999618530273;0.0;4878.2998046875;1630.300048828125;1624.800048828125;1623.199951171875;1.0;-0.9990000128746033;1.0;1.0;49.900001525878906;MPPT;49.99338912963867;6.5347466468811035;6.526493549346924;6.538076400756836;255.80760192871094;253.2052001953125;252.9973602294922;440.6127624511719;437.7172546386719;441.5177001953125;4978.251953125;1.0506930351257324;4978.251953125;-100.0;242805.265625;5121.77587890625;2016-07-14 08:45:00;5151.934702436305;613.9106694443454;8.391994078062456;152.38146902462842;50;-4896.514539362951;-5048.896008387579
2026-04-24 16:26:08;6.173775672912598;6.194603443145752;6.3119611740112305;234.61964416503906;235.15017700195312;236.00144958496094;406.88555908203125;407.9497985839844;407.60302734375;1450.848876953125;1456.2054443359375;1490.16748046875;-1450.5067138671875;-1448.8692626953125;-1487.9779052734375;59.75265884399414;133.77273559570312;102.11378479003906;1.0;0.9946905374526978;0.9984467625617981;49.96928024291992;4393.29833984375;-4381.83447265625;316.1823425292969;0.9971863031387329;-6.301000118255615;-6.3379998207092285;-6.343999862670898;-18.982999801635742;256.6000061035156;253.89999389648438;253.60000610351562;442.1000061035156;439.5;441.6000061035156;-4824.7998046875;-1611.199951171875;-1607.0999755859375;-1606.5;-55.79999923706055;-70.0999984741211;14.300000190734863;0.0;4826.39990234375;1614.4000244140625;1608.4000244140625;1608.300048828125;1.0;-0.9990000128746033;1.0;1.0;49.900001525878906;MPPT;49.985050201416016;6.716076850891113;6.7086615562438965;6.719939708709717;255.8916015625;253.364501953125;253.11793518066406;440.8291320800781;437.9762268066406;441.81475830078125;5117.9892578125;-31.405010223388672;5118.08544921875;99.99812316894531;242805.265625;5265.71630859375;2016-07-14 09:00:00;5297.802434467871;614.8996317368471;8.615718990599627;342.8583053054139;114;-4848.988080473099;-5191.846385778513
2026-04-24 16:26:36;6.879991054534912;6.8979716300964355;7.028205394744873;234.84176635742188;235.2675018310547;236.06143188476562;406.9129638671875;408.2506103515625;407.7020263671875;1618.4405517578125;1622.6075439453125;1658.206298828125;-1616.3076171875;-1616.0496826171875;-1658.81640625;70.85684967041016;145.28465270996094;111.37081146240234;1.0;0.9962455034255981;0.9993430972099304;49.95355987548828;4893.7275390625;-4886.24365234375;331.8859558105469;0.9984707236289978;-7.000999927520752;-7.039000034332275;-7.047999858856201;-21.08799934387207;257.3999938964844;254.8000030517578;254.39999389648438;443.5;440.8999938964844;443.20001220703125;-5387.60009765625;-1799.5999755859375;-1791.4000244140625;-1791.0;-68.69999694824219;-75.0999984741211;10.199999809265137;-3.799999952316284;5381.2001953125;1798.699951171875;1791.5;1791.0;1.0;-0.9990000128746033;1.0;1.0;49.900001525878906;MPPT;49.96419906616211;7.271596908569336;7.263922691345215;7.275238990783691;256.6873474121094;254.0384521484375;253.90234375;442.08673095703125;439.18560791015625;443.1073913574219;5558.8154296875;-13.733449935913086;5558.83251953125;99.99969482421875;242805.265625;5720.7333984375;2016-07-14 09:15:00;5754.878702329456;617.9985432467262;9.312123410672688;238.09265487685795;79;-5401.6884734060095;-5639.781128282867
2026-04-24 16:27:02;7.376223087310791;7.395091533660889;7.527302265167236;234.918701171875;235.178466796875;236.2174835205078;406.9393615722656;408.1519775390625;407.8640441894531;1737.05908203125;1739.7294921875;1780.4423828125;-1736.7774658203125;-1732.8453369140625;-1778.7498779296875;91.43370819091797;167.6624755859375;132.24168395996094;1.0;0.9955037832260132;0.9990419745445251;49.97452163696289;5256.50634765625;-5246.701171875;379.8426208496094;0.9981045126914978;-7.508999824523926;-7.552999973297119;-7.556000232696533;-22.618000030517578;257.6000061035156;254.8000030517578;254.6999969482422;443.70001220703125;441.20001220703125;443.6000061035156;-5774.39990234375;-1929.5;-1922.5;-1923.0;-41.400001525878906;-67.30000305175781;20.299999237060547;5.5;5776.39990234375;1930.699951171875;1922.5999755859375;1923.0;1.0;-0.9990000128746033;1.0;1.0;50.0;MPPT;49.987308502197266;7.838430404663086;7.830667495727539;7.841584205627441;256.9023132324219;254.25396728515625;254.2207489013672;442.49322509765625;439.6703796386719;443.5188903808594;5997.95751953125;-18.597698211669922;5997.986328125;99.99951934814453;242805.265625;6173.93994140625;2016-07-14 09:30:00;6211.939944672703;621.0973528857468;10.001555981217349;295.23570576109364;98;-5792.465440018155;-6087.701145779249
2026-04-24 16:27:30;8.000732421875;8.014124870300293;8.157336235046387;235.07354736328125;235.42233276367188;236.40420532226562;407.4205627441406;408.4614562988281;408.45233154296875;1884.9637451171875;1885.0191650390625;1927.958984375;-1884.6201171875;-1877.5045166015625;-1925.682373046875;91.46036529541016;170.00857543945312;136.60060119628906;1.0;0.9955905079841614;0.9998218417167664;49.97227478027344;5699.17919921875;-5690.05810546875;413.8267822265625;0.998493492603302;-8.128999710083008;-8.173999786376953;-8.184000015258789;-24.48699951171875;257.8999938964844;255.10000610351562;254.89999389648438;444.20001220703125;441.6000061035156;444.1000061035156;-6260.2001953125;-2092.39990234375;-2083.800048828125;-2083.800048828125;-32.599998474121094;-64.0999984741211;23.0;8.399999618530273;6261.0;2093.10009765625;2083.89990234375;2083.800048828125;1.0;-0.9990000128746033;1.0;1.0;49.900001525878906;MPPT;49.98000717163086;8.401470184326172;8.393258094787598;8.405570030212402;257.5204162597656;254.89512634277344;254.7628631591797;443.58544921875;440.79864501953125;444.4136047363281;6444.3193359375;-27.067468643188477;6444.3759765625;99.9991226196289;242805.265625;6634.115234375;2016-07-14 09:45:00;6669.016212534288;624.1962643956257;10.684165530839122;257.14033850493655;85;-6278.495549778666;-6535.635888283602
2026-04-24 16:27:59;8.666153907775879;8.679938316345215;8.8328857421875;234.9910430908203;235.4473876953125;236.4349365234375;407.5948181152344;408.8000793457031;408.3840637207031;2042.7330322265625;2042.2637939453125;2087.920166015625;-2042.5665283203125;-2034.522705078125;-2085.149658203125;103.63554382324219;181.649169921875;143.7657928466797;1.0;0.996482789516449;0.9991788864135742;49.9790153503418;6169.328125;-6160.01708984375;439.7519836425781;0.9986382126808167;-8.76200008392334;-8.814000129699707;-8.817999839782715;-26.393999099731445;258.8999938964844;256.20001220703125;255.8000030517578;446.0;443.3999938964844;445.70001220703125;-6774.7998046875;-2264.5;-2255.800048828125;-2254.5;-36.599998474121094;-67.5999984741211;23.100000381469727;7.800000190734863;6775.89990234375;2265.5;2255.89990234375;2254.5;1.0;-0.9990000128746033;1.0;1.0;49.900001525878906;MPPT;49.98365783691406;8.953906059265137;8.945391654968262;8.957812309265137;258.1507263183594;255.5625762939453;255.3948211669922;444.7034606933594;441.9547119140625;445.4819641113281;6885.1845703125;-17.99766731262207;6885.2080078125;99.9996566772461;242805.265625;7085.5390625;2016-07-14 10:00:00;7126.092480395872;627.2951759055046;11.36003073849454;180.94960399262234;60;-6802.621026795332;-6983.5706307879545
2026-04-24 16:28:27;8.152732849121094;8.155618667602539;8.303496360778809;234.92958068847656;235.52645874023438;236.50302124023438;407.4510803222656;408.7813720703125;408.2662353515625;1918.9014892578125;1922.301513671875;1964.04296875;-1918.1546630859375;-1913.3502197265625;-1962.531982421875;95.48171997070312;171.96731567382812;135.79661560058594;1.0;0.995644211769104;0.9994783401489258;49.9730224609375;5803.3115234375;-5793.6083984375;417.7252197265625;0.9983561635017395;-8.289999961853027;-8.336999893188477;-8.343000411987305;-24.969999313354492;257.5;254.8000030517578;254.60000610351562;443.79998779296875;441.29998779296875;443.6000061035156;-6375.5;-2130.39990234375;-2122.699951171875;-2122.300048828125;-34.900001525878906;-65.4000015258789;23.0;7.5;6376.60009765625;2131.10009765625;2122.39990234375;2122.39990234375;1.0;1.0;1.0;1.0;49.900001525878906;MPPT;49.98283004760742;8.424773216247559;8.416872024536133;8.42796802520752;257.10382080078125;254.51930236816406;254.4994659423828;442.86181640625;440.2154235839844;443.8934631347656;6452.98388671875;-30.80816078186035;6453.0576171875;99.99885559082031;242805.265625;6642.36279296875;2016-07-14 10:15:00;6679.098335339519;624.2646197415536;10.699146041793421;152.38146902462842;50;-6393.1348996081;-6545.516368632728
2026-04-24 16:28:58;7.567728042602539;7.577315330505371;7.718618392944336;234.4438934326172;234.96188354492188;235.8966827392578;406.4936218261719;407.7099609375;407.21929931640625;1778.3916015625;1783.80615234375;1822.7841796875;-1779.52783203125;-1774.3306884765625;-1822.355224609375;86.6499252319336;161.7600860595703;127.4969253540039;1.0;0.9961061477661133;0.9990307688713074;49.978267669677734;5385.94970703125;-5377.01611328125;388.90631103515625;0.9984071254730225;-7.701000213623047;-7.735000133514404;-7.739999771118164;-23.163999557495117;257.5;254.8000030517578;254.60000610351562;443.6000061035156;441.1000061035156;443.3999938964844;-5919.39990234375;-1977.5;-1971.0;-1968.699951171875;-43.70000076293945;-67.30000305175781;18.899999618530273;4.599999904632568;5914.7001953125;1976.699951171875;1969.0999755859375;1968.800048828125;1.0;-0.9990000128746033;1.0;1.0;50.0;MPPT;49.99837875366211;7.850338459014893;7.84228515625;7.854832649230957;257.45062255859375;254.9257049560547;254.73272705078125;443.43170166015625;440.7731628417969;444.4731140136719;6021.03271484375;-39.67053985595703;6021.16357421875;99.9978256225586;242805.265625;6197.23876953125;2016-07-14 10:30:00;6232.104190283165;621.2340635776027;10.031813378669744;171.42915265270696;57;-5936.032953824794;-6107.462106477501
2026-04-24 16:29:28;6.888384819030762;6.9089555740356445;7.040388107299805;235.53302001953125;236.16664123535156;236.9799041748047;408.53643798828125;409.7311096191406;409.06292724609375;1626.32568359375;1630.60498046875;1667.3154296875;-1625.7047119140625;-1622.9149169921875;-1667.1837158203125;72.78015899658203;148.65216064453125;112.74364471435547;1.0;0.9963375926017761;0.9998154640197754;49.98126220703125;4926.96484375;-4919.70654296875;361.3237609863281;0.9984104633331299;-7.02400016784668;-7.065999984741211;-7.073999881744385;-21.163999557495117;257.79998779296875;255.3000030517578;254.89999389648438;444.29998779296875;441.79998779296875;444.0;-5413.5;-1808.199951171875;-1801.9000244140625;-1801.5;-35.5;-64.9000015258789;21.299999237060547;7.900000095367432;5412.0;1808.5;1802.0;1801.5;1.0;-0.9990000128746033;1.0;1.0;49.900001525878906;MPPT;49.995094299316406;7.28778076171875;7.280452251434326;7.291408538818359;257.0180358886719;254.54209899902344;254.3245849609375;442.7847595214844;440.024658203125;443.74755859375;5580.3798828125;-32.29292297363281;5580.47314453125;99.99832916259766;242805.265625;5741.55322265625;2016-07-14 10:45:00;5785.11004522681;618.2035074136517;9.357937921494003;238.09265487685795;79;-5431.315189445417;-5669.407844322274
2026-04-24 16:29:50;6.391104221343994;6.411875247955322;6.536529541015625;234.875732421875;235.22454833984375;236.08200073242188;407.19134521484375;408.27630615234375;407.945068359375;1503.8216552734375;1507.8612060546875;1543.509521484375;-1503.6953125;-1501.4627685546875;-1541.4307861328125;68.17566680908203;145.44227600097656;112.80723571777344;1.0;0.995790958404541;0.9983411431312561;50.00674819946289;4556.06591796875;-4545.7626953125;336.60296630859375;0.9977385997772217;-6.5289998054504395;-6.567999839782715;-6.572000026702881;-19.66900062561035;256.3999938964844;253.8000030517578;253.5;441.79998779296875;439.29998779296875;441.5;-5004.89990234375;-1671.800048828125;-1664.5;-1664.300048828125;-48.599998474121094;-69.5999984741211;17.200000762939453;3.5999999046325684;5000.0;1670.9000244140625;1664.5999755859375;1664.4000244140625;1.0;-0.9990000128746033;1.0;1.0;50.0;MPPT;50.01709747314453;6.761764049530029;6.7539191246032715;6.7651472091674805;256.0586853027344;253.49606323242188;253.32192993164062;441.0549621582031;438.24853515625;442.0455017089844;5157.01220703125;-31.910160064697266;5157.29736328125;99.99808502197266;242805.265625;5307.9150390625;2016-07-14 11:00:00;5338.115900170456;615.1729512497008;8.677422974021004;209.52451990886405;69;-5021.8290622581835;-5231.3535821670475
2026-04-24 16:30:16;6.448362827301025;6.466464996337891;6.592278003692627;235.4210968017578;235.6251983642578;236.8330535888672;407.77606201171875;409.07745361328125;408.90118408203125;1519.6444091796875;1523.8193359375;1559.701904296875;-1519.113525390625;-1516.609130859375;-1558.01123046875;75.3409194946289;151.07421875;119.27725982666016;1.0;0.9951227903366089;0.999255359172821;50.02475357055664;4603.62744140625;-4594.0185546875;340.70086669921875;0.9979667067527771;-6.578999996185303;-6.616000175476074;-6.623000144958496;-19.81800079345703;257.5;254.89999389648438;254.60000610351562;443.70001220703125;441.20001220703125;443.3999938964844;-5058.60009765625;-1689.199951171875;-1684.5;-1684.800048828125;-33.099998474121094;-68.0999984741211;18.600000381469727;6.800000190734863;5062.60009765625;1691.699951171875;1685.5;1685.300048828125;1.0;-0.9990000128746033;1.0;1.0;50.0;MPPT;50.038387298583984;6.790119171142578;6.782198905944824;6.7941575050354;256.5896301269531;253.9943389892578;253.7939910888672;441.96307373046875;439.18682861328125;442.7975769042969;5189.021484375;-32.61027908325195;5189.1240234375;99.9980239868164;242805.265625;5341.09521484375;2016-07-14 11:15:00;5374.357450403268;615.4186637599515;8.73284768058249;190.4768362807855;63;-5076.393465114416;-5266.870301395202
2026-04-24 16:30:42;6.527503967285156;6.550580024719238;6.674384593963623;234.7949676513672;234.97752380371094;236.19821166992188;407.19378662109375;408.2755126953125;408.08251953125;1534.8912353515625;1539.441650390625;1576.256103515625;-1536.0677490234375;-1532.151123046875;-1574.4771728515625;71.61943817138672;146.3174591064453;114.6268310546875;1.0;0.9953292012214661;0.9994075298309326;50.01649856567383;4650.0712890625;-4642.25341796875;319.0527038574219;0.9985079169273376;-6.663000106811523;-6.697999954223633;-6.706999778747559;-20.06800079345703;257.29998779296875;254.5;254.1999969482422;443.20001220703125;440.5;442.8999938964844;-5105.7001953125;-1706.199951171875;-1702.0;-1702.800048828125;-59.0;-72.69999694824219;13.600000381469727;0.0;5115.2001953125;1710.199951171875;1702.0999755859375;1702.800048828125;1.0;-0.9990000128746033;1.0;1.0;50.0;MPPT;50.0237922668457;6.832485198974609;6.824674606323242;6.835748195648193;256.7272644042969;253.64784240722656;254.02438354492188;441.9100341796875;438.9655456542969;443.1131896972656;5221.37841796875;4.735540390014648;5221.380859375;-99.99995422363281;242805.265625;5374.4921875;2016-07-14 11:30:00;5410.599000636081;615.6643762702023;8.788228146988777;171.42915265270696;57;-5130.957867970652;-5302.387020623359
2026-04-24 16:31:09;6.531628608703613;6.55062198638916;6.678735256195068;234.82029724121094;235.01930236816406;236.25595092773438;407.0061950683594;408.2190246582031;408.00372314453125;1538.1610107421875;1541.819580078125;1579.2928466796875;-1539.7203369140625;-1535.80517578125;-1578.3690185546875;67.45846557617188;141.63796997070312;109.14152526855469;1.0;0.9955825805664062;0.9993398785591125;49.99774932861328;4660.041015625;-4651.310546875;342.166015625;0.9977286458015442;-6.684000015258789;-6.7210001945495605;-6.730999946594238;-20.13599967956543;256.6000061035156;253.8000030517578;253.6999969482422;442.0;439.5;441.8999938964844;-5120.10009765625;-1710.5;-1704.0999755859375;-1705.4000244140625;-37.79999923706055;-64.5;19.399999618530273;7.099999904632568;5121.5;1711.9000244140625;1704.199951171875;1705.4000244140625;1.0;-0.9990000128746033;1.0;1.0;50.0;MPPT;50.016178131103516;6.903789520263672;6.895870685577393;6.90716028213501;256.0633239746094;253.2838134765625;253.2852325439453;440.8037414550781;438.04071044921875;442.08135986328125;5263.69091796875;-34.242515563964844;5263.80224609375;99.99788665771484;242805.265625;5415.1005859375;2016-07-14 11:45:00;5446.840550868892;615.9100887804531;8.84356442618765;199.9972876207009;66;-5137.906452230813;-5337.903739851514
2026-04-24 16:31:33;6.5742878913879395;6.601027488708496;6.72930908203125;234.65553283691406;234.57041931152344;235.96759033203125;406.63311767578125;407.7832336425781;407.6458435058594;1548.2530517578125;1550.6129150390625;1587.7891845703125;-1547.5572509765625;-1543.3717041015625;-1586.300048828125;75.06063079833984;149.28053283691406;113.09371948242188;1.0;0.9959189891815186;0.9994992613792419;50.01199722290039;4676.298828125;-4675.1376953125;331.2970275878906;0.9984139800071716;-6.698999881744385;-6.735000133514404;-6.74399995803833;-20.17799949645996;257.0;254.10000610351562;254.0;442.5;439.79998779296875;442.3999938964844;-5146.60009765625;-1719.800048828125;-1712.800048828125;-1713.9000244140625;-54.5;-69.80000305175781;15.300000190734863;0.0;5148.10009765625;1721.199951171875;1712.800048828125;1713.9000244140625;1.0;-0.9990000128746033;1.0;1.0;50.0;MPPT;50.02379608154297;6.9490509033203125;6.941555023193359;6.952563285827637;256.13116455078125;253.2718048095703;253.290771484375;440.8403015136719;438.01263427734375;442.1788024902344;5298.76953125;-13.362936019897461;5298.78662109375;99.99967956542969;242805.265625;5452.34716796875;2016-07-14 12:00:00;5483.067075583365;616.1556994198454;8.898833656405458;209.52451990886405;69;-5163.881214162834;-5373.405734071698
2026-04-24 16:31:58;6.6872663497924805;6.706803321838379;6.8359375;234.70172119140625;234.76731872558594;235.98231506347656;406.6849060058594;407.80767822265625;407.70257568359375;1573.93994140625;1576.2860107421875;1614.2501220703125;-1573.93994140625;-1569.5068359375;-1612.8546142578125;74.5002670288086;148.31983947753906;115.75872039794922;1.0;0.995832085609436;0.9994386434555054;50.00899887084961;4761.2900390625;-4756.77490234375;339.41021728515625;0.9984251856803894;-6.823999881744385;-6.861000061035156;-6.864999771118164;-20.547000885009766;257.20001220703125;254.0;254.10000610351562;442.70001220703125;440.0;442.79998779296875;-5233.2998046875;-1748.5999755859375;-1741.800048828125;-1743.199951171875;-50.29999923706055;-70.4000015258789;16.899999618530273;3.200000047683716;5234.39990234375;1750.5999755859375;1740.5;1743.199951171875;1.0;-0.9990000128746033;1.0;1.0;50.0;MPPT;50.01892852783203;7.237809181213379;7.230521202087402;7.241837978363037;256.4531555175781;253.66217041015625;253.6586151123047;441.4364013671875;438.69976806640625;442.7659606933594;5527.01123046875;-14.06391429901123;5527.02880859375;99.99967956542969;242805.265625;5689.21728515625;2016-07-14 12:15:00;5720.1096528938315;617.76281408059;9.259394580761569;352.3787566453293;117;-5253.328703190626;-5605.707459835955
2026-04-24 16:32:26;7.030913829803467;7.040518760681152;7.173879623413086;235.1615753173828;235.1846923828125;236.3019256591797;407.4128112792969;408.4483947753906;408.4040832519531;1652.58837890625;1654.1068115234375;1695.1875;-1653.4952392578125;-1648.8485107421875;-1694.3084716796875;85.09957122802734;159.55702209472656;125.96783447265625;1.0;0.9955587387084961;0.9988779425621033;50.02700424194336;5002.50927734375;-4992.00146484375;362.31353759765625;0.9986794590950012;-7.1479997634887695;-7.185999870300293;-7.197999954223633;-21.531999588012695;257.79998779296875;254.89999389648438;254.6999969482422;444.0;441.29998779296875;443.79998779296875;-5492.7998046875;-1836.699951171875;-1829.699951171875;-1831.0;-38.400001525878906;-65.0;20.799999237060547;5.599999904632568;5500.10009765625;1839.199951171875;1829.800048828125;1831.0;1.0;-0.9990000128746033;1.0;1.0;50.0;MPPT;50.03352355957031;7.513381004333496;7.505737781524658;7.51751708984375;257.2490539550781;254.36781311035156;254.35377502441406;442.7533264160156;439.83221435546875;444.1206970214844;5753.4541015625;-15.166199684143066;5753.47412109375;99.99964904785156;242805.265625;5921.484375;2016-07-14 12:30:00;5957.152230204297;619.3699287413347;9.618084368917048;323.81062167733535;107;-5514.198563922875;-5838.009185600211
2026-04-24 16:32:53;7.362833499908447;7.3796772956848145;7.517757415771484;234.98399353027344;235.22604370117188;236.24337768554688;407.3301086425781;408.3369140625;408.2358093261719;1735.6727294921875;1736.6031494140625;1778.1171875;-1734.1319580078125;-1728.683349609375;-1775.7584228515625;84.81065368652344;159.7327880859375;124.39081573486328;1.0;0.9958649277687073;0.9986355900764465;50.00749969482422;5249.111328125;-5239.7021484375;380.548095703125;0.9982752799987793;-7.5;-7.546000003814697;-7.553999900817871;-22.600000381469727;257.5;254.5;254.39999389648438;443.3999938964844;440.70001220703125;443.29998779296875;-5766.2998046875;-1927.5;-1918.0;-1919.800048828125;-52.20000076293945;-69.0999984741211;16.899999618530273;0.0;5765.89990234375;1927.9000244140625;1918.0999755859375;1919.800048828125;1.0;-0.9990000128746033;1.0;1.0;50.0;MPPT;50.02500534057617;7.825845241546631;7.818299770355225;7.829596042633057;256.8375244140625;254.05201721191406;254.12339782714844;442.1548156738281;439.35748291015625;443.5382080078125;5985.6591796875;-32.026702880859375;5985.74462890625;99.99857330322266;242805.265625;6159.4228515625;2016-07-14 12:45:00;6194.179781996424;620.9769415312209;9.974894988407552;285.7152544211783;95;-5784.580931935317;-6070.296186356495
2026-04-24 16:33:26;7.456912517547607;7.470399379730225;7.609315395355225;234.89718627929688;235.25767517089844;236.32843017578125;407.1296691894531;408.3896179199219;408.39794921875;1756.4859619140625;1755.3876953125;1799.0645751953125;-1755.3863525390625;-1749.0142822265625;-1797.0010986328125;86.4585189819336;161.37637329101562;125.8315658569336;1.0;0.9957184791564941;0.9995017051696777;50.00899887084961;5313.32421875;-5305.43115234375;366.00164794921875;0.9986860156059265;-7.590000152587891;-7.633999824523926;-7.638000011444092;-22.86199951171875;257.70001220703125;254.6999969482422;254.60000610351562;443.70001220703125;441.0;443.6000061035156;-5836.7001953125;-1951.4000244140625;-1941.800048828125;-1943.4000244140625;-68.5999984741211;-76.4000015258789;11.699999809265137;-3.799999952316284;5838.2998046875;1952.9000244140625;1941.800048828125;1941.5999755859375;1.0;-0.9990000128746033;1.0;1.0;50.0;MPPT;50.01549530029297;8.112813949584961;8.104879379272461;8.115988731384277;257.1350402832031;254.28627014160156;254.38003540039062;442.65252685546875;439.8213806152344;443.9411926269531;6211.42822265625;3.7926759719848633;6211.4296875;-99.9999771118164;242805.265625;6391.70703125;2016-07-14 13:00:00;6431.22235930689;622.5840561919655;10.329886053689606;447.61717478572206;149;-5854.9807373350295;-6302.597912120752
2026-04-24 16:33:55;6.628517150878906;6.640925407409668;6.769096851348877;234.68966674804688;234.8853302001953;235.89169311523438;406.57537841796875;407.6445007324219;407.3764953613281;1557.4542236328125;1558.1492919921875;1596.54443359375;-1556.4417724609375;-1553.484375;-1596.2169189453125;72.33956909179688;147.77630615234375;113.50202178955078;1.0;0.995639979839325;0.9993628263473511;50.02100372314453;4714.8134765625;-4706.232421875;335.3009033203125;0.998110830783844;-6.755000114440918;-6.796000003814697;-6.802999973297119;-20.354000091552734;256.8999938964844;253.89999389648438;253.8000030517578;442.29998779296875;439.6000061035156;442.20001220703125;-5182.10009765625;-1731.5;-1723.300048828125;-1724.9000244140625;-53.70000076293945;-70.4000015258789;16.700000762939453;0.0;5180.60009765625;1732.199951171875;1723.4000244140625;1724.9000244140625;1.0;-0.9990000128746033;1.0;1.0;50.0;MPPT;50.026424407958984;7.2340779304504395;7.226271152496338;7.237505912780762;255.99476623535156;253.0434112548828;253.16041564941406;440.66168212890625;437.6805419921875;441.8321838378906;5512.60791015625;-9.533239364624023;5512.6162109375;99.99984741210938;242805.265625;5672.60693359375;2016-07-14 13:15:00;5704.227680009883;617.6551365833533;9.235295462065814;390.47412390148645;130;-5199.669002508199;-5590.1431264096855
2026-04-24 16:34:20;5.758035659790039;5.782538890838623;5.896274089813232;234.5288543701172;234.47421264648438;236.012939453125;406.68310546875;408.01129150390625;407.7460021972656;1351.7122802734375;1356.9725341796875;1390.0052490234375;-1351.2572021484375;-1350.141357421875;-1388.7935791015625;62.041080474853516;136.3296356201172;104.99787139892578;1.0;0.99500972032547;0.9987245798110962;50.017250061035156;4095.089111328125;-4086.4111328125;296.2698974609375;0.9978744983673096;-5.886000156402588;-5.918000221252441;-5.926000118255615;-17.729999542236328;256.6000061035156;253.6999969482422;253.60000610351562;441.8999938964844;439.29998779296875;441.79998779296875;-4510.2998046875;-1506.0999755859375;-1499.699951171875;-1501.199951171875;-49.70000076293945;-69.69999694824219;15.5;4.5;4507.7001953125;1506.5999755859375;1499.800048828125;1501.199951171875;1.0;-0.9990000128746033;1.0;1.0;50.0;MPPT;50.02629470825195;6.3065056800842285;6.298638343811035;6.3105034828186035;256.0022888183594;253.01077270507812;253.21875;440.5987854003906;437.7450256347656;441.88720703125;4805.98828125;-11.049930572509766;4806.0009765625;99.9997329711914;242805.265625;4948.1640625;2016-07-14 13:30:00;4977.2480262312165;612.7263188455994;8.123117733229655;352.3787566453293;117;-4525.324309061263;-4877.7030657065925
2026-04-24 16:34:46;4.797756195068359;4.818115234375;4.9189910888671875;235.01548767089844;235.41836547851562;236.4435272216797;407.40631103515625;408.69891357421875;408.3065185546875;1128.9176025390625;1135.1834716796875;1163.2923583984375;-1129.386962890625;-1128.696044921875;-1161.928955078125;38.55180740356445;113.43061828613281;90.20938110351562;1.0;0.9940484166145325;0.9982087016105652;50.01274871826172;3418.1904296875;-3416.13330078125;251.97467041015625;0.9980904459953308;-4.946000099182129;-4.973999977111816;-4.979000091552734;-14.89900016784668;256.29998779296875;253.3000030517578;253.1999969482422;441.70001220703125;439.0;441.5;-3776.800048828125;-1260.9000244140625;-1257.199951171875;-1258.5999755859375;-49.0;-69.80000305175781;15.100000381469727;5.5;3778.89990234375;1262.0999755859375;1256.4000244140625;1257.9000244140625;1.0;-0.9980000257492065;1.0;1.0;50.0;MPPT;50.02210235595703;5.388204574584961;5.380707740783691;5.392193794250488;255.71609497070312;252.77609252929688;252.7318572998047;440.19085693359375;437.0173034667969;441.21966552734375;4097.7626953125;4.554845809936523;4097.76513671875;-99.99993896484375;242805.265625;4219.7431640625;2016-07-14 13:45:00;4250.268372452549;607.7975011078456;6.992902018691247;371.4264402734078;123;-3793.83656473009;-4165.263005003498
2026-04-24 16:35:13;3.9016571044921875;3.919283390045166;4.006893157958984;236.9317169189453;237.2523651123047;237.9425811767578;410.5463562011719;411.4917297363281;411.1059875488281;924.14990234375;930.3521728515625;954.687744140625;-924.1404418945312;-924.5037841796875;-952.7175903320312;28.291526794433594;104.72332763671875;80.76424407958984;0.9991292357444763;0.9928619861602783;0.9983043670654297;50.00225067138672;2808.876220703125;-2798.06494140625;213.47340393066406;0.9961510300636292;-4.046000003814697;-4.070000171661377;-4.074999809265137;-12.190999984741211;257.29998779296875;254.60000610351562;254.1999969482422;443.29998779296875;440.6000061035156;442.8999938964844;-3107.800048828125;-1036.5999755859375;-1033.199951171875;-1033.800048828125;-47.900001525878906;-70.69999694824219;15.100000381469727;7.599999904632568;3103.800048828125;1036.5999755859375;1033.300048828125;1033.800048828125;1.0;-0.9980000257492065;1.0;1.0;50.0;MPPT;50.01649856567383;4.453990936279297;4.4464430809021;4.457850456237793;256.13262939453125;253.4873046875;253.22735595703125;441.2687072753906;438.1162109375;441.9139099121094;3396.623046875;-21.37592124938965;3396.690185546875;99.9980239868164;242805.265625;3503.964111328125;2016-07-14 14:00:00;3523.2736931555423;602.8685814992334;5.844181968139307;323.81062167733535;107;-3128.997597615096;-3452.808219292431
2026-04-24 16:35:39;3.77350115776062;3.7905330657958984;3.8760972023010254;236.32432556152344;236.5502471923828;237.5829315185547;409.4344482421875;410.61871337890625;410.2909240722656;890.4401245117188;898.0428466796875;920.6700439453125;-890.2006225585938;-891.7469482421875;-916.967041015625;27.836776733398438;106.70455932617188;84.29742431640625;0.9986578822135925;0.9920168519020081;0.9971360564231873;50.00075149536133;2708.94873046875;-2696.385009765625;225.61378479003906;0.9955019950866699;-3.9179999828338623;-3.940999984741211;-3.947000026702881;-11.805999755859375;257.1000061035156;254.39999389648438;254.0;442.8999938964844;440.20001220703125;442.6000061035156;-2994.0;-998.5999755859375;-999.9000244140625;-1000.5;-31.5;-65.5;20.700000762939453;13.199999809265137;3004.0;1003.2000122070312;1000.0999755859375;1000.5999755859375;1.0;-0.9980000257492065;1.0;1.0;50.0;MPPT;50.00868606567383;4.162333011627197;4.154896259307861;4.166079998016357;256.2003479003906;253.69361877441406;253.3352813720703;441.4727478027344;438.43463134765625;442.049560546875;3175.6298828125;-25.88508415222168;3175.7353515625;99.9966812133789;242805.265625;3278.073486328125;2016-07-14 14:15:00;3295.0510951098618;601.3212650323185;5.479684964962559;209.52451990886405;69;-3019.6255532988002;-3229.1500732076643
2026-04-24 16:36:03;3.5088717937469482;3.532825231552124;3.611067295074463;236.71278381347656;237.16151428222656;238.04498291015625;410.3842468261719;411.5501708984375;410.8770751953125;829.0738525390625;837.1201171875;859.6593017578125;-830.4418334960938;-830.6873168945312;-856.6697387695312;16.016098022460938;91.0502700805664;72.18633270263672;0.9984470009803772;0.9922484755516052;0.9976549744606018;49.99175262451172;2527.77294921875;-2516.892578125;189.2503662109375;0.9955966472625732;-3.6670000553131104;-3.677000045776367;-3.687999963760376;-11.031999588012695;257.0;254.60000610351562;254.0;443.0;440.20001220703125;442.3999938964844;-2802.89990234375;-934.5999755859375;-933.5999755859375;-934.5;-56.20000076293945;-73.0999984741211;12.0;4.900000095367432;2805.800048828125;937.5;933.7000122070312;935.0;1.0;-0.996999979019165;1.0;1.0;50.0;MPPT;50.00190353393555;3.875138521194458;3.867917776107788;3.879333257675171;256.0465393066406;253.67910766601562;253.09059143066406;441.3234558105469;438.1233215332031;441.7974853515625;2955.08349609375;-6.130213260650635;2955.08984375;99.99978637695312;242805.265625;3052.0146484375;2016-07-14 14:30:00;3066.8284970641807;599.7739485654037;5.11330727918362;180.94960399262234;60;-2824.5423231302743;-3005.491927122897
2026-04-24 16:36:31;3.1955606937408447;3.218229055404663;3.2937464714050293;236.28927612304688;237.05792236328125;237.5546112060547;409.9308776855469;411.03302001953125;410.3388366699219;756.1561279296875;763.8782348632812;784.3622436523438;-755.4673461914062;-755.1304321289062;-779.1431274414062;12.37739372253418;87.06515502929688;69.63213348388672;0.9989185333251953;0.9916267395019531;0.9968239068984985;50.00899887084961;2301.17431640625;-2292.41357421875;180.57366943359375;0.9953885078430176;-3.3529999256134033;-3.365000009536743;-3.371999979019165;-10.09000015258789;256.6000061035156;254.3000030517578;253.60000610351562;442.3999938964844;439.79998779296875;441.79998779296875;-2557.39990234375;-852.2000122070312;-852.4000244140625;-853.5;-46.5;-69.5999984741211;14.600000381469727;8.5;2561.5;855.2000122070312;852.5;853.5999755859375;1.0;-0.9959999918937683;1.0;1.0;49.900001525878906;MPPT;50.01250076293945;3.585092782974243;3.5769245624542236;3.588930130004883;255.65098571777344;253.48597717285156;252.8758544921875;440.6587219238281;437.8215637207031;441.3705139160156;2730.810546875;-2.1967902183532715;2730.8115234375;-99.99949645996094;242805.265625;2822.029052734375;2016-07-14 14:45:00;2838.6058990184997;598.2266320984887;4.745034317614879;199.9972876207009;66;-2581.8364934174288;-2781.8337810381295
2026-04-24 16:37:00;2.85119891166687;2.8726489543914795;2.9421756267547607;236.3209991455078;236.56158447265625;237.5917510986328;409.37689208984375;410.51629638671875;410.06781005859375;674.329833984375;680.8211669921875;699.4429321289062;-671.4356079101562;-673.9381713867188;-696.8135986328125;12.145788192749023;85.7076644897461;67.44852447509766;0.9963763356208801;0.9904451370239258;0.9967774748802185;49.989505767822266;2048.15625;-2040.8927001953125;173.72296142578125;0.9931314587593079;-3.006999969482422;-3.015000104904175;-3.0260000228881836;-9.04800033569336;256.20001220703125;253.60000610351562;253.1999969482422;441.5;438.8999938964844;441.1000061035156;-2287.60009765625;-762.2000122070312;-761.2999877929688;-763.0999755859375;-32.0;-64.5;18.899999618530273;13.600000381469727;2289.10009765625;764.2000122070312;761.5;763.2999877929688;1.0;-0.9959999918937683;1.0;1.0;50.0;MPPT;50.0027961730957;3.3009326457977295;3.2938008308410645;3.304577589035034;255.3170623779297;252.81277465820312;252.41600036621094;439.86474609375;436.7994689941406;440.64593505859375;2509.44482421875;-17.275663375854492;2509.50439453125;99.99762725830078;242805.265625;2593.559326171875;2016-07-14 15:00:00;2610.3833009728187;596.6793156315739;4.374851335695753;247.61988716502117;82;-2310.555747788341;-2558.175634953362
2026-04-24 16:37:26;2.730618476867676;2.756028175354004;2.81923508644104;236.27345275878906;236.62806701660156;237.31130981445312;409.6088562011719;410.551025390625;410.21661376953125;645.8241577148438;652.0307006835938;669.9627075195312;-643.3936767578125;-644.4287109375;-666.6488037109375;4.482699394226074;82.46307373046875;67.91087341308594;0.9956421852111816;0.989121675491333;0.9957392811775208;49.988006591796875;1961.572509765625;-1946.439453125;159.41363525390625;0.9934527277946472;-2.880000114440918;-2.885999917984009;-2.8940000534057617;-8.65999984741211;256.6000061035156;254.0;253.5;442.1000061035156;439.5;441.70001220703125;-2191.800048828125;-730.0999755859375;-730.2999877929688;-731.5;-39.20000076293945;-67.69999694824219;16.299999237060547;12.100000381469727;2195.5;733.2999877929688;730.5;731.5999755859375;1.0;-0.9959999918937683;1.0;1.0;49.900001525878906;MPPT;49.997032165527344;3.1119391918182373;3.104121685028076;3.1165549755096436;255.2533416748047;252.75595092773438;252.21864318847656;439.7313232421875;436.6998291015625;440.3290710449219;2364.96142578125;-5.935675144195557;2364.968994140625;99.99967956542969;242805.265625;2445.3408203125;2016-07-14 15:15:00;2465.612431779973;595.6977899117289;4.139032364288829;199.9972876207009;66;-2216.3028955236728;-2416.3001831443735
2026-04-24 16:37:53;2.643975019454956;2.6665847301483154;2.731456995010376;236.2679901123047;236.50814819335938;237.5218963623047;409.74078369140625;410.9794616699219;410.6607971191406;624.3010864257812;630.4461059570312;647.596435546875;-620.9981079101562;-623.50732421875;-644.203369140625;1.492587924003601;82.97998046875;68.95868682861328;0.9937363862991333;0.9876823425292969;0.9935622811317444;49.9790153503418;1900.283203125;-1889.906494140625;151.09849548339844;0.9930505752563477;-2.7920000553131104;-2.7990000247955322;-2.815999984741211;-8.425999641418457;256.5;253.5;253.1999969482422;441.6000061035156;438.79998779296875;441.3999938964844;-2120.5;-706.4000244140625;-706.2999877929688;-708.2000122070312;-50.599998474121094;-71.80000305175781;12.800000190734863;8.199999809265137;2126.39990234375;710.7999877929688;707.2000122070312;708.2000122070312;1.0;-0.9950000047683716;1.0;1.0;49.900001525878906;MPPT;49.98487091064453;2.928947687149048;2.9211363792419434;2.93222713470459;255.50149536132812;252.739013671875;252.36361694335938;440.119873046875;436.72760009765625;440.5668640136719;2226.55419921875;8.761022567749023;2226.571533203125;-99.99922180175781;242805.265625;2305.1220703125;2016-07-14 15:30:00;2320.8265370687886;594.7161623210256;3.9024104003012026;123.8065531083867;41;-2150.603453219026;-2274.4100063274127
2026-04-24 16:38:22;2.408979654312134;2.437410593032837;2.4970695972442627;236.61184692382812;236.81468200683594;237.48776245117188;410.1947326660156;410.87481689453125;410.66204833984375;568.8967895507812;575.0509033203125;592.148681640625;-566.79150390625;-569.28466796875;-589.2251586914062;0.0;78.71246337890625;63.519474029541016;0.9934938549995422;0.9876188039779663;0.9941041469573975;49.976768493652344;1738.2745361328125;-1724.810302734375;132.88092041015625;0.9915983080863953;-2.572000026702881;-2.572000026702881;-2.5739998817443848;-7.7179999351501465;256.29998779296875;253.6999969482422;253.0;441.6000061035156;438.79998779296875;441.0;-1946.0999755859375;-647.9000244140625;-648.2999877929688;-649.0999755859375;-60.5;-75.19999694824219;9.300000190734863;5.400000095367432;1949.5;651.7999877929688;648.4000244140625;649.0999755859375;1.0;-0.9929999709129333;1.0;1.0;49.900001525878906;MPPT;49.98110580444336;2.7475621700286865;2.7394306659698486;2.7512285709381104;255.3800506591797;252.8788604736328;252.2928009033203;440.1551513671875;436.8594055175781;440.3077087402344;2088.533203125;10.63943099975586;2088.560302734375;-99.99870300292969;242805.265625;2163.189208984375;2016-07-14 15:45:00;2176.0556678759426;593.7346366011807;3.6650306950807514;161.9019203645438;53;-1970.6326341538797;-2132.5345545184236
2026-04-24 16:38:49;1.9472028017044067;1.9691990613937378;2.021737575531006;236.4686279296875;237.06736755371094;237.51173400878906;410.3038635253906;411.1062927246094;410.6810302734375;458.7549133300781;465.4531555175781;479.461181640625;-453.6161804199219;-457.78875732421875;-474.5680236816406;0.0;71.16273498535156;56.09440231323242;0.9876614809036255;0.9838157296180725;0.9911550283432007;49.98725891113281;1405.03271484375;-1387.333984375;129.24769592285156;0.9867556095123291;-2.1029999256134033;-2.0980000495910645;-2.1070001125335693;-6.308000087738037;255.89999389648438;253.39999389648438;252.60000610351562;441.0;438.20001220703125;440.29998779296875;-1582.300048828125;-526.0;-527.5999755859375;-528.5999755859375;-39.20000076293945;-67.5999984741211;15.699999809265137;12.5;1587.0;530.2999877929688;527.7999877929688;529.9000244140625;1.0;-0.9909999966621399;1.0;1.0;49.900001525878906;MPPT;49.99095153808594;2.565541982650757;2.5587234497070312;2.569917678833008;254.86436462402344;252.58238220214844;251.80374145507812;439.40826416015625;436.1540832519531;439.52142333984375;1945.468505859375;-4.868313312530518;1945.474609375;99.99968719482422;242805.265625;2016.1119384765625;2016-07-14 16:00:00;2031.2847986830968;592.7531108813357;3.4268648470910232;380.953672561571;126;-1609.7054301478638;-1990.6591027094348
2026-04-24 16:39:17;1.7601807117462158;1.7852994203567505;1.8343045711517334;236.56536865234375;237.19094848632812;237.4828338623047;410.2749938964844;410.9618225097656;410.482421875;415.8904724121094;421.6309509277344;433.7529602050781;-409.18505859375;-415.1707763671875;-430.6460266113281;-3.9619216918945312;64.41011810302734;49.91768264770508;0.9861938953399658;0.9833424687385559;0.9908738732337952;49.9730224609375;1274.7625732421875;-1258.0399169921875;92.78619384765625;0.9865162372589111;-1.9259999990463257;-1.9119999408721924;-1.9240000247955322;-5.765999794006348;256.1000061035156;253.5;252.6999969482422;443.5;436.1000061035156;440.6000061035156;-1440.699951171875;-478.70001220703125;-480.3999938964844;-481.6000061035156;-67.69999694824219;-77.19999694824219;5.800000190734863;3.5999999046325684;1449.9000244140625;485.70001220703125;481.5;482.6000061035156;-0.9990000128746033;-0.9869999885559082;1.0;1.0;49.900001525878906;MPPT;49.97757339477539;2.3713862895965576;2.3640027046203613;2.3758835792541504;254.9170379638672;252.48297119140625;251.62493896484375;439.3815612792969;435.91162109375;439.38409423828125;1799.1544189453125;13.164822578430176;1799.20263671875;-99.99732208251953;242805.265625;1867.412841796875;2016-07-14 16:15:00;1879.8425993478925;591.7263545003998;3.1768782732941845;371.4264402734078;123;-1470.8193070875268;-1842.2457473609345
2026-04-24 16:39:46;1.5746285915374756;1.5919972658157349;1.6372379064559937;236.2836456298828;236.78404235839844;237.0948944091797;409.645263671875;410.2545471191406;409.75189208984375;372.9385986328125;377.7090148925781;389.2978820800781;-364.7581787109375;-368.93292236328125;-383.28314208984375;-10.662287712097168;62.61173629760742;51.8398551940918;0.9794508814811707;0.9778755903244019;0.9859450459480286;49.963287353515625;1141.180908203125;-1112.692626953125;103.28429412841797;0.978813648223877;-1.7339999675750732;-1.7200000286102295;-1.7269999980926514;-5.181000232696533;255.1999969482422;252.8000030517578;251.89999389648438;439.8999938964844;437.0;439.1000061035156;-1295.0999755859375;-429.70001220703125;-429.8999938964844;-431.20001220703125;-44.0;-68.69999694824219;13.100000381469727;11.399999618530273;1294.5999755859375;433.0;430.1000061035156;431.3999938964844;-0.9990000128746033;-0.9869999885559082;1.0;1.0;49.900001525878906;MPPT;49.972713470458984;2.1745264530181885;2.1674273014068604;2.179075241088867;254.26950073242188;251.94366455078125;251.0989532470703;438.284423828125;435.0376281738281;438.3879089355469;1646.12744140625;-4.163450717926025;1646.1326904296875;99.99967956542969;242805.265625;1713.569091796875;2016-07-14 16:30:00;1728.4154255310268;590.6996999903223;2.926047576390075;371.4264402734078;123;-1322.4206767469987;-1693.8471170204064
2026-04-24 16:40:16;1.4193512201309204;1.4367609024047852;1.4810506105422974;236.13671875;236.7632598876953;237.27696228027344;409.4287109375;410.6645202636719;409.8710632324219;336.3128967285156;339.7893371582031;350.2672424316406;-327.2110290527344;-331.3917236328125;-344.9542236328125;-14.833417892456055;56.31348419189453;46.774662017822266;0.972061038017273;0.9739105105400085;0.9818655252456665;49.957298278808594;1029.49462890625;-1004.583740234375;113.2744140625;0.97489333152771;-1.5750000476837158;-1.5640000104904175;-1.5709999799728394;-4.710000038146973;255.3000030517578;253.0;252.10000610351562;440.20001220703125;437.3999938964844;439.3999938964844;-1173.5999755859375;-389.1000061035156;-390.1000061035156;-391.5;-26.200000762939453;-62.5;19.100000381469727;17.0;1175.199951171875;392.70001220703125;390.5;391.8999938964844;1.0;-0.9869999885559082;0.9990000128746033;0.9990000128746033;49.900001525878906;MPPT;49.97149658203125;1.980291724205017;1.9725769758224487;1.984452724456787;254.2782745361328;252.1531219482422;251.27684020996094;438.47705078125;435.396484375;438.52142333984375;1499.3770751953125;-22.019256591796875;1499.538818359375;99.98921203613281;242805.265625;1562.5672607421875;2016-07-14 16:45:00;1576.9732261958225;589.6729436093864;2.6743184392066115;342.8583053054139;114;-1202.575456366492;-1545.433761671906
2026-04-24 16:40:44;1.3200888633728027;1.3262310028076172;1.372380256652832;236.09405517578125;236.99996948242188;237.29652404785156;409.6570129394531;410.66107177734375;409.93304443359375;311.2002868652344;314.0738525390625;324.2353515625;-301.0005798339844;-305.8764953613281;-318.99688720703125;-17.606056213378906;54.990413665771484;43.320735931396484;0.9622095823287964;0.9737788438796997;0.982478678226471;49.94757080078125;946.9588012695312;-923.8255004882812;82.66036987304688;0.9735841155052185;-1.4759999513626099;-1.4479999542236328;-1.4570000171661377;-4.382999897003174;255.3000030517578;253.10000610351562;252.3000030517578;440.20001220703125;437.6000061035156;439.5;-1083.0999755859375;-358.79998779296875;-361.5;-362.79998779296875;-55.599998474121094;-72.5;9.5;7.599999904632568;1090.0;365.8999938964844;361.3999938964844;362.70001220703125;-0.9990000128746033;-0.9819999933242798;0.9990000128746033;1.0;49.900001525878906;MPPT;49.96055221557617;1.7919232845306396;1.7845426797866821;1.7959346771240234;254.1151885986328;252.03968811035156;251.21290588378906;438.1739807128906;435.2245788574219;438.4080810546875;1356.322021484375;-3.029715061187744;1356.325439453125;99.99974822998047;242805.265625;1418.4755859375;2016-07-14 17:00:00;1425.544549827123;588.646278912223;2.4217337319475276;276.1880221330151;92;-1120.8456366975656;-1397.0336588305806
2026-04-24 16:41:15;1.3613991737365723;1.375985026359558;1.4179428815841675;236.1796417236328;237.0591583251953;237.47398376464844;410.1280212402344;411.1703796386719;410.52020263671875;321.9470520019531;327.26739501953125;337.40478515625;-311.7243957519531;-316.4342346191406;-329.69110107421875;0.0;65.17289733886719;55.41138458251953;0.9685685634613037;0.9682723879814148;0.9786281585693359;49.976768493652344;984.0233764648438;-958.998046875;87.15315246582031;0.9754897356033325;-1.5230000019073486;-1.5019999742507935;-1.5110000371932983;-4.535999774932861;255.6999969482422;253.39999389648438;252.60000610351562;440.79998779296875;438.20001220703125;440.20001220703125;-1120.9000244140625;-371.3999938964844;-375.20001220703125;-376.6000061035156;-53.79999923706055;-72.0;9.800000190734863;8.300000190734863;1131.5999755859375;379.3999938964844;375.29998779296875;376.70001220703125;-0.9990000128746033;-0.9810000061988831;1.0;1.0;50.0;MPPT;49.979644775390625;1.6483347415924072;1.6411174535751343;1.6529117822647095;254.60919189453125;252.4793243408203;251.66061401367188;439.0013122558594;436.0110778808594;439.18798828125;1249.8701171875;14.3504638671875;1249.9525146484375;-99.99200439453125;242805.265625;1308.4891357421875;2016-07-14 17:15:00;1317.0137283152553;587.9104555155429;2.2401604121164276;133.33378539654987;44;-1157.3396683524002;-1290.6734537489501
2026-04-24 16:41:43;0.5233790278434753;0.468636691570282;0.4863908588886261;236.38294982910156;237.21824645996094;237.59690856933594;410.2138671875;411.2445068359375;410.66387939453125;127.44621276855469;109.54251098632812;113.49333190917969;-89.49639129638672;-91.34915924072266;-98.79734802246094;-39.22055435180664;29.22222137451172;26.370790481567383;0.7011362314224243;0.8461771607398987;0.8773141503334045;49.94682312011719;351.1737365722656;-280.43603515625;16.167686462402344;0.7954688668251038;-0.6700000166893005;-0.5630000233650208;-0.5609999895095825;-1.7940000295639038;255.10000610351562;252.6999969482422;251.89999389648438;439.70001220703125;436.8999938964844;439.0;-388.29998779296875;-126.4000015258789;-129.39999389648438;-131.5;-67.5;-76.5999984741211;3.9000000953674316;5.099999904632568;408.5;147.39999389648438;129.39999389648438;131.60000610351562;-0.9860000014305115;-0.8579999804496765;0.9990000128746033;0.9990000128746033;49.900001525878906;MPPT;49.95811462402344;1.5106205940246582;1.5035525560379028;1.5145920515060425;253.75344848632812;251.5308074951172;250.73692321777344;437.4771728515625;434.3523864746094;437.64306640625;1141.0968017578125;11.735894203186035;1141.1571044921875;-99.99471282958984;242805.265625;1196.147705078125;2016-07-14 17:30:00;1208.4844093552215;587.1746423059487;2.0581345349132736;761.907345123142;253;-422.4073760449751;-1184.314721168117
2026-04-24 16:42:05;0.4119589030742645;0.26260584592819214;0.26992619037628174;236.3043670654297;237.03221130371094;237.49131774902344;409.89599609375;410.9329528808594;410.2917175292969;92.4756851196289;64.75706481933594;66.62126922607422;-26.46639633178711;-26.461002349853516;-32.03884506225586;-33.23438262939453;32.58742904663086;33.948246002197266;0.28557929396629333;0.4085741341114044;0.47500792145729065;49.976768493652344;223.0924072265625;-83.68209075927734;32.531700134277344;0.36698028445243835;-0.46799999475479126;-0.3310000002384186;-0.3310000002384186;-1.1299999952316284;254.6999969482422;252.39999389648438;251.60000610351562;439.1000061035156;436.3999938964844;438.3999938964844;-173.5;-54.599998474121094;-58.099998474121094;-60.70000076293945;-23.100000381469727;-61.900001525878906;18.600000381469727;20.200000762939453;207.60000610351562;82.5999984741211;61.0;64.0;-0.9929999709129333;-0.6700000166893005;0.9490000009536743;0.9520000219345093;49.900001525878906;MPPT;49.985618591308594;1.3739352226257324;1.366837739944458;1.3788338899612427;253.47047424316406;251.23789978027344;250.40286254882812;436.96954345703125;433.7987365722656;437.1290283203125;1036.6497802734375;-23.912797927856445;1036.925537109375;99.97340393066406;242805.265625;1089.934814453125;2016-07-14 17:45:00;1099.953587843354;586.4388189092688;1.8756493471717701;866.6662146034503;288;-211.28830148303655;-1077.9545160864868
2026-04-24 16:42:27;0.46162891387939453;0.270486980676651;0.26870134472846985;236.43057250976562;237.25828552246094;237.70252990722656;410.2232666015625;411.30084228515625;410.6173400878906;111.60260009765625;62.960819244384766;62.783504486083984;43.30791091918945;36.55052185058594;36.57487487792969;-56.38644027709961;0.0;10.234417915344238;0.3917202949523926;0.5871997475624084;0.5753334164619446;49.95954513549805;235.30960083007812;116.47923278808594;-48.800933837890625;0.4967929720878601;0.46799999475479126;0.23999999463558197;0.07900000363588333;0.7870000004768372;254.60000610351562;252.3000030517578;251.39999389648438;438.8999938964844;436.20001220703125;438.20001220703125;67.19999694824219;25.700000762939453;22.200000762939453;19.200000762939453;-65.80000305175781;-75.69999694824219;4.0;5.800000190734863;122.80000305175781;80.0;22.5;19.700000762939453;0.7049999833106995;0.3240000009536743;-0.9890000224113464;-0.9769999980926514;49.900001525878906;MPPT;49.96521759033203;1.2348390817642212;1.227465033531189;1.238400936126709;253.5330047607422;251.30081176757812;250.46595764160156;437.1432189941406;433.8983459472656;437.1859436035156;931.471435546875;16.713001251220703;931.6213989257812;-99.98390197753906;242805.265625;982.2958984375;2016-07-14 18:00:00;991.4242688833202;585.7030056996746;1.6927081801449446;1000.0;333;28.4042164943462;-971.5957835056538
2026-04-24 16:42:57;0.5892131924629211;0.5401189923286438;0.5650138854980469;236.23777770996094;236.78561401367188;237.41807556152344;409.70147705078125;410.6993713378906;410.22491455078125;137.16954040527344;129.74542236328125;134.3048553466797;-107.29767608642578;-109.89592742919922;-119.37042236328125;-28.814516067504883;40.505252838134766;35.78822326660156;0.773312509059906;0.8539500832557678;0.8842833638191223;49.96703338623047;396.98626708984375;-329.2222900390625;48.96189880371094;0.8345048427581787;-0.7120000123977661;-0.6359999775886536;-0.6370000243186951;-1.9850000143051147;255.0;252.60000610351562;251.8000030517578;439.5;436.79998779296875;438.8999938964844;-447.3999938964844;-146.3000030517578;-147.8000030517578;-150.3000030517578;-37.29999923706055;-66.4000015258789;14.699999809265137;14.399999618530273;458.70001220703125;159.0;148.60000610351562;151.0;-0.9959999918937683;-0.9100000262260437;0.9950000047683716;0.9929999709129333;49.900001525878906;MPPT;49.97792434692383;0.91879802942276;0.9122815132141113;0.9231370091438293;253.92787170410156;251.72621154785156;250.84324645996094;437.8548889160156;434.5904846191406;437.8551940917969;694.2120971679688;-14.075763702392578;694.3547973632812;99.97944641113281;242805.265625;740.529296875;2016-07-14 18:15:00;743.5678260245318;584.0225745822022;1.2731833637705956;238.09265487685795;79;-490.60381462718317;-728.6964695040411
2026-04-24 16:43:19;0.41000282764434814;0.2836039364337921;0.2863643765449524;236.41925048828125;237.08543395996094;237.3971710205078;410.0724792480469;410.9841003417969;410.32318115234375;101.97068786621094;67.64838409423828;68.88501739501953;-27.842647552490234;-30.804462432861328;-36.0223388671875;-39.98899459838867;26.33576011657715;27.342844009399414;0.29179224371910095;0.42361411452293396;0.491366982460022;49.97077560424805;242.2691650390625;-89.37940979003906;33.089420318603516;0.3833782374858856;-0.48399999737739563;-0.3490000069141388;-0.34700000286102295;-1.1799999475479126;254.89999389648438;252.1999969482422;251.6999969482422;441.29998779296875;434.1000061035156;438.70001220703125;-181.39999389648438;-57.29999923706055;-55.400001525878906;-57.400001525878906;-23.100000381469727;-61.79999923706055;18.899999618530273;19.600000381469727;199.89999389648438;80.5999984741211;58.5;60.70000076293945;-0.9919999837875366;-0.6909999847412109;0.9599999785423279;0.9620000123977661;49.900001525878906;MPPT;49.98365783691406;0.5874273777008057;0.5804386734962463;0.5915424227714539;253.78370666503906;251.41770935058594;250.5937042236328;437.4400939941406;434.09771728515625;437.54815673828125;442.76123046875;-17.88282012939453;443.1222229003906;99.91853332519531;242805.265625;486.0233154296875;2016-07-14 18:30:00;495.71138316574314;582.3421434647298;0.8512373502910775;247.61988716502117;82;-238.1772683374071;-485.79715550242827
2026-04-24 16:43:43;0.6025054454803467;0.4435822665691376;0.452409029006958;236.4573974609375;237.2033233642578;237.66481018066406;410.3624267578125;411.4169616699219;410.7774353027344;144.376953125;104.75873565673828;105.89987182617188;88.93186950683594;80.67848205566406;84.0504379272461;-54.781280517578125;6.155056476593018;15.361796379089355;0.6017522215843201;0.7381280064582825;0.8117737174034119;49.96928024291992;343.7664794921875;253.89889526367188;-37.05048370361328;0.6924164891242981;0.5630000233650208;0.42500001192092896;0.4050000011920929;1.3930000066757202;254.6999969482422;252.5;251.60000610351562;439.20001220703125;436.5;438.3999938964844;221.8000030517578;77.4000015258789;73.19999694824219;69.5999984741211;-42.79999923706055;-68.19999694824219;11.399999618530273;14.0;247.8000030517578;102.69999694824219;74.0999984741211;71.0;0.9769999980926514;0.7099999785423279;-0.9850000143051147;-0.9810000061988831;49.900001525878906;MPPT;49.98000717163086;0.2442770153284073;0.2385338544845581;0.24711334705352783;253.43914794921875;251.34078979492188;250.416748046875;437.0269470214844;433.95550537109375;437.06195068359375;171.19821166992188;0.6978400945663452;171.1996307373047;-99.9991683959961;242805.265625;212.44691467285156;2016-07-14 18:45:00;247.85644285878848;580.6617225343432;0.42685169908737874;380.953672561571;126;138.0543585599583;-242.8993140016127
2026-04-24 16:44:08;0.4295494854450226;0.3317813575267792;0.3428468406200409;236.31912231445312;237.0033416748047;237.48611450195312;409.9893798828125;410.9747619628906;410.38427734375;99.91790008544922;77.33433532714844;79.9371566772461;-43.877235412597656;-44.1519660949707;-51.867183685302734;-29.91057777404785;36.26609802246094;37.36505126953125;0.4637327194213867;0.6041398048400879;0.6644532680511475;50.00374984741211;255.75399780273438;-136.837158203125;41.38328552246094;0.5342018008232117;-0.5230000019073486;-0.4009999930858612;-0.4020000100135803;-1.3259999752044678;254.89999389648438;252.5;251.6999969482422;439.3999938964844;436.6000061035156;438.70001220703125;-241.60000610351562;-77.4000015258789;-80.5999984741211;-83.4000015258789;-28.600000381469727;-64.4000015258789;15.800000190734863;19.899999618530273;268.79998779296875;100.69999694824219;82.19999694824219;85.80000305175781;-0.9950000047683716;-0.7730000019073486;0.9670000076293945;0.9649999737739563;50.0;MPPT;50.01649856567383;0.5299492478370667;0.5241735577583313;0.5345870852470398;253.71173095703125;251.5050048828125;250.72715759277344;437.3623352050781;434.36474609375;437.614013671875;399.63311767578125;-19.80133819580078;400.1233825683594;99.87747192382812;242805.265625;444.07757568359375;2016-07-15 06:15:00;453.52273277449535;582.0561104687588;0.7791735618225035;161.9019203645438;53;-282.55035775446163;-444.4522781190054
2026-04-24 16:44:37;0.8809232115745544;0.8626867532730103;0.8948072195053101;236.56744384765625;237.39915466308594;237.8753662109375;410.5559387207031;411.4977722167969;410.7392578125;208.0332489013672;203.43588256835938;211.4158935546875;-187.64761352539062;-191.8254852294922;-202.54873657226562;-31.119897842407227;40.1717414855957;34.27333068847656;0.9024867415428162;0.9465553164482117;0.9602176547050476;49.988006591796875;624.7454223632812;-584.632080078125;48.38764953613281;0.9349206686019897;-1.0369999408721924;-0.9829999804496765;-0.9909999966621399;-3.010999917984009;255.5;253.10000610351562;252.1999969482422;440.29998779296875;437.6000061035156;439.5;-722.2000122070312;-238.1999969482422;-240.8000030517578;-243.0;-62.70000076293945;-75.0999984741211;8.300000190734863;8.100000381469727;730.0999755859375;248.0;240.0;242.0;-0.9980000257492065;-0.9589999914169312;0.9990000128746033;0.9990000128746033;50.0;MPPT;50.00068283081055;1.1228561401367188;1.1151841878890991;1.1260926723480225;254.28736877441406;252.04295349121094;251.26162719726562;438.3310852050781;435.2724914550781;438.591552734375;849.4080810546875;8.054434776306152;849.4462280273438;-99.9955062866211;242805.265625;897.8212890625;2016-07-15 06:30:00;907.0439629971569;585.1309193335609;1.550155585745223;133.33378539654987;44;-755.5692983406639;-888.9030837372137
2026-04-24 16:45:04;1.4102559089660645;1.4184480905532837;1.4583369493484497;236.36964416503906;236.97216796875;237.5802764892578;409.9188537597656;411.1134948730469;410.486572265625;331.3892822265625;336.29266357421875;347.62005615234375;-321.8336486816406;-326.7387390136719;-340.7344665527344;-4.502335071563721;64.08964538574219;55.75033187866211;0.9713521003723145;0.9677640795707703;0.9775959849357605;50.01874923706055;1015.737548828125;-988.84326171875;122.57452392578125;0.9748278260231018;-1.5609999895095825;-1.5490000247955322;-1.5579999685287476;-4.668000221252441;255.60000610351562;253.39999389648438;252.5;440.79998779296875;438.1000061035156;440.0;-1157.199951171875;-383.70001220703125;-386.3999938964844;-388.1000061035156;-18.899999618530273;-60.400001525878906;21.399999618530273;20.100000381469727;1164.699951171875;388.8999938964844;387.0;388.6000061035156;1.0;-0.9869999885559082;0.9990000128746033;0.9990000128746033;50.0;MPPT;50.028663635253906;1.703516960144043;1.6966251134872437;1.7080572843551636;254.56849670410156;252.29872131347656;251.57521057128906;438.8157653808594;435.7774658203125;439.0763244628906;1291.56298828125;-26.400056838989258;1291.832763671875;99.97911834716797;242805.265625;1349.0982666015625;2016-07-15 06:45:00;1360.5666957716523;588.2057383854487;2.3130796029060137;142.85423673646523;47;-1190.501125119754;-1333.3553618562194
2026-04-24 16:45:30;1.9197206497192383;1.944843053817749;1.9971803426742554;236.6508331298828;237.3485107421875;237.85755920410156;410.587646484375;411.6152648925781;410.8935546875;454.6553649902344;461.1398010253906;474.85992431640625;-449.2493591308594;-452.9384765625;-469.6761169433594;-6.776048183441162;64.97369384765625;53.242393493652344;0.9868894219398499;0.9826774597167969;0.9902602434158325;50.029258728027344;1389.12646484375;-1370.1402587890625;114.02519226074219;0.9863322973251343;-2.0840001106262207;-2.0789999961853027;-2.0829999446868896;-6.245999813079834;256.0;253.5;252.8000030517578;441.20001220703125;438.3999938964844;440.6000061035156;-1568.4000244140625;-521.2999877929688;-522.2000122070312;-523.0;-44.70000076293945;-69.80000305175781;14.0;11.0;1570.699951171875;525.0999755859375;522.4000244140625;523.0999755859375;-0.9990000128746033;-0.9900000095367432;1.0;1.0;50.0;MPPT;50.03595733642578;2.283918857574463;2.2768566608428955;2.2881827354431152;254.84678649902344;252.6182861328125;251.7190399169922;439.3953857421875;436.1821594238281;439.3758850097656;1733.1171875;-3.7195932865142822;1733.1212158203125;99.99977111816406;242805.265625;1799.8494873046875;2016-07-15 07:00:00;1814.0909310979814;591.2805676244225;3.068071285323011;180.94960399262234;60;-1596.8595084833994;-1777.8091124760217
2026-04-24 16:45:55;2.2498161792755127;2.274491310119629;2.332684278488159;235.9656524658203;236.7576141357422;237.0712890625;409.2118835449219;410.3016357421875;409.6916198730469;531.2417602539062;537.9391479492188;552.75634765625;-526.9385375976562;-530.8318481445312;-548.9207153320312;0.0;73.2151870727539;58.30720138549805;0.9919116497039795;0.9875432252883911;0.9934501647949219;50.038265228271484;1621.531494140625;-1610.31689453125;122.87794494628906;0.9918082356452942;-2.4119999408721924;-2.4140000343322754;-2.4210000038146973;-7.247000217437744;255.8000030517578;253.39999389648438;252.60000610351562;440.8999938964844;438.20001220703125;440.20001220703125;-1821.199951171875;-605.4000244140625;-607.7000122070312;-608.2999877929688;-70.19999694824219;-74.4000015258789;8.399999618530273;4.800000190734863;1824.5;610.5999755859375;607.7000122070312;608.2999877929688;-0.9990000128746033;-0.9929999709129333;1.0;1.0;50.0;MPPT;50.05176544189453;2.6086583137512207;2.601182699203491;2.6125681400299072;254.68426513671875;252.47377014160156;251.67242431640625;439.0625915527344;436.01788330078125;439.259765625;1978.600341796875;-4.524207592010498;1978.60546875;99.99974060058594;242805.265625;2048.762939453125;2016-07-15 07:15:00;2060.0436407832635;592.9480917041467;3.4742394310818168;171.42915265270696;57;-1847.4136153148913;-2018.8427679675983
2026-04-24 16:46:24;2.574622392654419;2.594719171524048;2.659644842147827;236.4463653564453;237.09825134277344;237.4317169189453;409.94488525390625;410.74920654296875;410.2306213378906;608.479736328125;615.7147827148438;631.8092651367188;-606.3588256835938;-609.2621459960938;-629.3053588867188;0.5365059971809387;81.26131439208984;65.25538635253906;0.9938338994979858;0.9881219267845154;0.9940647482872009;50.03526306152344;1856.9371337890625;-1842.477783203125;146.96588134765625;0.9930976033210754;-2.7330000400543213;-2.736999988555908;-2.746000051498413;-8.222000122070312;256.29998779296875;254.0;253.10000610351562;441.8999938964844;439.1000061035156;441.1000061035156;-2073.800048828125;-690.4000244140625;-691.5;-691.7999877929688;-45.099998474121094;-70.0;14.5;10.399999618530273;2079.60009765625;694.5;692.5;692.5;1.0;-0.9950000047683716;1.0;1.0;50.0;MPPT;50.044471740722656;2.910698413848877;2.903123140335083;2.9145243167877197;255.48902893066406;253.13137817382812;252.33518981933594;440.3940124511719;437.1806945800781;440.44561767578125;2213.8955078125;-5.410006999969482;2213.902099609375;99.99970245361328;242805.265625;2289.40625;2016-07-15 07:30:00;2305.9963504685456;594.6156157838708;3.8781294827391863;161.9019203645438;53;-2097.9745030946306;-2259.8764234591745
2026-04-24 16:46:54;1.7282754182815552;1.7508416175842285;1.8000744581222534;236.2025604248047;236.62229919433594;237.19007873535156;409.51495361328125;410.3584289550781;410.2558288574219;410.9426574707031;414.6653747558594;427.6825256347656;-402.9809265136719;-406.7846374511719;-422.5023498535156;-3.9862351417541504;66.13619232177734;54.069969177246094;0.9837863445281982;0.9806219935417175;0.987797737121582;50.03901672363281;1253.743408203125;-1232.810791015625;122.02391815185547;0.9837884306907654;-1.899999976158142;-1.8860000371932983;-1.8940000534057617;-5.679999828338623;255.60000610351562;253.1999969482422;252.39999389648438;440.6000061035156;437.79998779296875;439.8999938964844;-1417.0;-470.5;-472.6000061035156;-474.3999938964844;-38.400001525878906;-67.0;15.600000381469727;12.899999618530273;1423.5;475.8999938964844;472.8999938964844;474.5;1.0;-0.9900000095367432;1.0;1.0;50.0;MPPT;50.046897888183594;3.2401680946350098;3.2326674461364746;3.2442879676818848;254.46417236328125;252.2050018310547;251.4259796142578;438.6432189941406;435.52642822265625;438.8971252441406;2455.447021484375;3.5440454483032227;2455.449462890625;-99.9999008178711;242805.265625;2536.89892578125;2016-07-15 07:45:00;2551.964085672166;596.2832417344532;4.279785020033565;1057.143050884236;352;-1443.781753074487;-2500.924803958723
2026-04-24 16:47:21;2.032881736755371;2.050600528717041;2.105158567428589;236.23275756835938;236.47686767578125;237.3002471923828;409.6361999511719;410.6937255859375;410.2051696777344;480.4914855957031;485.8842468261719;499.92913818359375;-474.75054931640625;-478.75250244140625;-496.4515380859375;0.0;71.4937515258789;60.427181243896484;0.9899742007255554;0.9838847517967224;0.9902702569961548;50.036014556884766;1468.154541015625;-1443.877197265625;142.16473388671875;0.9870155453681946;-2.194999933242798;-2.194999933242798;-2.1989998817443848;-6.589000225067139;255.6999969482422;252.89999389648438;252.60000610351562;440.3999938964844;437.70001220703125;440.20001220703125;-1650.800048828125;-549.0999755859375;-550.4000244140625;-552.0999755859375;-23.399999618530273;-62.400001525878906;21.600000381469727;17.299999237060547;1656.5999755859375;553.2999877929688;550.7999877929688;552.4000244140625;1.0;-0.9940000176429749;0.9990000128746033;0.9990000128746033;50.0;MPPT;50.05419921875;3.5500900745391846;3.5425186157226562;3.554072618484497;254.84039306640625;252.4429168701172;251.79965209960938;439.1527099609375;436.0793762207031;439.6337585449219;2690.897216796875;-27.548927307128906;2691.038330078125;99.99475860595703;242805.265625;2777.7841796875;2016-07-15 08:00:00;2797.916795357449;597.9507658141773;4.679175870855805;1066.663502224151;355;-1675.2949572261489;-2741.9584594503
2026-04-24 16:47:48;3.208939552307129;3.2368712425231934;3.313771963119507;236.35647583007812;236.9976348876953;237.43936157226562;409.9543762207031;410.88238525390625;410.38714599609375;760.1009521484375;767.6982421875;787.5064086914062;-757.765380859375;-760.1729125976562;-783.0816650390625;12.284440040588379;88.90875244140625;67.91203308105469;0.997173011302948;0.99138343334198;0.9970729947090149;50.04502487182617;2314.574951171875;-2304.88916015625;161.40969848632812;0.9949390292167664;-3.372999906539917;-3.38100004196167;-3.3919999599456787;-10.145999908447266;256.79998779296875;254.3000030517578;253.6999969482422;442.70001220703125;439.8999938964844;442.1000061035156;-2570.0;-856.5;-856.4000244140625;-856.9000244140625;-69.19999694824219;-76.69999694824219;7.5;0.0;2575.10009765625;860.5999755859375;856.9000244140625;857.5;1.0;-0.9959999918937683;1.0;1.0;50.0;MPPT;50.04066467285156;4.01430606842041;4.0064215660095215;4.018311500549316;255.7783966064453;253.29959106445312;252.79920959472656;440.6802978515625;437.63140869140625;441.3055114746094;3057.33154296875;17.97048568725586;3057.38427734375;-99.99827575683594;242805.265625;3149.63525390625;2016-07-15 08:15:00;3169.107200395338;600.4673834979396;5.27773412426524;514.2874579581209;171;-2591.4375984293106;-3105.7250563874313
2026-04-24 16:48:19;3.918408155441284;3.942530632019043;4.035681247711182;236.45509338378906;236.9179229736328;237.44500732421875;409.9422302246094;410.9097900390625;410.41119384765625;930.1435546875;938.6861572265625;961.17529296875;-929.8758544921875;-931.5404052734375;-958.3511352539062;26.843395233154297;105.58441162109375;81.32188415527344;0.99953693151474;0.993075430393219;0.997296929359436;50.02400207519531;2829.586669921875;-2818.76513671875;218.12445068359375;0.9967420101165771;-4.081999778747559;-4.1020002365112305;-4.110000133514404;-12.293999671936035;257.20001220703125;254.89999389648438;253.89999389648438;443.3999938964844;440.6000061035156;442.6000061035156;-3129.0;-1043.300048828125;-1042.4000244140625;-1041.300048828125;-45.5;-70.0999984741211;15.699999809265137;8.699999809265137;3128.60009765625;1044.699951171875;1042.5;1041.4000244140625;1.0;-0.9980000257492065;1.0;1.0;50.0;MPPT;50.04082107543945;4.469382286071777;4.461630821228027;4.4733500480651855;256.32855224609375;254.09983825683594;253.28956604003906;441.9803771972656;438.78924560546875;442.0340270996094;3412.18798828125;-28.954795837402344;3412.310791015625;99.99639892578125;242805.265625;3515.283935546875;2016-07-15 08:30:00;3540.312630951566;602.9841030525603;5.871320011637136;323.81062167733535;107;-3145.695756655199;-3469.5063783325345
2026-04-24 16:48:47;4.2782135009765625;4.3040452003479;4.398716926574707;236.22250366210938;237.0261993408203;237.32676696777344;410.0165100097656;410.9188537597656;410.3027038574219;1011.8688354492188;1020.7261352539062;1043.765869140625;-1011.499755859375;-1014.0582885742188;-1042.192626953125;31.406339645385742;107.26557159423828;82.14550018310547;1.0;0.9937843084335327;0.998134195804596;50.038265228271484;3072.55517578125;-3064.6806640625;230.566162109375;0.9974733591079712;-4.422999858856201;-4.446000099182129;-4.452000141143799;-13.321000099182129;257.5;255.10000610351562;254.1999969482422;443.8999938964844;441.0;443.1000061035156;-3394.800048828125;-1132.5;-1130.699951171875;-1129.199951171875;-56.599998474121094;-74.19999694824219;12.699999809265137;4.800000190734863;3393.89990234375;1133.800048828125;1130.800048828125;1129.199951171875;1.0;-0.9980000257492065;1.0;1.0;50.0;MPPT;50.04568099975586;4.941400527954102;4.933363914489746;4.945139408111572;256.600830078125;254.2572479248047;253.49127197265625;442.3678894042969;439.0890808105469;442.44281005859375;3775.71875;-9.370640754699707;3775.73046875;99.99968719482422;242805.265625;3886.111328125;2016-07-15 08:45:00;3911.518061507794;605.5008226071809;6.459971507000568;419.0490398177281;139;-3414.23866045991;-3833.287700277638
2026-04-24 16:49:15;4.862807750701904;4.88669490814209;4.988273620605469;236.305908203125;236.93724060058594;237.38766479492188;409.9311218261719;410.9922790527344;410.3510437011719;1149.5172119140625;1157.8338623046875;1184.19677734375;-1149.4508056640625;-1150.6651611328125;-1181.9022216796875;38.83383560180664;115.9697265625;88.28639221191406;1.0;0.9947678446769714;0.9988847970962524;50.00975036621094;3491.198974609375;-3482.5869140625;258.2411193847656;0.996850848197937;-5.00600004196167;-5.0329999923706055;-5.045000076293945;-15.083999633789062;257.6000061035156;255.3000030517578;254.60000610351562;444.20001220703125;441.3999938964844;443.70001220703125;-3846.800048828125;-1283.5;-1282.5;-1280.699951171875;-49.0;-71.80000305175781;15.899999618530273;6.599999904632568;3848.699951171875;1285.800048828125;1282.0;1280.800048828125;1.0;-0.9980000257492065;1.0;1.0;50.0;MPPT;50.01892852783203;5.403892993927002;5.395529747009277;5.407895088195801;256.9798889160156;254.5987548828125;253.96487426757812;442.98944091796875;439.8114013671875;443.1716613769531;4135.80712890625;-10.56717300415039;4135.82080078125;99.99967956542969;242805.265625;4257.73583984375;2016-07-15 09:00:00;4282.708466545683;608.0174402909431;7.043726351823658;333.33107301725073;111;-3863.723224197519;-4197.05429721477
2026-04-24 16:49:44;5.767143249511719;5.7875471115112305;5.905972957611084;236.6083984375;237.46693420410156;237.7332000732422;410.5276794433594;411.52203369140625;410.72705078125;1365.87646484375;1373.0540771484375;1402.7669677734375;-1365.279052734375;-1364.3836669921875;-1401.79638671875;56.7930908203125;136.0721435546875;106.65747833251953;1.0;0.9950432777404785;0.9990780353546143;50.01649856567383;4144.68505859375;-4130.65234375;311.07440185546875;0.9979601502418518;-5.89900016784668;-5.931000232696533;-5.943999767303467;-17.77400016784668;258.5;256.20001220703125;255.3000030517578;445.70001220703125;442.8999938964844;444.8999938964844;-4560.39990234375;-1522.300048828125;-1517.4000244140625;-1514.800048828125;-41.099998474121094;-69.69999694824219;19.299999237060547;9.199999809265137;4553.2001953125;1520.699951171875;1517.5;1514.9000244140625;1.0;-0.9990000128746033;1.0;1.0;50.0;MPPT;50.023338317871094;6.479578971862793;6.471131324768066;6.483644008636475;257.83587646484375;255.58204650878906;254.84317016601562;444.57421875;441.48590087890625;444.6163024902344;4976.8359375;-13.896517753601074;4976.85546875;99.9996109008789;242805.265625;5121.5810546875;2016-07-15 09:15:00;5153.542432898539;613.9215696261849;8.394463866184921;476.19209070196376;158;-4574.279493538605;-5050.4715842405685
2026-04-24 16:50:11;7.0005879402160645;7.016726970672607;7.1524786949157715;236.42620849609375;237.16567993164062;237.701171875;410.17352294921875;411.2861022949219;410.644287109375;1661.3502197265625;1666.0302734375;1701.321533203125;-1661.027099609375;-1658.808837890625;-1700.4404296875;74.66788482666016;150.1195831298828;116.09367370605469;1.0;0.99625563621521;0.9996929168701172;49.986507415771484;5028.29150390625;-5021.02685546875;350.4337158203125;0.9986180067062378;-7.131999969482422;-7.170000076293945;-7.179999828338623;-21.48200035095215;259.6000061035156;257.1000061035156;256.3999938964844;449.70001220703125;442.3999938964844;446.79998779296875;-5517.10009765625;-1843.300048828125;-1841.699951171875;-1838.4000244140625;-69.0;-80.5;11.5;0.0;5527.89990234375;1847.699951171875;1841.699951171875;1838.4000244140625;1.0;-0.9990000128746033;1.0;1.0;49.900001525878906;MPPT;49.997032165527344;7.54509973526001;7.536245822906494;7.5495076179504395;258.9382629394531;256.6396484375;255.93324279785156;446.44647216796875;443.3815612792969;446.4771423339844;5819.9970703125;-12.732131004333496;5820.01123046875;99.999755859375;242805.265625;5988.35791015625;2016-07-15 09:30:00;6024.376399251395;619.8256989614266;9.719468568898929;361.9059889334925;120;-5541.982882332875;-5903.8888712663675
2026-04-24 16:50:39;8.118123054504395;8.125624656677246;8.27717113494873;236.88389587402344;237.6035919189453;238.0543212890625;410.9561767578125;411.886962890625;411.3606872558594;1927.9208984375;1928.0491943359375;1970.344482421875;-1927.6397705078125;-1924.3134765625;-1970.049072265625;85.18656158447266;167.72369384765625;132.44879150390625;1.0;0.9968510866165161;1.0;49.957298278808594;5827.890625;-5822.80517578125;397.9760437011719;0.9991975426673889;-8.239999771118164;-8.28600025177002;-8.295999526977539;-24.82200050354004;260.20001220703125;257.70001220703125;256.79998779296875;448.3999938964844;445.5;447.6000061035156;-6402.10009765625;-2139.5;-2133.300048828125;-2129.10009765625;-71.0999984741211;-83.0;11.899999618530273;0.0;6403.7001953125;2140.60009765625;2133.10009765625;2128.699951171875;1.0;-0.9990000128746033;1.0;1.0;49.900001525878906;MPPT;49.96961975097656;8.617761611938477;8.60914134979248;8.621495246887207;259.5794677734375;257.20672607421875;256.51641845703125;447.5578308105469;444.29132080078125;447.5600891113281;6662.5732421875;-16.80927276611328;6662.59423828125;99.99968719482422;242805.265625;6855.1826171875;2016-07-15 09:45:00;6895.210365604251;625.7298282966683;11.019468872650776;333.33107301725073;111;-6423.975085274915;-6757.3061582921655
2026-04-24 16:51:09;8.936362266540527;8.939776420593262;9.099387168884277;236.5624237060547;237.18592834472656;237.6697540283203;410.28155517578125;411.1500549316406;410.49835205078125;2116.877685546875;2119.251708984375;2160.52734375;-2118.202392578125;-2112.747314453125;-2162.103515625;107.31143188476562;186.53309631347656;148.8226318359375;1.0;0.9966989755630493;1.0;49.95954513549805;6401.78515625;-6391.2587890625;423.03350830078125;0.9987526535987854;-9.045000076293945;-9.09000015258789;-9.104000091552734;-27.23900032043457;260.29998779296875;257.6000061035156;256.8999938964844;448.5;445.5;447.8999938964844;-7031.2998046875;-2351.10009765625;-2339.89990234375;-2336.800048828125;-77.9000015258789;-83.0999984741211;10.5;-5.300000190734863;7027.89990234375;2351.199951171875;2339.89990234375;2336.800048828125;1.0;-0.9990000128746033;1.0;1.0;49.900001525878906;MPPT;49.96736526489258;9.693623542785645;9.685014724731445;9.697768211364746;260.0269470214844;257.3405456542969;256.9037780761719;447.95684814453125;444.776123046875;448.35626220703125;7504.1982421875;2.488752841949463;7504.19873046875;-99.99999237060547;242805.265625;7723.78955078125;2016-07-15 10:00:00;7766.044331957108;631.63395763191;12.295165955093939;552.3828252142781;184;-7058.340620103687;-7610.723445317965
2026-04-24 16:51:32;9.05355167388916;9.062141418457031;9.222500801086426;236.89971923828125;237.2723846435547;237.76748657226562;410.71356201171875;411.4573059082031;411.0825500488281;2149.673095703125;2150.244384765625;2192.701416015625;-2149.673095703125;-2143.155029296875;-2192.701416015625;111.53697204589844;194.04989624023438;156.4770050048828;1.0;0.9971767663955688;1.0;49.95804977416992;6491.7236328125;-6487.1171875;457.18243408203125;0.9988284111022949;-9.149999618530273;-9.197999954223633;-9.208000183105469;-27.555999755859375;261.20001220703125;258.5;257.70001220703125;450.0;447.0;449.29998779296875;-7136.2001953125;-2386.699951171875;-2375.5;-2371.60009765625;-42.099998474121094;-72.80000305175781;23.299999237060547;7.300000190734863;7134.2001953125;2386.800048828125;2375.699951171875;2371.60009765625;1.0;-0.9990000128746033;1.0;1.0;49.900001525878906;MPPT;49.96784591674805;9.499001502990723;9.4905366897583;9.502950668334961;260.5096740722656;257.7854919433594;257.1913146972656;448.8910827636719;445.36328125;448.9385070800781;7363.890625;-18.77216911315918;7363.91455078125;99.99967193603516;242805.265625;7576.3115234375;2016-07-15 10:15:00;7624.669229908796;630.6754547260438;12.089687608376707;314.2833893891722;104;-7157.892455921448;-7472.17584531062
2026-04-24 16:52:00;9.00794792175293;9.012417793273926;9.167680740356445;237.15261840820312;237.296142578125;237.869873046875;410.7432556152344;411.485107421875;411.2880554199219;2141.24169921875;2139.262939453125;2182.416015625;-2139.674072265625;-2130.685302734375;-2180.5693359375;108.95368957519531;191.85391235351562;156.34837341308594;1.0;0.9966517686843872;1.0;49.963287353515625;6461.107421875;-6452.697265625;468.9911193847656;0.9987580180168152;-9.123000144958496;-9.175000190734863;-9.185999870300293;-27.483999252319336;261.0;258.0;257.29998779296875;451.70001220703125;443.8999938964844;448.79998779296875;-7102.60009765625;-2376.800048828125;-2364.699951171875;-2361.0;-30.200000762939453;-68.5999984741211;27.100000381469727;11.199999809265137;7103.7998046875;2377.800048828125;2364.89990234375;2361.0;1.0;1.0;1.0;1.0;49.900001525878906;MPPT;49.97393035888672;9.335816383361816;9.32675552368164;9.339197158813477;260.3492431640625;257.4078674316406;256.9421691894531;448.46234130859375;444.84161376953125;448.5237121582031;7230.794921875;-37.319175720214844;7230.89111328125;99.99867248535156;242805.265625;7441.314453125;2016-07-15 10:30:00;7483.294127860483;629.7169518201775;11.883583737471655;209.52451990886405;69;-7124.10372539441;-7333.628245303274
2026-04-24 16:52:28;8.861892700195312;8.864118576049805;9.02139949798584;236.860595703125;237.37623596191406;237.9276123046875;410.71551513671875;411.59393310546875;411.29852294921875;2103.46337890625;2105.935546875;2148.021240234375;-2102.978515625;-2096.48828125;-2144.468505859375;110.17874908447266;191.73788452148438;155.14788818359375;1.0;0.9961187243461609;0.9993207454681396;49.964786529541016;6358.3701171875;-6348.24267578125;439.2652587890625;0.9988487958908081;-8.967000007629395;-9.017000198364258;-9.02299976348877;-27.006999969482422;260.70001220703125;257.8999938964844;257.20001220703125;449.1000061035156;446.0;448.5;-6984.39990234375;-2336.0;-2323.800048828125;-2319.5;-57.5;-76.0;18.399999618530273;0.0;6978.0;2334.5;2323.89990234375;2319.5;1.0;-0.9990000128746033;1.0;1.0;49.900001525878906;MPPT;49.97393035888672;9.14947509765625;9.140563011169434;9.153336524963379;260.1678771972656;257.4410705566406;256.9306945800781;448.2121887207031;444.89129638671875;448.44769287109375;7085.2421875;-18.48457145690918;7085.2666015625;99.9996566772461;242805.265625;7292.11474609375;2016-07-15 10:45:00;7341.919025812172;628.7584489143113;11.676851481661355;190.4768362807855;63;-7004.603809015142;-7195.080645295928
2026-04-24 16:52:54;8.60448932647705;8.615200996398926;8.769848823547363;237.218017578125;237.5616912841797;238.0812225341797;411.2071838378906;412.038818359375;411.7589416503906;2046.6727294921875;2044.50244140625;2088.35400390625;-2047.1148681640625;-2038.7886962890625;-2086.583251953125;93.64283752441406;175.96214294433594;139.21400451660156;1.0;0.9963001608848572;0.9997471570968628;49.96928024291992;6178.1416015625;-6172.72314453125;409.72906494140625;0.9988404512405396;-8.71500015258789;-8.76200008392334;-8.777000427246094;-26.253999710083008;261.0;258.1000061035156;257.3999938964844;449.5;446.3999938964844;448.8999938964844;-6789.7998046875;-2271.39990234375;-2261.699951171875;-2257.10009765625;-74.0999984741211;-83.0;11.899999618530273;-3.0;6792.0;2273.0;2261.800048828125;2257.10009765625;1.0;-0.9990000128746033;1.0;1.0;49.900001525878906;MPPT;49.97514343261719;8.974722862243652;8.965843200683594;8.978225708007812;260.47479248046875;257.71856689453125;257.1226806640625;448.7710266113281;445.25262451171875;448.87750244140625;6956.693359375;-2.7575883865356445;6956.69384765625;99.99999237060547;242805.265625;7158.30029296875;2016-07-15 11:00:00;7200.558949282197;627.8000478793034;11.469510035250154;247.61988716502117;82;-6808.927883131532;-7056.547770296554
2026-04-24 16:53:20;8.38430118560791;8.392303466796875;8.545347213745117;236.73089599609375;237.21900939941406;237.68515014648438;410.3859558105469;411.2995300292969;410.9588317871094;1991.009765625;1991.865966796875;2032.2108154296875;-1990.2371826171875;-1984.484619140625;-2032.055419921875;104.21794128417969;184.57264709472656;148.9053192138672;1.0;0.9964436292648315;0.9995202422142029;49.96778106689453;6011.6376953125;-6009.23193359375;419.4534912109375;0.9987069964408875;-8.51200008392334;-8.560999870300293;-8.564000129699707;-25.636999130249023;260.29998779296875;257.29998779296875;257.0;448.20001220703125;445.70001220703125;448.1000061035156;-6610.2001953125;-2210.89990234375;-2199.60009765625;-2199.60009765625;-51.400001525878906;-74.4000015258789;19.399999618530273;3.5;6611.5;2212.10009765625;2201.699951171875;2198.60009765625;1.0;-0.9990000128746033;1.0;1.0;49.900001525878906;MPPT;49.97540283203125;8.85608196258545;8.84769058227539;8.860445976257324;260.062744140625;257.3365478515625;256.8235778808594;447.9652404785156;444.71759033203125;448.3516845703125;6858.78466796875;-29.615720748901367;6858.8486328125;99.99906921386719;242805.265625;7056.45947265625;2016-07-15 11:15:00;7095.5906781684225;627.0883780631293;11.315136632071509;323.81062167733535;107;-6629.868242927718;-6953.678864605054
2026-04-24 16:53:50;8.326114654541016;8.338438987731934;8.492115020751953;236.81927490234375;237.0884246826172;237.66204833984375;410.4571533203125;411.3025207519531;411.0617370605469;1978.54443359375;1977.064453125;2020.935791015625;-1977.4193115234375;-1970.99951171875;-2018.773681640625;96.71426391601562;177.6833953857422;141.4093475341797;1.0;0.9964514374732971;1.0;49.97976303100586;5975.734375;-5969.84619140625;415.10845947265625;0.9989602565765381;-8.447999954223633;-8.493000030517578;-8.501999855041504;-25.44300079345703;260.6000061035156;257.79998779296875;257.1000061035156;448.8999938964844;445.8999938964844;448.29998779296875;-6564.0;-2195.10009765625;-2187.0;-2183.800048828125;-56.29999923706055;-74.5999984741211;18.200000762939453;0.0;6568.39990234375;2197.39990234375;2187.10009765625;2183.800048828125;1.0;-0.9990000128746033;1.0;1.0;50.0;MPPT;49.98738479614258;8.721283912658691;8.712358474731445;8.72495174407959;260.0550231933594;257.2901611328125;256.84814453125;447.9538879394531;444.6562805175781;448.34527587890625;6750.5595703125;-20.123186111450195;6750.58984375;99.99954986572266;242805.265625;6946.2626953125;2016-07-15 11:30:00;6990.622407054649;626.3767082469553;11.16041244033379;266.66757079309974;88;-6584.1423881204555;-6850.809958913555
2026-04-24 16:54:17;8.204813003540039;8.216450691223145;8.36843204498291;236.99098205566406;237.3527374267578;237.74449157714844;410.739990234375;411.3968505859375;411.164794921875;1950.0714111328125;1951.160888671875;1991.05126953125;-1950.216064453125;-1944.280029296875;-1990.489501953125;88.38726806640625;169.45054626464844;133.00758361816406;1.0;0.9963104724884033;0.9997172951698303;49.963287353515625;5890.6455078125;-5884.2958984375;404.1072998046875;0.9988276362419128;-8.324999809265137;-8.375;-8.383000373840332;-25.08300018310547;260.3999938964844;257.6000061035156;256.8999938964844;448.6000061035156;445.5;447.8999938964844;-6472.2001953125;-2164.300048828125;-2155.199951171875;-2151.39990234375;-68.0999984741211;-80.5999984741211;12.5;0.0;6472.2001953125;2165.39990234375;2155.199951171875;2151.39990234375;1.0;-0.9990000128746033;1.0;1.0;49.900001525878906;MPPT;49.97458267211914;8.59605884552002;8.58736801147461;8.599584579467773;259.9559631347656;257.2465515136719;256.7269287109375;447.8356018066406;444.5100402832031;448.1483459472656;6651.1904296875;-16.966150283813477;6651.2119140625;99.99967956542969;242805.265625;6844.45166015625;2016-07-15 11:45:00;6885.654135940873;625.6650384307814;11.005336263011678;257.14033850493655;85;-6490.800714717119;-6747.941053222055
2026-04-24 16:54:47;7.735301971435547;7.745591640472412;7.8920063972473145;236.72103881835938;237.27088928222656;237.72084045410156;410.7976379394531;411.5478515625;411.2060241699219;1836.1151123046875;1838.36669921875;1877.275146484375;-1837.10009765625;-1831.1494140625;-1877.308349609375;91.58873748779297;172.75326538085938;137.9319305419922;1.0;0.9957417845726013;1.0;49.970027923583984;5542.9521484375;-5537.39990234375;389.6930847167969;0.9987003207206726;-7.848999977111816;-7.8979997634887695;-7.90500020980835;-23.652000427246094;260.0;257.29998779296875;256.5;447.8999938964844;444.8999938964844;447.29998779296875;-6091.89990234375;-2036.5999755859375;-2029.699951171875;-2025.5999755859375;-50.099998474121094;-74.0;18.799999237060547;4.900000095367432;6093.7001953125;2038.199951171875;2029.300048828125;2026.0999755859375;1.0;-0.9990000128746033;1.0;1.0;49.900001525878906;MPPT;49.978904724121094;8.484469413757324;8.47563648223877;8.48841381072998;259.52288818359375;256.92950439453125;256.2526550292969;447.2184143066406;443.84442138671875;447.3115539550781;6554.6005859375;-32.703216552734375;6554.68212890625;99.9987564086914;242805.265625;6743.38134765625;2016-07-15 12:00:00;6780.685864827098;624.9533686146073;10.849906897627386;523.8079092980362;174;-6121.26423823252;-6645.072147530556
2026-04-24 16:55:17;7.637277126312256;7.6486592292785645;7.784975051879883;237.2826690673828;237.5029754638672;237.92979431152344;411.0748596191406;411.69720458984375;411.28277587890625;1820.80615234375;1821.494140625;1857.484619140625;-1819.8441162109375;-1815.0577392578125;-1858.249755859375;85.90095520019531;168.13636779785156;134.9100799560547;1.0;0.996079683303833;1.0;49.96628189086914;5498.3896484375;-5487.94189453125;390.50726318359375;0.998803436756134;-7.775000095367432;-7.817999839782715;-7.830999851226807;-23.423999786376953;260.29998779296875;257.70001220703125;256.70001220703125;450.79998779296875;443.20001220703125;447.70001220703125;-6036.10009765625;-2017.699951171875;-2012.9000244140625;-2008.699951171875;-53.79999923706055;-77.0999984741211;18.399999618530273;4.800000190734863;6042.89990234375;2021.0999755859375;2013.0;2008.699951171875;1.0;-0.9990000128746033;1.0;1.0;49.900001525878906;MPPT;49.97393035888672;8.599207878112793;8.58973217010498;8.602954864501953;259.5683898925781;256.9308776855469;256.4156494140625;447.43194580078125;443.9686279296875;447.337646484375;6644.81640625;-16.740306854248047;6644.734375;99.99944305419922;242805.265625;6835.1005859375;2016-07-15 12:15:00;6875.632115208997;625.5970905682866;10.990511654974668;676.1893783226647;225;-6061.930094582152;-6738.119472904817
2026-04-24 16:55:47;7.6223602294921875;7.6319122314453125;7.775251388549805;237.19117736816406;237.74913024902344;237.92405700683594;411.1568603515625;411.8807067871094;411.47161865234375;1812.343505859375;1812.783935546875;1852.2801513671875;-1813.325439453125;-1807.7781982421875;-1851.2452392578125;78.77688598632812;161.51986694335938;125.4093246459961;1.0;0.9967084527015686;1.0;49.946075439453125;5477.0986328125;-5470.4248046875;379.9194641113281;0.9985169768333435;-7.754000186920166;-7.795000076293945;-7.803999900817871;-23.35300064086914;260.20001220703125;257.3999938964844;256.6000061035156;450.3999938964844;442.79998779296875;447.5;-6020.10009765625;-2013.199951171875;-2004.0999755859375;-2001.0;-61.900001525878906;-79.0;17.100000381469727;0.0;6019.5;2014.199951171875;2004.199951171875;2001.0;1.0;-0.9990000128746033;1.0;1.0;49.900001525878906;MPPT;49.95325469970703;8.718321800231934;8.70903205871582;8.721941947937012;259.41131591796875;256.8114929199219;256.094482421875;447.1308288574219;443.5482177734375;447.02288818359375;6731.6181640625;-16.909257888793945;6731.63916015625;99.99968719482422;242805.265625;6926.3583984375;2016-07-15 12:30:00;6970.578365590895;626.240812521966;11.130827353010302;790.475480091136;263;-6040.691318187942;-6831.166798279078
2026-04-24 16:56:14;7.948108196258545;7.959784507751465;8.109723091125488;236.9666290283203;237.45819091796875;237.8336944580078;410.94970703125;411.7259521484375;411.25482177734375;1890.2286376953125;1891.229736328125;1929.1578369140625;-1889.1842041015625;-1884.43212890625;-1929.5406494140625;85.80500793457031;165.9923095703125;130.42465209960938;1.0;0.9972671866416931;1.0;49.94906997680664;5709.5498046875;-5702.2783203125;386.3485107421875;0.9987213611602783;-8.067999839782715;-8.109999656677246;-8.116999626159668;-24.31599998474121;260.3999938964844;257.8999938964844;256.8999938964844;451.1000061035156;443.5;447.8999938964844;-6270.39990234375;-2096.300048828125;-2089.300048828125;-2084.699951171875;-76.5999984741211;-84.0999984741211;14.199999809265137;0.0;6275.5;2098.89990234375;2090.60009765625;2086.0;1.0;-0.9990000128746033;1.0;1.0;49.900001525878906;MPPT;49.9568977355957;8.830282211303711;8.821206092834473;8.83378791809082;259.779296875;257.2724914550781;256.5613708496094;447.7894287109375;444.380126953125;447.77716064453125;6829.697265625;-1.981245517730713;6829.697265625;100.0;242805.265625;7025.3984375;2016-07-15 12:45:00;7065.539641491132;626.8846363465035;11.270877019206024;628.5735597265922;209;-6295.655288934717;-6924.228848661309
2026-04-24 16:56:42;8.606868743896484;8.620804786682129;8.778136253356934;237.16815185546875;237.6815948486328;238.110595703125;411.3099060058594;412.1121826171875;411.64642333984375;2046.221435546875;2048.76611328125;2089.63037109375;-2046.650146484375;-2040.141845703125;-2087.61181640625;107.25666809082031;189.93011474609375;151.78135681152344;1.0;0.9954712390899658;0.9998838901519775;49.95131301879883;6185.2607421875;-6179.71484375;437.23480224609375;0.9985928535461426;-8.72599983215332;-8.770999908447266;-8.78499984741211;-26.281999588012695;260.8999938964844;258.3999938964844;257.3999938964844;449.70001220703125;446.6000061035156;448.79998779296875;-6798.7001953125;-2273.300048828125;-2264.89990234375;-2259.5;-45.0;-72.5999984741211;21.5;6.0;6798.0;2273.39990234375;2265.0;2259.5;1.0;-0.9990000128746033;1.0;1.0;49.900001525878906;MPPT;49.95933532714844;8.923457145690918;8.914913177490234;8.927812576293945;260.4225158691406;257.9947509765625;257.2308044433594;448.8782958984375;445.6186828613281;448.9709167480469;6920.27001953125;-18.449724197387695;6920.29443359375;99.99964904785156;242805.265625;7119.67236328125;2016-07-15 13:00:00;7160.4858918730315;627.5283583001828;11.410617220979454;199.9972876207009;66;-6817.27888641487;-7017.276174035571
2026-04-24 16:57:12;7.771410942077637;7.780214786529541;7.927916049957275;237.17030334472656;237.75689697265625;237.87625122070312;411.2469482421875;411.8057861328125;411.2890319824219;1846.8609619140625;1848.4215087890625;1885.0174560546875;-1846.4320068359375;-1842.59716796875;-1885.2977294921875;84.35138702392578;162.57290649414062;127.21177673339844;1.0;0.9960384964942932;0.9997099041938782;49.94233322143555;5582.890625;-5576.7373046875;365.7781982421875;0.9990015625953674;-7.889999866485596;-7.934999942779541;-7.941999912261963;-23.767000198364258;260.5;257.79998779296875;256.79998779296875;451.1000061035156;443.29998779296875;447.8999938964844;-6131.5;-2050.0;-2043.300048828125;-2038.4000244140625;-80.30000305175781;-84.5999984741211;9.0;-4.699999809265137;6134.0;2052.199951171875;2043.300048828125;2038.4000244140625;1.0;-0.9990000128746033;1.0;1.0;49.900001525878906;MPPT;49.944549560546875;8.423125267028809;8.414114952087402;8.426819801330566;259.89654541015625;257.3837585449219;256.6203308105469;447.9912414550781;444.5350341796875;447.9161682128906;6511.3857421875;14.16118335723877;6511.40087890625;-99.99977111816406;242805.265625;6701.5205078125;2016-07-15 13:15:00;6745.541177433007;624.7150926770133;10.797788074123812;457.14440707388525;152;-6153.485946810461;-6610.630353884347
2026-04-24 16:57:42;6.495179176330566;6.511327266693115;6.641862392425537;237.14328002929688;237.69822692871094;237.8517608642578;411.2230529785156;411.862548828125;411.331298828125;1541.7061767578125;1547.5819091796875;1579.9454345703125;-1541.7950439453125;-1540.9803466796875;-1579.040283203125;68.99752044677734;151.6007843017578;120.46292114257812;1.0;0.99579256772995;0.9990683197975159;49.9498176574707;4671.890625;-4663.5283203125;337.07867431640625;0.9986019134521484;-6.63100004196167;-6.665999889373779;-6.679999828338623;-19.975000381469727;259.6000061035156;257.1000061035156;256.0;447.3999938964844;444.29998779296875;446.5;-5135.39990234375;-1716.199951171875;-1711.5999755859375;-1707.5;-43.29999923706055;-71.69999694824219;19.799999237060547;8.399999618530273;5136.89990234375;1717.5;1711.800048828125;1707.5;1.0;-0.9990000128746033;1.0;1.0;49.900001525878906;MPPT;49.95811462402344;7.93431282043457;7.925841808319092;7.938142776489258;259.0114440917969;256.5771484375;255.70082092285156;446.543212890625;443.0699768066406;446.3080139160156;6118.3623046875;-16.401721954345703;6118.38427734375;99.99964141845703;242805.265625;6296.3662109375;2016-07-15 13:30:00;6330.596462992983;621.9018270538438;10.179414479264562;1047.6158185960724;349;-5156.368715137051;-6203.9845337331235
2026-04-24 16:58:12;5.403111934661865;5.424776554107666;5.540465831756592;237.0175323486328;237.6142120361328;237.86668395996094;410.8388366699219;411.58868408203125;411.4345703125;1282.2647705078125;1287.2972412109375;1316.269287109375;-1283.1129150390625;-1282.5450439453125;-1315.908935546875;47.551292419433594;126.16671752929688;98.71292877197266;1.0;0.9954348802566528;0.9998844861984253;49.94532775878906;3887.9560546875;-3881.23828125;271.5683898925781;0.9982174634933472;-5.544000148773193;-5.574999809265137;-5.586999893188477;-16.70599937438965;258.8999938964844;256.5;255.39999389648438;446.29998779296875;443.29998779296875;445.3999938964844;-4282.0;-1430.0999755859375;-1427.0999755859375;-1424.5999755859375;-66.5;-78.0999984741211;11.600000381469727;0.0;4283.60009765625;1431.699951171875;1427.199951171875;1424.5999755859375;1.0;-0.9980000257492065;1.0;1.0;49.900001525878906;MPPT;49.95618438720703;7.4360032081604;7.42766809463501;7.440021991729736;258.0868225097656;255.7666473388672;254.885986328125;444.93865966796875;441.7267150878906;444.8369445800781;5715.0576171875;-20.750856399536133;5715.09521484375;99.99934387207031;242805.265625;5881.52099609375;2016-07-15 13:45:00;5915.666774071297;619.0886633015326;9.555443549109249;1495.2397743300426;498;-4302.1136642598285;-5797.353438589871
2026-04-24 16:58:40;5.857194900512695;5.88491153717041;6.0051589012146;236.837158203125;237.54458618164062;237.78285217285156;410.8253173828125;411.5807800292969;410.999755859375;1391.5203857421875;1396.8876953125;1426.6058349609375;-1391.3375244140625;-1389.42919921875;-1424.4146728515625;57.16588592529297;136.80160522460938;107.0807113647461;1.0;0.9953241348266602;0.9990022778511047;49.964786529541016;4218.25244140625;-4210.4609375;303.67333984375;0.9982578754425049;-6.005000114440918;-6.039000034332275;-6.051000118255615;-18.094999313354492;259.20001220703125;256.6000061035156;255.5;448.8999938964844;441.20001220703125;445.70001220703125;-4641.39990234375;-1550.800048828125;-1547.300048828125;-1543.199951171875;-51.70000076293945;-74.5999984741211;16.600000381469727;6.199999809265137;4643.2998046875;1552.5999755859375;1547.4000244140625;1542.300048828125;1.0;-0.9990000128746033;1.0;1.0;49.900001525878906;MPPT;49.972713470458984;6.911627292633057;6.903328895568848;6.916051864624023;258.3374328613281;255.80665588378906;254.8360137939453;445.3023681640625;441.62945556640625;444.98944091796875;5313.84912109375;-17.272178649902344;5313.876953125;99.99947357177734;242805.265625;5469.71875;2016-07-15 14:00:00;5500.722059631274;616.2753976783631;8.925753129775472;733.3324292069003;244;-4657.375189231748;-5390.707618438648
2026-04-24 16:59:09;5.667839527130127;5.686853408813477;5.795846462249756;236.9337158203125;237.632080078125;237.68521118164062;410.8295593261719;411.60498046875;410.93896484375;1341.84912109375;1349.1148681640625;1378.251708984375;-1342.7142333984375;-1343.0614013671875;-1376.703857421875;54.796974182128906;133.62332153320312;105.10456848144531;1.0;0.995353639125824;0.9993523955345154;49.94757080078125;4077.76513671875;-4069.0224609375;294.785888671875;0.9981429576873779;-5.814000129699707;-5.841000080108643;-5.853000164031982;-17.507999420166016;258.79998779296875;256.5;255.1999969482422;448.3999938964844;440.79998779296875;445.1000061035156;-4486.7001953125;-1498.5;-1495.9000244140625;-1492.199951171875;-52.099998474121094;-74.5;15.600000381469727;6.0;4486.89990234375;1499.5999755859375;1495.800048828125;1491.4000244140625;1.0;-0.9990000128746033;1.0;1.0;49.900001525878906;MPPT;49.96176528930664;6.300958156585693;6.292651176452637;6.305049896240234;258.15643310546875;255.82424926757812;254.83982849121094;445.1714782714844;441.6778564453125;444.7951965332031;4843.0654296875;-12.382057189941406;4843.0810546875;99.99967956542969;242805.265625;4984.998046875;2016-07-15 14:15:00;5011.596361153358;612.9591956277028;8.17606848367976;409.52180752956497;136;-4501.842626400726;-4911.364433930291
2026-04-24 16:59:37;5.06683349609375;5.090980052947998;5.198723316192627;237.13304138183594;237.81375122070312;237.96585083007812;411.31494140625;412.0657043457031;411.3419494628906;1204.4429931640625;1211.2716064453125;1237.6048583984375;-1202.0101318359375;-1203.4957275390625;-1234.4371337890625;39.311336517333984;119.60131072998047;92.36181640625;1.0;0.9955711960792542;0.9996984601020813;49.963287353515625;3651.244140625;-3644.67431640625;264.3535461425781;0.9978474974632263;-5.216000080108643;-5.250999927520752;-5.25600004196167;-15.722999572753906;258.5;256.1000061035156;254.89999389648438;447.79998779296875;440.20001220703125;444.6000061035156;-4018.60009765625;-1341.699951171875;-1341.800048828125;-1338.0;-50.5;-73.5999984741211;15.899999618530273;7.099999904632568;4024.89990234375;1344.9000244140625;1341.9000244140625;1338.0999755859375;1.0;-0.9980000257492065;1.0;1.0;49.900001525878906;MPPT;49.970279693603516;5.687683582305908;5.679152488708496;5.6914496421813965;257.8683166503906;255.58709716796875;254.49215698242188;444.7240295410156;441.16241455078125;444.2679748535156;4364.68017578125;-11.317120552062988;4364.69482421875;99.99966430664062;242805.265625;4495.66357421875;2016-07-15 14:30:00;4522.485688193782;609.6430954479007;7.418251304677112;390.47412390148645;130;-4041.56185052842;-4432.035974429907
2026-04-24 17:00:05;4.55034065246582;4.578744888305664;4.678914546966553;236.99244689941406;237.6580810546875;237.76922607421875;410.96270751953125;411.68365478515625;411.0455322265625;1080.0086669921875;1089.0133056640625;1112.904541015625;-1080.6033935546875;-1082.11474609375;-1109.7381591796875;37.47701644897461;115.81651306152344;89.17009735107422;1.0;0.9941527843475342;0.998551607131958;49.94831848144531;3279.97021484375;-3271.61865234375;224.58523559570312;0.9975044131278992;-4.702000141143799;-4.7230000495910645;-4.736999988555908;-14.161999702453613;258.0;255.6999969482422;254.60000610351562;444.79998779296875;441.8999938964844;443.8999938964844;-3622.89990234375;-1208.699951171875;-1206.0;-1203.800048828125;-72.4000015258789;-80.0999984741211;7.699999809265137;0.0;3618.89990234375;1208.9000244140625;1206.0;1203.800048828125;1.0;-0.9980000257492065;1.0;1.0;49.900001525878906;MPPT;49.9568977355957;5.076536178588867;5.068467140197754;5.080634117126465;257.08709716796875;254.9833221435547;254.0029754638672;443.41583251953125;440.3458251953125;443.12506103515625;3887.97216796875;-0.1148681640625;3887.97216796875;100.0;242805.265625;4006.5224609375;2016-07-15 14:45:00;4033.375015234206;606.3269952680986;6.65214487679338;314.2833893891722;104;-3638.4241255403495;-3952.7075149295215
2026-04-24 17:00:32;3.827935218811035;3.85703706741333;3.9453811645507812;236.63406372070312;237.50901794433594;237.6408233642578;410.71771240234375;411.51666259765625;410.7085266113281;906.0250854492188;915.267822265625;936.642333984375;-905.4369506835938;-907.9959716796875;-933.9990844726562;31.320693969726562;108.82245635986328;87.24302673339844;0.9995594024658203;0.9928888082504272;0.9964362978935242;49.99175262451172;2755.012939453125;-2748.6142578125;220.70559692382812;0.9960772395133972;-3.9820001125335693;-4.005000114440918;-4.006999969482422;-11.994000434875488;257.3999938964844;254.89999389648438;254.10000610351562;445.79998779296875;438.5;442.79998779296875;-3052.199951171875;-1017.9000244140625;-1017.7000122070312;-1016.5;-36.20000076293945;-68.9000015258789;19.299999237060547;13.300000190734863;3054.800048828125;1020.2000122070312;1017.9000244140625;1017.2999877929688;1.0;-0.9980000257492065;1.0;1.0;50.0;MPPT;50.006534576416016;4.4722580909729;4.4645304679870605;4.475772380828857;256.5878601074219;254.4221954345703;253.40475463867188;442.53729248046875;439.30462646484375;442.17425537109375;3417.365966796875;-27.27074432373047;3417.474853515625;99.99681091308594;242805.265625;3522.455810546875;2016-07-15 15:00:00;3544.249316756291;603.0107932174383;5.877588521833105;400.0013561896496;133;-3073.3629742315156;-3473.364330421165
2026-04-24 17:01:00;3.344677448272705;3.363938331604004;3.443946599960327;236.68479919433594;237.4634552001953;237.5909881591797;410.4147033691406;411.24322509765625;410.4835510253906;789.426513671875;798.367919921875;818.5455322265625;-789.1167602539062;-791.0684814453125;-815.0834350585938;25.050569534301758;100.98775482177734;81.5994873046875;0.998650074005127;0.9913491606712341;0.9962994456291199;49.98725891113281;2404.741455078125;-2395.440185546875;194.79217529296875;0.9959790110588074;-3.493000030517578;-3.509999990463257;-3.5190000534057617;-10.522000312805176;256.79998779296875;254.6999969482422;253.60000610351562;442.8999938964844;440.20001220703125;442.0;-2673.199951171875;-890.4000244140625;-890.5;-889.9000244140625;-29.799999237060547;-65.0999984741211;19.899999618530273;15.300000190734863;2672.60009765625;891.7000122070312;890.7999877929688;890.0;1.0;-0.996999979019165;1.0;1.0;50.0;MPPT;49.997032165527344;3.7808778285980225;3.772766351699829;3.7844510078430176;256.0008544921875;253.8794403076172;252.9639892578125;441.41180419921875;438.4834899902344;441.3971862792969;2883.034912109375;-7.601541996002197;2883.044921875;99.99964904785156;242805.265625;2976.6767578125;2016-07-15 15:15:00;2995.006519405457;599.2870058626679;4.997616317567529;238.09265487685795;79;-2697.0137341404898;-2935.1063890173477
2026-04-24 17:01:26;2.7103538513183594;2.7265050411224365;2.7946534156799316;236.65443420410156;237.16262817382812;237.6826171875;410.1566467285156;411.2184143066406;410.5996398925781;641.919189453125;650.1312255859375;667.3609008789062;-640.6906127929688;-644.2838134765625;-664.9675903320312;4.482755184173584;83.82503509521484;67.2441177368164;0.9953679442405701;0.9893333315849304;0.9946915507316589;50.02775573730469;1964.0543212890625;-1951.098388671875;161.4051971435547;0.993227481842041;-2.878000020980835;-2.88700008392334;-2.8980000019073486;-8.663000106811523;256.6000061035156;254.3000030517578;253.3000030517578;442.3999938964844;439.5;441.5;-2191.39990234375;-729.5;-730.9000244140625;-731.0;-45.099998474121094;-69.9000015258789;14.300000190734863;10.300000190734863;2195.0;732.7999877929688;731.0;731.0;1.0;-0.9959999918937683;1.0;1.0;50.0;MPPT;50.037174224853516;3.0840797424316406;3.0763895511627197;3.0880990028381348;255.7884521484375;253.52857971191406;252.5682373046875;440.9956359863281;437.732421875;440.9049072265625;2348.72021484375;-10.898394584655762;2349.32958984375;99.99891662597656;242805.265625;2429.165771484375;2016-07-15 15:30:00;2445.748696536284;595.5631166370392;4.106615450511225;180.94960399262234;60;-2215.8841186129357;-2396.8337226055583
2026-04-24 17:01:52;1.9208259582519531;1.9528820514678955;2.0086119174957275;236.38682556152344;237.19485473632812;237.41397094726562;410.0587158203125;410.9394226074219;410.2533264160156;455.2249755859375;462.3064880371094;476.821044921875;-451.9632568359375;-455.5352478027344;-472.2249450683594;-7.2943549156188965;65.41728210449219;52.040103912353516;0.9866983890533447;0.9819602966308594;0.9891404509544373;50.02100372314453;1397.2320556640625;-1378.20703125;128.98638916015625;0.9859912395477295;-2.0899999141693115;-2.0869998931884766;-2.0950000286102295;-6.271999835968018;255.6999969482422;253.6999969482422;252.39999389648438;440.79998779296875;438.1000061035156;439.8999938964844;-1576.9000244140625;-523.5;-526.2000122070312;-527.0999755859375;-42.79999923706055;-68.5999984741211;14.0;11.699999809265137;1581.699951171875;528.0;526.4000244140625;527.2999877929688;1.0;-0.9919999837875366;0.9990000128746033;1.0;50.0;MPPT;50.03230667114258;2.3932244777679443;2.3862531185150146;2.3974647521972656;254.485107421875;252.4663543701172;251.5023651123047;438.88104248046875;435.9292297363281;438.8771667480469;1814.369140625;-11.91823959350586;1814.4083251953125;99.99784088134766;242805.265625;1883.260986328125;2016-07-15 15:45:00;1896.5058991854498;591.8393292822689;3.204426953993353;257.14033850493655;85;-1601.435442696804;-1858.5757812017407
2026-04-24 17:02:21;1.1638247966766357;1.1736645698547363;1.2146668434143066;236.29348754882812;237.01791381835938;237.4305877685547;409.9156799316406;410.84075927734375;410.21368408203125;274.14697265625;277.99310302734375;288.0814208984375;-262.8727722167969;-267.0732421875;-279.1091613769531;-12.390503883361816;59.88037872314453;52.32139205932617;0.9562444686889648;0.9591442942619324;0.9723824262619019;50.042022705078125;839.9967041015625;-810.7991943359375;66.19883728027344;0.9661146402359009;-1.3220000267028809;-1.2949999570846558;-1.305999994277954;-3.9230000972747803;255.3000030517578;253.10000610351562;252.10000610351562;440.20001220703125;437.5;439.3999938964844;-962.4000244140625;-318.20001220703125;-321.79998779296875;-323.8999938964844;-54.20000076293945;-72.0999984741211;9.300000190734863;8.600000381469727;973.2000122070312;327.20001220703125;321.8999938964844;324.0;-0.9980000257492065;-0.9739999771118164;1.0;1.0;50.0;MPPT;50.043251037597656;1.6882696151733398;1.6806774139404297;1.6921707391738892;254.25799560546875;252.1271514892578;251.17420959472656;438.4015808105469;435.310302734375;438.4258117675781;1277.901123046875;17.30569076538086;1278.018310546875;-99.99082946777344;242805.265625;1338.0543212890625;2016-07-15 16:00:00;1347.251081419945;588.1154604308118;2.2907935126089765;323.81062167733535;107;-996.4954381142106;-1320.306059791546
2026-04-24 17:02:49;0.8762819766998291;0.871871292591095;0.90361088514328;236.1387481689453;236.75364685058594;237.29840087890625;409.71484375;410.6432189941406;409.865478515625;206.42501831054688;204.77394104003906;213.13885498046875;-187.13368225097656;-191.08323669433594;-202.0491943359375;-24.23549461364746;46.63746643066406;40.947872161865234;0.9108089208602905;0.9395846724510193;0.9564673900604248;50.03751754760742;622.5789794921875;-582.3734130859375;46.847904205322266;0.9394431710243225;-1.0260000228881836;-0.9769999980926514;-0.9869999885559082;-2.990000009536743;255.10000610351562;253.0;252.0;440.0;437.29998779296875;439.1000061035156;-717.4000244140625;-236.3000030517578;-238.5;-240.89999389648438;-61.900001525878906;-74.5999984741211;6.199999809265137;6.400000095367432;726.7999877929688;247.0;238.60000610351562;241.0;-0.9959999918937683;-0.953000009059906;1.0;1.0;50.0;MPPT;50.03960037231445;1.2637982368469238;1.2563731670379639;1.2674317359924316;253.99765014648438;251.9017791748047;250.99844360351562;437.9507141113281;434.9835205078125;438.0578308105469;955.4190673828125;17.943889617919922;955.5875244140625;-99.98236846923828;242805.265625;1004.59375;2016-07-15 16:15:00;1010.4390623408756;585.8319232708695;1.7247934470680621;238.09265487685795;79;-752.1376262172;-990.230281094058
2026-04-24 17:03:16;0.5932630300521851;0.5486486554145813;0.5694830417633057;236.2793426513672;237.01551818847656;237.0314483642578;409.78173828125;410.3604431152344;409.8614196777344;141.41812133789062;130.2546844482422;135.4926300048828;-110.75950622558594;-112.92634582519531;-121.35152435302734;-33.97618103027344;36.7811164855957;35.333457946777344;0.7848939299583435;0.8614826798439026;0.8953894972801208;50.01874923706055;409.66326904296875;-344.3052673339844;45.51715087890625;0.8470458388328552;-0.7319999933242798;-0.6620000004768372;-0.6650000214576721;-2.059000015258789;254.8000030517578;252.60000610351562;251.6999969482422;439.3999938964844;436.70001220703125;438.6000061035156;-457.5;-149.39999389648438;-154.3000030517578;-156.89999389648438;-41.400001525878906;-67.80000305175781;12.699999809265137;13.5;477.8999938964844;165.60000610351562;154.8000030517578;157.39999389648438;-0.9959999918937683;-0.9110000133514404;0.996999979019165;0.9950000047683716;50.0;MPPT;50.031089782714844;0.8135843873023987;0.8069693446159363;0.818202018737793;253.6233367919922;251.6380157470703;250.6022491455078;437.3780212402344;434.3991394042969;437.423095703125;614.1832885742188;-13.402081489562988;614.3294677734375;99.97620391845703;242805.265625;663.3572998046875;2016-07-15 16:30:00;673.6255407099725;583.5483759238414;1.1543610924176182;152.38146902462842;50;-507.7715608711446;-660.153029895773
2026-04-24 17:03:38;0.39541953802108765;0.2500125467777252;0.24788160622119904;236.41683959960938;237.22613525390625;237.58021545410156;410.2684631347656;411.25469970703125;410.433349609375;93.09623718261719;58.86674499511719;58.914039611816406;-8.51518726348877;-9.078743934631348;-14.74155330657959;-42.46931838989258;25.11972999572754;28.35664176940918;0.07847145944833755;0.12870335578918457;0.22667105495929718;50.0202522277832;211.40396118164062;-28.677865982055664;9.876998901367188;0.14517997205257416;-0.44699999690055847;-0.29899999499320984;-0.2930000126361847;-1.0390000343322754;254.8000030517578;252.60000610351562;251.60000610351562;439.29998779296875;436.5;438.5;-115.5;-35.099998474121094;-38.599998474121094;-41.70000076293945;-39.099998474121094;-67.0999984741211;13.100000381469727;14.800000190734863;160.89999389648438;75.69999694824219;40.79999923706055;44.29999923706055;-0.9430000185966492;-0.45399999618530273;0.949999988079071;0.9380000233650208;50.0;MPPT;50.027442932128906;0.3919335603713989;0.3854166567325592;0.39631226658821106;253.5444793701172;251.4019317626953;250.40591430664062;437.1544494628906;434.117919921875;437.0440368652344;295.2768859863281;-0.42491382360458374;295.2771911621094;99.99989318847656;242805.265625;337.0240173339844;2016-07-15 16:45:00;336.81352163090315;581.264838763899;0.5794493304414577;171.42915265270696;57;-158.6480985455781;-330.07725119828507
2026-04-24 17:04:00;0.3911016285419464;0.24593237042427063;0.24826020002365112;236.57249450683594;237.26416015625;237.54498291015625;410.2391052246094;411.0990905761719;410.4886474609375;91.58842468261719;57.93276596069336;57.20540237426758;7.0119218826293945;0.0;0.0;-40.87190628051758;22.51306915283203;28.706083297729492;0.06664187461137772;0.0466715432703495;0.0;50.044273376464844;213.06304931640625;6.463871955871582;18.538509368896484;0.039498861879110336;-0.4230000078678131;-0.27399998903274536;-0.2639999985694885;-0.9610000252723694;254.5;252.39999389648438;251.3000030517578;438.8999938964844;436.20001220703125;438.0;-58.0;-15.100000381469727;-18.399999618530273;-21.799999237060547;-18.100000381469727;-60.29999923706055;20.0;22.100000381469727;120.5999984741211;62.20000076293945;27.200000762939453;31.399999618530273;-0.9649999737739563;-0.25699999928474426;0.6729999780654907;0.6990000009536743;50.0;MPPT;50.05906295776367;0.42460840940475464;0.4184311032295227;0.42966991662979126;253.39401245117188;251.455078125;250.39541625976562;437.11163330078125;434.12310791015625;436.894287109375;319.3175048828125;-23.048301696777344;320.1482238769531;99.74052429199219;242805.265625;361.3753967285156;2016-07-16 04:15:00;360.9775602231122;581.4286674782378;0.6208458241124191;257.14033850493655;85;-96.61767051371339;-353.75800901864994
2026-04-24 17:04:28;0.6032032370567322;0.5494049191474915;0.5697435736656189;236.50132751464844;237.2186279296875;237.5113067626953;410.2890930175781;411.0954895019531;410.4197692871094;139.898681640625;128.4176788330078;133.9337921142578;-108.16500091552734;-111.1270980834961;-119.42655181884766;-31.99917221069336;35.75459671020508;31.29676055908203;0.770790696144104;0.8637027740478516;0.8936594724655151;50.02475357055664;404.3143005371094;-336.39007568359375;42.84772872924805;0.8393462300300598;-0.7260000109672546;-0.6480000019073486;-0.6510000228881836;-2.0250000953674316;254.89999389648438;252.8000030517578;251.8000030517578;439.6000061035156;436.8999938964844;438.79998779296875;-455.20001220703125;-149.0;-151.10000610351562;-153.60000610351562;-43.29999923706055;-68.4000015258789;12.199999809265137;12.699999809265137;468.8999938964844;163.0;151.60000610351562;154.1999969482422;-0.9959999918937683;-0.9100000262260437;0.996999979019165;0.9959999918937683;50.0;MPPT;50.037620544433594;0.8905766010284424;0.8836964964866638;0.8945891857147217;253.63467407226562;251.69189453125;250.6664581298828;437.5690002441406;434.46380615234375;437.3916320800781;672.4252319335938;-1.462949514389038;672.4268188476562;99.99976348876953;242805.265625;716.9388427734375;2016-07-16 04:30:00;721.9551204462244;583.8760435396049;1.2364869708809239;209.52451990886405;69;-497.99149812843586;-707.5160180372999
2026-04-24 17:04:55;1.0486243963241577;1.0481280088424683;1.0827646255493164;236.61669921875;237.39114379882812;237.74436950683594;410.4122619628906;411.46942138671875;410.7570495605469;247.27377319335938;247.1253204345703;256.3414001464844;-232.3296661376953;-236.50445556640625;-248.4633331298828;-20.85797691345215;51.74960708618164;45.63518142700195;0.9408892393112183;0.9548450112342834;0.9661749601364136;50.02775573730469;753.1878662109375;-717.9851684570312;88.68988037109375;0.9541350603103638;-1.1979999542236328;-1.1690000295639038;-1.1779999732971191;-3.5450000762939453;255.39999389648438;253.10000610351562;252.1999969482422;440.29998779296875;437.6000061035156;439.5;-867.0;-286.5;-288.20001220703125;-290.3999938964844;-25.5;-63.099998474121094;18.700000762939453;18.799999237060547;872.4000244140625;292.5;288.79998779296875;291.1000061035156;-0.9990000128746033;-0.9729999899864197;0.9990000128746033;0.9990000128746033;50.0;MPPT;50.031394958496094;1.3524305820465088;1.345333456993103;1.356225609779358;254.3370819091797;252.11537170410156;251.14306640625;438.5368957519531;435.3182373046875;438.3509826660156;1022.3095703125;12.426189422607422;1022.3850708007812;-99.99261474609375;242805.265625;1074.57275390625;2016-07-16 04:45:00;1082.9326806693366;586.3234196009719;1.8469886149291752;161.9019203645438;53;-899.372106691406;-1061.2740270559498
2026-04-24 17:05:24;1.4847649335861206;1.4951785802841187;1.5397989749908447;236.36880493164062;236.9656982421875;237.2693634033203;409.65313720703125;410.47412109375;410.1942443847656;351.11236572265625;353.80926513671875;364.9352722167969;-340.49627685546875;-344.4192199707031;-360.0035400390625;-14.470398902893066;60.383399963378906;50.954376220703125;0.9742103219032288;0.9734143018722534;0.9830395579338074;50.00600051879883;1074.9029541015625;-1051.780029296875;99.0989990234375;0.9785035252571106;-1.6490000486373901;-1.6319999694824219;-1.6410000324249268;-4.921999931335449;255.60000610351562;253.3000030517578;252.39999389648438;440.70001220703125;437.8999938964844;439.8999938964844;-1222.699951171875;-405.6000061035156;-408.0;-409.5;-43.70000076293945;-69.5;13.699999809265137;12.100000381469727;1229.800048828125;411.79998779296875;408.20001220703125;409.70001220703125;-0.9990000128746033;-0.9860000014305115;0.9990000128746033;0.9990000128746033;50.0;MPPT;50.017425537109375;1.8096610307693481;1.8026736974716187;1.8145332336425781;254.38552856445312;252.126953125;251.3501739501953;438.63653564453125;435.47930908203125;438.54742431640625;1370.9315185546875;-0.3136255741119385;1370.9315185546875;100.0;242805.265625;1430.5865478515625;2016-07-16 05:00:00;1443.9102408924489;588.7707956623389;2.452414847221013;161.9019203645438;53;-1253.130115710056;-1415.0320360745998
2026-04-24 17:05:52;1.4442775249481201;1.4574005603790283;1.501305103302002;236.28472900390625;237.12881469726562;237.41537475585938;410.0409240722656;410.88677978515625;410.2398376464844;341.08184814453125;345.7509460449219;356.90655517578125;-331.9515686035156;-336.0959777832031;-350.4273681640625;-7.849396705627441;64.54244232177734;55.21786880493164;0.9757577180862427;0.9716078639030457;0.9823312759399414;50.01649856567383;1043.6744384765625;-1019.0567626953125;123.20127868652344;0.974575400352478;-1.6030000448226929;-1.590000033378601;-1.5959999561309814;-4.789000034332275;255.60000610351562;253.39999389648438;252.5;440.79998779296875;438.0;439.79998779296875;-1190.0999755859375;-394.6000061035156;-397.0;-398.5;-22.899999618530273;-62.400001525878906;20.399999618530273;19.0;1196.0;400.1000061035156;398.0;399.3999938964844;1.0;-0.9879999756813049;0.9990000128746033;0.9990000128746033;50.0;MPPT;50.02743911743164;1.81790030002594;1.8103317022323608;1.822068214416504;254.47552490234375;252.47547912597656;251.4785919189453;438.96148681640625;435.9317626953125;438.75372314453125;1377.763427734375;-13.84603214263916;1377.8330078125;99.99494934082031;242805.265625;1438.69580078125;2016-07-16 05:15:00;1450.534991927958;588.815710523769;2.4634787523547295;199.9972876207009;66;-1221.5270044686977;-1421.5242920893986
2026-04-24 17:06:24;1.4681892395019531;1.480782151222229;1.5260692834854126;236.24085998535156;236.99754333496094;237.50868225097656;409.9877014160156;411.0422058105469;410.33428955078125;345.8450927734375;350.718994140625;362.0172119140625;-336.0411682128906;-341.0954895019531;-355.41412353515625;0.0;66.35746002197266;54.880027770996094;0.9743399024009705;0.973494827747345;0.9826025366783142;50.01649856567383;1058.2447509765625;-1033.4483642578125;100.23905944824219;0.9766421914100647;-1.6180000305175781;-1.6039999723434448;-1.6139999628067017;-4.835999965667725;255.5;253.3000030517578;252.3000030517578;440.6000061035156;437.79998779296875;439.70001220703125;-1206.5;-400.0;-400.79998779296875;-402.29998779296875;-40.099998474121094;-67.80000305175781;14.699999809265137;12.899999618530273;1207.9000244140625;404.20001220703125;401.1000061035156;402.5;-0.9990000128746033;-0.9860000014305115;0.9990000128746033;0.9990000128746033;50.0;MPPT;50.027442932128906;1.8282042741775513;1.8204432725906372;1.8323726654052734;254.35403442382812;251.9241943359375;251.32235717773438;438.53997802734375;435.1479797363281;438.5239562988281;1384.129150390625;-3.3669800758361816;1384.13330078125;99.99970245361328;242805.265625;1445.5953369140625;2016-07-16 05:30:00;1457.1597429634662;588.8606253851992;2.4745409697078573;190.4768362807855;63;-1237.5397118234114;-1428.0165481041968
2026-04-24 17:06:51;1.550256609916687;1.5627316236495972;1.6091876029968262;236.2790069580078;237.06588745117188;237.21920776367188;409.8816833496094;410.671875;410.0877685546875;368.1161193847656;372.4854736328125;383.99285888671875;-360.3154296875;-363.5401611328125;-377.81494140625;-15.795917510986328;57.60424041748047;49.44222640991211;0.9783475995063782;0.9775320887565613;0.9866077899932861;50.02700424194336;1123.987548828125;-1102.594970703125;105.00546264648438;0.9797002673149109;-1.7209999561309814;-1.7059999704360962;-1.7139999866485596;-5.140999794006348;255.3000030517578;253.10000610351562;252.1999969482422;440.20001220703125;437.6000061035156;439.5;-1277.300048828125;-423.79998779296875;-426.1000061035156;-427.6000061035156;-42.400001525878906;-68.4000015258789;13.899999618530273;12.100000381469727;1283.5999755859375;429.29998779296875;426.29998779296875;427.79998779296875;-0.9990000128746033;-0.9869999885559082;0.9990000128746033;1.0;50.0;MPPT;50.035953521728516;1.840570330619812;1.833498239517212;1.845099687576294;254.31031799316406;252.158203125;251.25511169433594;438.5393371582031;435.3634338378906;438.5235900878906;1393.9735107421875;-3.448411703109741;1393.977783203125;99.99969482421875;242805.265625;1455.75048828125;2016-07-16 05:45:00;1463.784493998975;588.9055402466294;2.4856014996665725;123.8065531083867;41;-1310.7022510106087;-1434.5088041189954
2026-04-24 17:07:20;1.594439148902893;1.6098142862319946;1.65735924243927;236.3216552734375;237.12306213378906;237.4213104248047;409.86224365234375;410.90740966796875;410.1819152832031;375.8034973144531;381.4511413574219;393.1691589355469;-368.8434753417969;-371.72698974609375;-386.66217041015625;-15.422504425048828;59.1965446472168;50.39752197265625;0.9782816171646118;0.9780738949775696;0.9863961338996887;50.00449752807617;1148.705078125;-1128.322509765625;92.38279724121094;0.981048047542572;-1.753000020980835;-1.7309999465942383;-1.7450000047683716;-5.229000091552734;255.5;253.3000030517578;252.3000030517578;440.6000061035156;437.79998779296875;439.70001220703125;-1310.199951171875;-434.70001220703125;-434.1000061035156;-435.5;-59.900001525878906;-75.0;8.800000190734863;6.099999904632568;1308.0999755859375;438.20001220703125;434.20001220703125;435.6000061035156;-0.9990000128746033;-0.9850000143051147;1.0;1.0;50.0;MPPT;50.01649475097656;1.8478373289108276;1.8405579328536987;1.8513017892837524;254.5554962158203;252.38461303710938;251.43812561035156;439.0180358886719;435.69012451171875;438.8497314453125;1400.3433837890625;-1.9034355878829956;1400.3447265625;99.9999008178711;242805.265625;1461.4151611328125;2016-07-16 06:00:00;1470.4107475863175;588.9504652951454;2.4966628506685007;104.75886948030814;34;-1336.2436631542828;-1441.002532634591
2026-04-24 17:07:49;1.1000981330871582;1.089378833770752;1.1245192289352417;236.1160125732422;237.06546020507812;237.33255004882812;409.7117004394531;410.70343017578125;409.92388916015625;258.738037109375;259.4476623535156;268.3887023925781;-245.09384155273438;-248.36668395996094;-260.61566162109375;-20.294696807861328;52.88750457763672;45.89017105102539;0.9486652612686157;0.9576358199119568;0.9705853462219238;49.99625015258789;786.3621826171875;-754.0537719726562;80.99649810791016;0.9592378735542297;-1.246999979019165;-1.2170000076293945;-1.2300000190734863;-3.7070000171661377;255.0;252.89999389648438;252.0;442.0;435.0;439.0;-900.7000122070312;-297.8999938964844;-300.5;-302.29998779296875;-41.79999923706055;-68.5999984741211;13.800000190734863;13.100000381469727;915.0;307.6000061035156;302.79998779296875;304.5;-0.9990000128746033;-0.9760000109672546;0.9990000128746033;0.9990000128746033;50.0;MPPT;50.00676727294922;1.378563404083252;1.3711435794830322;1.3818598985671997;253.9236297607422;251.830322265625;251.0287322998047;437.974609375;434.9346618652344;437.8858642578125;1041.4715576171875;-3.8350071907043457;1041.4786376953125;99.99932098388672;242805.265625;1095.0103759765625;2016-07-16 06:15:00;1102.8084363276964;586.4581743723481;1.8804553922502107;142.85423673646523;47;-937.8980308646771;-1080.7522676011424
2026-04-24 17:08:19;0.6044712066650391;0.5641677379608154;0.5829442143440247;236.00975036621094;236.7400665283203;237.2147674560547;409.5508117675781;410.4891052246094;409.9882507324219;143.3750457763672;133.69021606445312;138.32827758789062;-112.91334533691406;-115.7232666015625;-124.11760711669922;-32.8007698059082;34.9737434387207;31.73098373413086;0.7795290350914001;0.8707767724990845;0.9035515189170837;49.99400329589844;415.6011962890625;-354.91363525390625;27.673725128173828;0.8496165871620178;-0.7609999775886536;-0.6669999957084656;-0.6679999828338623;-2.0959999561309814;254.60000610351562;252.3000030517578;251.5;438.8999938964844;436.29998779296875;438.20001220703125;-469.20001220703125;-153.6999969482422;-156.60000610351562;-159.1999969482422;-61.20000076293945;-74.9000015258789;6.099999904632568;7.5;487.3999938964844;171.1999969482422;156.6999969482422;159.3000030517578;-0.9919999837875366;-0.8980000019073486;0.9990000128746033;0.9990000128746033;49.900001525878906;MPPT;49.99428176879883;0.9009370803833008;0.8940612077713013;0.9052168130874634;253.31700134277344;251.220703125;250.39256286621094;436.9240417480469;433.78125;436.8792419433594;679.2015380859375;17.50729751586914;679.4271240234375;-99.966796875;242805.265625;725.7702026367188;2016-07-16 06:30:00;735.2046225172418;583.9658732624652;1.258985595185289;209.52451990886405;69;-510.97601015803286;-720.5005300668969
2026-04-24 17:08:43;0.3883820176124573;0.27454742789268494;0.27021318674087524;235.88841247558594;236.5133514404297;236.96682739257812;408.9984436035156;410.04754638671875;409.4633483886719;93.17522430419922;64.78235626220703;64.20325469970703;-15.653460502624512;-15.933939933776855;-21.293962478637695;-35.84294509887695;27.00460433959961;29.12248992919922;0.17661140859127045;0.2687205672264099;0.3552513122558594;50.00149917602539;216.60670471191406;-56.4996337890625;9.136007308959961;0.25464606285095215;-0.46299999952316284;-0.3100000023841858;-0.2930000126361847;-1.065999984741211;254.5;252.1999969482422;251.3000030517578;441.0;433.79998779296875;438.0;-138.8000030517578;-43.400001525878906;-45.599998474121094;-48.400001525878906;-41.5;-68.0;12.399999618530273;14.0;178.0;80.30000305175781;47.20000076293945;50.400001525878906;-0.9580000042915344;-0.5379999876022339;0.9649999737739563;0.9599999785423279;50.0;MPPT;50.00810623168945;0.43180131912231445;0.4253721833229065;0.43584105372428894;253.22006225585938;251.04031372070312;250.166259765625;436.7617492675781;433.3911437988281;436.56231689453125;324.8435974121094;3.1218154430389404;324.8586120605469;-99.99537658691406;242805.265625;367.6851806640625;2016-07-16 06:45:00;367.6023112586209;581.473582339668;0.6321909067295955;180.94960399262234;60;-179.3006610408261;-360.25026503344844
2026-04-24 17:09:07;0.44550731778144836;0.2737915515899658;0.2550486922264099;235.96141052246094;236.6033172607422;237.09986877441406;409.1282958984375;410.2565002441406;409.7043151855469;106.65852355957031;64.79989624023438;61.22901916503906;38.503658294677734;32.69321823120117;31.90326690673828;-49.03474807739258;13.42532730102539;17.24392318725586;0.3629842698574066;0.5071746110916138;0.5276245474815369;49.98276138305664;228.21859741210938;99.90164184570312;-27.29076385498047;0.4471006691455841;0.45399999618530273;0.0689999982714653;0.06499999761581421;0.5879999995231628;254.10000610351562;251.89999389648438;251.0;440.3999938964844;433.29998779296875;437.3999938964844;48.099998474121094;18.899999618530273;16.600000381469727;13.600000381469727;-52.20000076293945;-72.30000305175781;7.900000095367432;12.100000381469727;111.69999694824219;74.9000015258789;18.5;18.299999237060547;0.6949999928474426;0.25600001215934753;-0.8410000205039978;-0.7039999961853027;49.900001525878906;MPPT;49.993385314941406;0.1489715725183487;0.14078289270401;0.151957169175148;252.8374481201172;250.7000274658203;249.88478088378906;436.0598449707031;432.94573974609375;435.9679260253906;110.17449951171875;2.9255826473236084;110.21333312988281;-99.96476745605469;242805.265625;149.56813049316406;2016-07-16 07:00:00;150.2551833864513;580.0;0.25906066101112296;152.38146902462842;50;5.13138930590614;-147.25007971872228
2026-04-24 17:09:35;0.6140284538269043;0.5581948161125183;0.5740493535995483;235.8112335205078;236.6006622314453;237.2109375;409.0157165527344;410.2110290527344;409.6470947265625;145.2181396484375;132.17881774902344;135.83045959472656;-111.44351959228516;-113.67520141601562;-121.69522857666016;-31.751169204711914;39.47267150878906;36.27091979980469;0.7848554253578186;0.8547931909561157;0.8983174562454224;49.97077560424805;412.8570251464844;-349.18902587890625;45.03850555419922;0.8442829847335815;-0.7419999837875366;-0.6650000214576721;-0.6629999876022339;-2.069999933242798;254.39999389648438;252.1999969482422;251.3000030517578;440.8999938964844;433.79998779296875;437.8999938964844;-465.79998779296875;-152.6999969482422;-155.1999969482422;-157.8000030517578;-41.900001525878906;-68.30000305175781;13.0;13.300000190734863;481.5;167.3000030517578;156.0;158.39999389648438;-0.9959999918937683;-0.9139999747276306;0.996999979019165;0.9959999918937683;49.900001525878906;MPPT;49.98243713378906;0.7867830395698547;0.7798035740852356;0.7913569808006287;253.27536010742188;251.1271514892578;250.20797729492188;436.87689208984375;433.52447509765625;436.6309814453125;592.9976806640625;-1.2537949085235596;592.9990234375;99.99977111816406;242805.265625;640.40625;2016-07-16 07:15:00;644.2807033945985;583.3494221375562;1.1044507441762315;123.8065531083867;41;-507.5885362183198;-631.3950893267065
2026-04-24 17:10:03;1.2793328762054443;1.2940640449523926;1.3333420753479004;235.88040161132812;236.59463500976562;236.9786834716797;409.1748962402344;410.1889343261719;409.6968994140625;301.5792541503906;306.64093017578125;316.197998046875;-291.4888000488281;-295.4962463378906;-308.60040283203125;-16.533300399780273;57.05883026123047;48.43621063232422;0.9656072854995728;0.9669074416160583;0.9799808263778687;49.99400329589844;923.4298706054688;-897.5618896484375;89.14909362792969;0.9699623584747314;-1.4429999589920044;-1.4179999828338623;-1.4270000457763672;-4.288000106811523;255.10000610351562;252.89999389648438;252.0;439.8999938964844;437.20001220703125;439.1000061035156;-1056.0999755859375;-350.0;-352.3999938964844;-354.20001220703125;-42.400001525878906;-68.69999694824219;13.800000190734863;12.5;1064.0;356.79998779296875;352.70001220703125;354.3999938964844;-0.9990000128746033;-0.9800000190734863;0.9990000128746033;1.0;49.900001525878906;MPPT;49.99472427368164;1.615311861038208;1.607521414756775;1.618478775024414;254.101806640625;251.96868896484375;251.15426635742188;438.2845458984375;435.1461181640625;438.1273498535156;1221.8583984375;15.304091453552246;1221.9542236328125;-99.99215698242188;242805.265625;1278.2572021484375;2016-07-16 07:30:00;1288.5629093410307;587.7175630453274;2.192486647266743;171.42915265270696;57;-1091.362498501503;-1262.79165115421
2026-04-24 17:10:32;2.127434730529785;2.1510937213897705;2.2025909423828125;236.25355529785156;236.9142608642578;237.41726684570312;409.73858642578125;410.8150634765625;410.21319580078125;502.3111877441406;509.3144226074219;523.2969360351562;-497.63787841796875;-501.0552978515625;-518.501953125;-0.5857034921646118;72.08687591552734;58.305908203125;0.9906676411628723;0.9853000044822693;0.9927557706832886;49.971527099609375;1532.419189453125;-1517.5924072265625;132.11358642578125;0.9888885021209717;-2.2909998893737793;-2.2839999198913574;-2.2950000762939453;-6.869999885559082;255.5;253.5;252.5;440.79998779296875;438.20001220703125;439.8999938964844;-1721.699951171875;-572.4000244140625;-575.2999877929688;-575.9000244140625;-45.099998474121094;-69.69999694824219;14.0;10.5;1729.300048828125;577.7999877929688;575.4000244140625;576.0;1.0;-0.9929999709129333;1.0;1.0;49.900001525878906;MPPT;49.9848747253418;2.439566135406494;2.4316844940185547;2.443183422088623;254.61280822753906;252.44375610351562;251.65745544433594;439.0953674316406;435.9770812988281;439.0663146972656;1849.842041015625;-4.4027533531188965;1847.7244873046875;99.99967956542969;242805.265625;1915.384033203125;2016-07-16 07:45:00;1932.837602528294;592.0856530176695;3.2644560675929983;142.85423673646523;47;-1751.3266137412627;-1894.180850477728
2026-04-24 17:11:00;2.9312984943389893;2.958672285079956;3.030143976211548;236.12371826171875;237.01593017578125;237.4984893798828;409.6350402832031;410.9844055175781;410.20465087890625;691.4837036132812;701.2813110351562;719.6602172851562;-689.6908569335938;-693.0700073242188;-715.751708984375;12.29096794128418;87.2770004272461;68.78372192382812;0.9972711801528931;0.9906452894210815;0.99576336145401;49.96553421020508;2113.703369140625;-2101.663330078125;167.21124267578125;0.9940946102142334;-3.0999999046325684;-3.1040000915527344;-3.1110000610351562;-9.3149995803833;256.0;253.89999389648438;253.0;441.5;438.8999938964844;440.79998779296875;-2355.199951171875;-784.0999755859375;-785.5999755859375;-785.4000244140625;-61.0;-75.30000305175781;9.5;4.800000190734863;2358.89990234375;787.7000122070312;783.7999877929688;783.5999755859375;1.0;-0.9959999918937683;1.0;1.0;49.900001525878906;MPPT;49.97514343261719;3.2567825317382812;3.249323844909668;3.2610156536102295;255.16708374023438;253.1456298828125;252.31700134277344;440.1802673339844;437.19384765625;440.0824279785156;2476.375;-6.158336639404297;2476.382568359375;99.99969482421875;242805.265625;2557.81298828125;2016-07-16 08:00:00;2577.131828889397;596.4538754221273;4.320756281557376;152.38146902462842;50;-2373.2077232869806;-2525.589192311609
2026-04-24 17:11:28;3.347158432006836;3.3721249103546143;3.4504082202911377;236.17520141601562;237.0301971435547;237.47341918945312;409.68341064453125;410.7786865234375;410.0359802246094;789.4366455078125;797.1823120117188;818.5947875976562;-789.3001098632812;-791.8792114257812;-816.1495361328125;12.031052589416504;88.27330017089844;67.47037506103516;0.9990589022636414;0.9928292632102966;0.9971249103546143;49.955055236816406;2409.55615234375;-2397.5966796875;189.90695190429688;0.995955765247345;-3.509999990463257;-3.5209999084472656;-3.5290000438690186;-10.543999671936035;256.3999938964844;254.1999969482422;253.1999969482422;442.1000061035156;439.3999938964844;441.29998779296875;-2675.300048828125;-891.5;-892.2000122070312;-891.5;-43.099998474121094;-69.5999984741211;16.0;10.5;2674.0;892.7000122070312;890.9000244140625;890.2999877929688;1.0;-0.996999979019165;1.0;1.0;49.900001525878906;MPPT;49.965415954589844;3.7151448726654053;3.7073676586151123;3.719250440597534;255.40664672851562;253.28843688964844;252.41079711914062;440.5415954589844;437.3813171386719;440.3599853515625;2826.61962890625;-10.002448081970215;2826.63720703125;99.99937438964844;242805.265625;2915.2021484375;2016-07-16 08:15:00;2933.31174110698;598.868724118435;4.898088049972827;180.94960399262234;60;-2693.695902292218;-2874.6455062848404
2026-04-24 17:11:56;3.799501419067383;3.8252501487731934;3.9137697219848633;236.20494079589844;236.83273315429688;237.5825653076172;409.85333251953125;410.9559020996094;410.2933349609375;896.6181030273438;905.4205932617188;928.7503051757812;-897.101806640625;-899.4682006835938;-925.5499877929688;26.162673950195312;103.01296997070312;80.97745513916016;0.999165952205658;0.992708683013916;0.9972493052482605;49.96553421020508;2728.79345703125;-2724.6240234375;210.10690307617188;0.9970896244049072;-3.9560000896453857;-3.9769999980926514;-3.9839999675750732;-11.916999816894531;256.79998779296875;254.1999969482422;253.6999969482422;444.70001220703125;437.6000061035156;442.1000061035156;-3014.300048828125;-1004.7999877929688;-1007.7999877929688;-1007.7999877929688;-47.70000076293945;-72.9000015258789;16.100000381469727;9.0;3027.300048828125;1011.4000244140625;1007.9000244140625;1007.9000244140625;1.0;-0.996999979019165;1.0;1.0;49.900001525878906;MPPT;49.969058990478516;4.157957553863525;4.150113105773926;4.1620635986328125;256.04193115234375;253.82191467285156;252.9738311767578;441.5255126953125;438.34820556640625;441.4111022949219;3170.884765625;-1.7520294189453125;3170.88525390625;99.99998474121094;242805.265625;3268.212158203125;2016-07-16 08:30:00;3289.5066788429017;601.2836746856011;5.470806571561946;180.94960399262234;60;-3042.7669412734213;-3223.716545266044
2026-04-24 17:12:26;4.1406049728393555;4.162599563598633;4.255063533782959;236.53277587890625;237.19784545898438;237.493408203125;410.1918640136719;411.1227111816406;410.57501220703125;978.78173828125;987.4344482421875;1010.5885620117188;-978.7285766601562;-979.3225708007812;-1008.3817138671875;35.935909271240234;115.27168273925781;91.24724578857422;1.0;0.9930607676506042;0.997681736946106;49.98201370239258;2976.55615234375;-2966.42626953125;238.99069213867188;0.9968379735946655;-4.291999816894531;-4.315999984741211;-4.321000099182129;-12.928999900817871;257.3999938964844;255.0;254.10000610351562;445.8999938964844;438.6000061035156;442.8999938964844;-3288.5;-1096.9000244140625;-1097.5;-1096.4000244140625;-32.70000076293945;-67.19999694824219;20.799999237060547;13.600000381469727;3294.5;1100.199951171875;1097.699951171875;1096.5;1.0;-0.9980000257492065;1.0;1.0;49.900001525878906;MPPT;49.988525390625;4.604485511779785;4.597079277038574;4.608530044555664;256.3206481933594;254.26162719726562;253.40318298339844;442.1950378417969;438.9953918457031;442.0783996582031;3516.775390625;-11.275009155273438;3516.79345703125;99.9994888305664;242805.265625;3623.5068359375;2016-07-16 08:45:00;3645.701616578823;603.6986252527671;6.038943048863788;266.66757079309974;88;-3306.120013454147;-3572.7875842472467
2026-04-24 17:12:55;4.472935199737549;4.498297691345215;4.593477725982666;236.19546508789062;236.802001953125;237.30174255371094;409.5841064453125;410.5232849121094;409.8896789550781;1057.63134765625;1063.15966796875;1088.2205810546875;-1056.731689453125;-1057.4102783203125;-1088.2950439453125;35.27738571166992;110.7288818359375;85.92738342285156;1.0;0.9935944080352783;0.9978823661804199;49.964786529541016;3213.72705078125;-3205.22021484375;239.6019287109375;0.996627151966095;-4.626999855041504;-4.646999835968018;-4.660999774932861;-13.9350004196167;257.1000061035156;254.5;253.6999969482422;445.29998779296875;437.8999938964844;442.29998779296875;-3542.300048828125;-1182.300048828125;-1180.699951171875;-1179.199951171875;-60.20000076293945;-76.0999984741211;11.699999809265137;4.099999904632568;3544.800048828125;1184.699951171875;1182.4000244140625;1180.699951171875;1.0;-0.9980000257492065;1.0;1.0;49.900001525878906;MPPT;49.97515106201172;5.054798126220703;5.046643257141113;5.058318138122559;256.3685607910156;254.0088653564453;253.1886444091797;442.066162109375;438.6615905761719;441.8150329589844;3858.3486328125;-9.867646217346191;3858.361328125;99.99967193603516;242805.265625;3973.28076171875;2016-07-16 09:00:00;4001.896554314745;606.1135758199331;6.602552250873269;361.9059889334925;120;-3559.9526342949575;-3921.85862322845
2026-04-24 17:13:23;6.126453399658203;6.143150806427002;6.269335746765137;236.41696166992188;237.14614868164062;237.4904022216797;410.24713134765625;410.93939208984375;410.5674133300781;1451.6251220703125;1455.902587890625;1489.3583984375;-1452.030517578125;-1450.9544677734375;-1486.4539794921875;63.78507995605469;145.75563049316406;115.09417724609375;1.0;0.99541836977005;0.9992895722389221;49.970027923583984;4396.22900390625;-4387.5869140625;317.4676818847656;0.998174250125885;-6.265999794006348;-6.302000045776367;-6.313000202178955;-18.881000518798828;258.5;256.0;255.1999969482422;447.70001220703125;440.3999938964844;444.79998779296875;-4834.0;-1614.5999755859375;-1611.4000244140625;-1608.5;-50.599998474121094;-74.0;17.0;6.400000095367432;4836.7001953125;1616.699951171875;1611.5;1608.5;1.0;-0.9990000128746033;1.0;1.0;49.900001525878906;MPPT;49.97780227661133;6.506820201873779;6.498589515686035;6.510136604309082;257.8141784667969;255.43414306640625;254.6892547607422;444.5093994140625;441.1630554199219;444.3809509277344;5000.7236328125;-28.5137882232666;5000.80517578125;99.99836730957031;242805.265625;5146.47021484375;2016-07-16 09:15:00;5175.930455223121;614.0733572050711;8.428847131198053;219.0449712487794;73;-4853.366874869878;-5072.411846118658
2026-04-24 17:13:52;7.420953750610352;7.442485809326172;7.587762355804443;236.3672637939453;236.86387634277344;237.33628845214844;409.7864074707031;410.5076904296875;410.3258972167969;1760.853271484375;1763.2568359375;1801.587890625;-1760.96240234375;-1756.1827392578125;-1799.44384765625;82.47462463378906;165.390869140625;130.34031677246094;1.0;0.9957587122917175;0.998857855796814;49.98201370239258;5327.603515625;-5318.13720703125;393.20379638671875;0.9982859492301941;-7.564000129699707;-7.60699987411499;-7.61899995803833;-22.790000915527344;259.20001220703125;256.5;255.8000030517578;448.79998779296875;441.3999938964844;446.0;-5852.5;-1956.4000244140625;-1949.5999755859375;-1946.9000244140625;-33.5;-68.9000015258789;25.100000381469727;10.300000190734863;5854.60009765625;1957.800048828125;1949.699951171875;1947.0;1.0;-0.9990000128746033;1.0;1.0;50.0;MPPT;49.994606018066406;7.965842247009277;7.957479476928711;7.968846797943115;258.8197326660156;256.21343994140625;255.70787048339844;446.0663146972656;442.6800537109375;446.2277526855469;6137.9228515625;-35.484561920166016;6138.025390625;99.99832916259766;242805.265625;6316.59130859375;2016-07-16 09:30:00;6349.979381649835;622.0332404610675;10.208424515935937;352.3787566453293;117;-5870.601037371509;-6222.979794016838
2026-04-24 17:14:20;9.013678550720215;9.018587112426758;9.180283546447754;236.54269409179688;236.73001098632812;237.55064392089844;409.96173095703125;410.8758850097656;410.2112121582031;2137.738037109375;2137.488525390625;2182.53076171875;-2136.93212890625;-2129.758056640625;-2180.290771484375;108.19544219970703;188.05520629882812;151.50376892089844;1.0;0.9966274499893188;1.0;49.970027923583984;6447.6025390625;-6442.6982421875;468.86785888671875;0.9988246560096741;-9.180999755859375;-9.22700023651123;-9.239999771118164;-27.648000717163086;258.5;255.8000030517578;255.3000030517578;445.29998779296875;442.70001220703125;445.0;-7086.39990234375;-2369.60009765625;-2359.60009765625;-2357.199951171875;-30.899999618530273;-66.80000305175781;26.299999237060547;9.5;7087.5;2370.5;2362.39990234375;2359.300048828125;1.0;1.0;1.0;1.0;49.900001525878906;MPPT;49.98415756225586;9.457270622253418;9.448507308959961;9.460506439208984;258.1695251464844;255.45225524902344;255.22015380859375;444.7528381347656;441.63372802734375;445.2965393066406;7269.50732421875;-45.349605560302734;7269.64892578125;99.99805450439453;242805.265625;7482.85888671875;2016-07-16 09:45:00;7524.013282558212;629.9930218462056;11.943010512257676;257.14033850493655;85;-7116.392678402111;-7373.533016907048
2026-04-24 17:14:46;10.67568302154541;10.67220687866211;10.84851360321045;235.38246154785156;235.73703002929688;236.42726135253906;408.03106689453125;408.9542236328125;408.58203125;2517.974853515625;2516.51220703125;2566.036865234375;-2518.143310546875;-2509.705810546875;-2566.111083984375;126.46903228759766;209.10784912109375;169.27102661132812;1.0;0.9972463250160217;1.0;49.991004943847656;7600.771484375;-7593.998046875;521.7019653320312;0.999180793762207;-10.774999618530273;-10.82699966430664;-10.836000442504883;-32.43299865722656;260.0;257.20001220703125;256.70001220703125;447.8999938964844;445.0;447.3999938964844;-8363.400390625;-2797.699951171875;-2784.800048828125;-2779.199951171875;-55.400001525878906;-75.19999694824219;19.799999237060547;0.0;8359.2998046875;2797.10009765625;2782.89990234375;2779.199951171875;1.0;1.0;1.0;1.0;50.0;MPPT;50.006690979003906;10.869986534118652;10.861856460571289;10.874059677124023;259.6046447753906;256.9685363769531;256.58807373046875;447.3070068359375;444.13287353515625;447.7242126464844;8402.826171875;-38.278419494628906;8402.9130859375;99.99896240234375;242805.265625;8648.5400390625;2016-07-16 10:00:00;8698.047183466588;637.9528032313436;13.63431140894662;133.33378539654987;44;-8390.752454400706;-8524.086239797256
2026-04-24 17:15:18;9.667848587036133;9.673555374145508;9.840084075927734;235.2731170654297;235.52130126953125;236.45591735839844;407.90130615234375;409.0627136230469;408.67138671875;2278.623779296875;2278.915771484375;2324.83740234375;-2279.524169921875;-2272.657958984375;-2324.194580078125;127.79978942871094;209.43960571289062;169.9280242919922;1.0;0.9970217943191528;0.9990860819816589;50.06005096435547;6885.6650390625;-6875.1162109375;496.867431640625;0.998661458492279;-9.74899959564209;-9.805999755859375;-9.812999725341797;-29.368000030517578;260.0;257.5;256.6000061035156;448.1000061035156;445.20001220703125;447.29998779296875;-7566.60009765625;-2530.10009765625;-2522.300048828125;-2516.0;-28.399999618530273;-66.9000015258789;27.5;11.0;7570.7001953125;2532.0;2522.5;2516.10009765625;1.0;1.0;1.0;1.0;50.0;MPPT;50.06879425048828;9.876847267150879;9.868463516235352;9.880924224853516;259.53521728515625;257.1084289550781;256.4974670410156;447.3653259277344;444.2140197753906;447.5514831542969;7634.81982421875;-42.384735107421875;7634.9375;99.99845886230469;242805.265625;7859.67333984375;2016-07-16 10:15:00;7902.581217100375;632.5596581213995;12.493021196719644;152.38146902462842;50;-7592.148123733739;-7744.5295927583675
2026-04-24 17:15:45;8.69328498840332;8.703133583068848;8.859753608703613;234.0057373046875;234.56016540527344;235.15052795410156;405.86279296875;407.00042724609375;406.4535217285156;2037.8018798828125;2041.0283203125;2082.025146484375;-2039.138427734375;-2034.89013671875;-2081.326171875;107.0328598022461;187.38160705566406;149.78884887695312;1.0;0.9964188933372498;0.9994451403617859;50.071327209472656;6161.8525390625;-6156.05078125;440.0486755371094;0.9986971616744995;-8.803999900817871;-8.854999542236328;-8.86299991607666;-26.52199935913086;257.5;255.0;254.1999969482422;443.79998779296875;440.8999938964844;443.1000061035156;-6768.7001953125;-2262.800048828125;-2255.300048828125;-2250.800048828125;-33.099998474121094;-66.69999694824219;25.0;8.5;6770.2001953125;2263.89990234375;2255.39990234375;2250.800048828125;1.0;-0.9990000128746033;1.0;1.0;50.0;MPPT;50.07730484008789;8.974213600158691;8.965948104858398;8.97807502746582;256.911865234375;254.50729370117188;253.87451171875;442.8724060058594;439.6983642578125;442.96478271484375;6866.58447265625;-17.545486450195312;6866.67919921875;99.99967193603516;242805.265625;7066.5224609375;2016-07-16 10:30:00;7107.100225215824;627.1664111405971;11.332080447820038;171.42915265270696;57;-6793.5290680588005;-6964.958220711507
2026-04-24 17:16:13;7.626690864562988;7.649955749511719;7.793068885803223;233.70481872558594;234.31455993652344;234.774169921875;405.2190856933594;406.2499084472656;405.7266540527344;1789.32275390625;1792.513427734375;1829.5799560546875;-1790.170654296875;-1787.9071044921875;-1829.834228515625;84.96796417236328;163.5768585205078;129.79949951171875;1.0;0.9965848326683044;0.9993941187858582;50.05929946899414;5411.40185546875;-5404.03515625;378.2427978515625;0.998702347278595;-7.757999897003174;-7.809000015258789;-7.811999797821045;-23.378999710083008;256.5;254.10000610351562;253.3000030517578;442.1000061035156;439.3999938964844;441.5;-5944.0;-1986.199951171875;-1980.5;-1977.199951171875;-50.900001525878906;-73.19999694824219;17.200000762939453;3.9000000953674316;5948.89990234375;1987.9000244140625;1982.9000244140625;1978.0;1.0;-0.9990000128746033;1.0;1.0;50.0;MPPT;50.070011138916016;7.994088172912598;7.985999584197998;7.9978556632995605;256.0768127441406;253.7349090576172;253.10943603515625;441.4892883300781;438.36553955078125;441.5687255859375;6097.5654296875;-19.12896156311035;6097.595703125;99.99950408935547;242805.265625;6276.13330078125;2016-07-16 10:45:00;6311.619233331275;621.7731641597946;10.150999749016506;219.0449712487794;73;-5966.341877415869;-6185.386848664649
2026-04-24 17:16:42;6.638383865356445;6.664418697357178;6.793478012084961;233.83006286621094;234.33348083496094;234.81674194335938;405.4382019042969;406.3603210449219;405.9388732910156;1556.1611328125;1560.807373046875;1595.2135009765625;-1556.3385009765625;-1554.9188232421875;-1593.4366455078125;70.53336334228516;148.0941162109375;116.10408782958984;1.0;0.9957179427146912;0.9990670680999756;50.05854797363281;4716.1689453125;-4707.279296875;317.7775573730469;0.9986798167228699;-6.769999980926514;-6.808000087738037;-6.818999767303467;-20.39699935913086;256.20001220703125;253.8000030517578;252.89999389648438;441.6000061035156;438.79998779296875;440.79998779296875;-5182.2001953125;-1730.800048828125;-1726.5;-1723.0;-67.0999984741211;-77.4000015258789;10.199999809265137;0.0;5181.2998046875;1731.5999755859375;1726.5999755859375;1723.0;1.0;-0.9990000128746033;1.0;1.0;50.0;MPPT;50.07206726074219;7.010829925537109;7.002933025360107;7.0149054527282715;255.3336944580078;253.04443359375;252.3629608154297;440.1575622558594;437.16845703125;440.3249206542969;5332.3916015625;-13.424064636230469;5332.40869140625;99.99967956542969;242805.265625;5485.5859375;2016-07-16 11:00:00;5516.138241446724;616.3799171789922;8.94925043420076;209.52451990886405;69;-5196.2909567089255;-5405.8154766177895
2026-04-24 17:17:10;6.234609603881836;6.255441665649414;6.379881858825684;233.62408447265625;234.1289520263672;234.66017150878906;405.1642761230469;406.0973205566406;405.7333984375;1459.622314453125;1464.1279296875;1497.0150146484375;-1460.4298095703125;-1458.5106201171875;-1495.727294921875;65.86603546142578;141.0814971923828;110.63768005371094;1.0;0.9964202046394348;0.9989206790924072;50.073585510253906;4421.5244140625;-4415.12890625;296.97314453125;0.9989543557167053;-6.354000091552734;-6.389999866485596;-6.396999835968018;-19.141000747680664;255.89999389648438;253.39999389648438;252.6999969482422;441.0;438.20001220703125;440.3999938964844;-4862.2998046875;-1624.0999755859375;-1617.199951171875;-1614.9000244140625;-68.4000015258789;-78.0;9.600000381469727;0.0;4855.2001953125;1622.9000244140625;1617.300048828125;1614.9000244140625;1.0;-0.9990000128746033;1.0;1.0;50.0;MPPT;50.076087951660156;6.5670599937438965;6.559223651885986;6.570902347564697;255.127685546875;252.82090759277344;252.10093688964844;439.81195068359375;436.70556640625;439.933837890625;4990.1474609375;5.3767242431640625;4990.150390625;-99.99993896484375;242805.265625;5135.94140625;2016-07-16 11:15:00;5165.187209610989;614.0005195413773;8.412349900728232;180.94960399262234;60;-4880.933861426147;-5061.883465418769
2026-04-24 17:17:38;5.789766311645508;5.794486045837402;5.911566257476807;233.85385131835938;234.31866455078125;235.06117248535156;405.4116516113281;406.30596923828125;405.8218078613281;1355.8602294921875;1360.8538818359375;1391.89111328125;-1355.3131103515625;-1355.0966796875;-1390.010986328125;52.080989837646484;128.27288818359375;98.75953674316406;1.0;0.9955938458442688;0.9987037181854248;50.048030853271484;4106.30517578125;-4098.16015625;295.08258056640625;0.9978818893432617;-5.929999828338623;-5.9629998207092285;-5.974999904632568;-17.868000030517578;255.5;253.0;252.1999969482422;440.29998779296875;437.5;439.6000061035156;-4521.7998046875;-1509.9000244140625;-1507.300048828125;-1504.5999755859375;-50.099998474121094;-71.30000305175781;15.800000190734863;5.300000190734863;4523.60009765625;1511.5999755859375;1507.300048828125;1502.800048828125;1.0;-0.9990000128746033;1.0;1.0;50.0;MPPT;50.0578498840332;6.133524417877197;6.125999927520752;6.137589454650879;254.56907653808594;252.34141540527344;251.65206909179688;438.8744201660156;435.964111328125;439.03662109375;4651.59912109375;-28.681665420532227;4651.6875;99.99810028076172;242805.265625;4788.43896484375;2016-07-16 11:30:00;4814.236177775256;611.6211219037626;7.8712719449423565;180.94960399262234;60;-4537.001850227128;-4717.95145421975
2026-04-24 17:18:07;5.310399055480957;5.323985576629639;5.434678554534912;233.4052276611328;234.14358520507812;234.56048583984375;404.915283203125;405.8880615234375;405.3046569824219;1240.865478515625;1247.796875;1276.100830078125;-1241.8382568359375;-1243.6497802734375;-1275.9937744140625;49.224178314208984;125.46070861816406;98.68232727050781;1.0;0.995227575302124;0.9996343851089478;50.036014556884766;3766.781005859375;-3761.24169921875;265.9337158203125;0.9980889558792114;-5.453999996185303;-5.488999843597412;-5.494999885559082;-16.437999725341797;254.8000030517578;252.39999389648438;251.60000610351562;439.20001220703125;436.3999938964844;438.5;-4147.2001953125;-1384.5;-1382.5999755859375;-1380.300048828125;-48.900001525878906;-70.5999984741211;15.0;6.5;4149.2001953125;1386.0;1382.699951171875;1380.300048828125;1.0;-0.9990000128746033;1.0;1.0;50.0;MPPT;50.045692443847656;5.694077014923096;5.686339855194092;5.698104381561279;254.03404235839844;251.73008728027344;251.07371520996094;437.8611755371094;435.0127258300781;438.2140808105469;4298.0556640625;5.5273332595825195;4298.0595703125;-99.99990844726562;242805.265625;4424.54736328125;2016-07-16 11:45:00;4463.285145939521;609.2417242661478;7.325967621990595;209.52451990886405;69;-4164.494923111866;-4374.01944302073
2026-04-24 17:18:34;4.882893085479736;4.907435894012451;5.011334419250488;233.55062866210938;234.1353759765625;234.68264770507812;404.9981994628906;406.05804443359375;405.4434814453125;1142.4639892578125;1149.72314453125;1176.4266357421875;-1141.8297119140625;-1143.3350830078125;-1174.2642822265625;42.755889892578125;118.3791275024414;92.82575988769531;1.0;0.9954032897949219;0.9990795850753784;50.03976821899414;3467.19921875;-3459.894287109375;253.59036254882812;0.9977461695671082;-5.033999919891357;-5.063000202178955;-5.071000099182129;-15.168000221252441;254.6999969482422;252.39999389648438;251.60000610351562;439.1000061035156;436.3999938964844;438.3999938964844;-3821.199951171875;-1274.5999755859375;-1275.0;-1273.0999755859375;-48.0;-70.30000305175781;15.199999809265137;7.0;3826.0;1277.5999755859375;1275.0999755859375;1273.199951171875;1.0;-0.9980000257492065;1.0;1.0;50.0;MPPT;50.04446792602539;5.246140003204346;5.238325119018555;5.2499494552612305;253.76666259765625;251.50376892089844;250.86082458496094;437.4624328613281;434.5408935546875;437.6643371582031;3965.7197265625;5.715696334838867;3965.723876953125;-99.99989318847656;242805.265625;4086.179443359375;2016-07-16 12:00:00;4112.334114103786;606.862326628533;6.7763872194046915;190.4768362807855;63;-3839.6105955409253;-4030.0874318217107
2026-04-24 17:19:01;4.930430889129639;4.948386192321777;5.053545951843262;233.21055603027344;233.72752380371094;234.4602813720703;404.35809326171875;405.69696044921875;405.1134033203125;1149.3406982421875;1158.7191162109375;1185.0078125;-1150.122314453125;-1151.6243896484375;-1182.7578125;49.511531829833984;126.31132507324219;100.5447998046875;1.0;0.9935786128044128;0.9976109266281128;50.04352569580078;3493.03076171875;-3483.932373046875;277.4605712890625;0.9976409077644348;-5.066999912261963;-5.10099983215332;-5.105999946594238;-15.27400016784668;254.3000030517578;252.10000610351562;251.3000030517578;438.5;435.8999938964844;437.79998779296875;-3850.800048828125;-1283.4000244140625;-1283.0999755859375;-1281.5;-22.899999618530273;-61.70000076293945;23.299999237060547;15.300000190734863;3849.800048828125;1284.9000244140625;1283.300048828125;1281.5;1.0;-0.9990000128746033;1.0;1.0;50.0;MPPT;50.05906295776367;5.3454270362854;5.337737560272217;5.349267482757568;253.4943084716797;250.93003845214844;250.66810607910156;436.8430480957031;433.82177734375;437.20281982421875;4035.1455078125;-31.32272720336914;4035.26708984375;99.99698638916016;242805.265625;4155.91162109375;2016-07-16 12:15:00;4179.483155559192;607.3175874943335;6.8818740665866;228.57220353694262;76;-3867.321288911065;-4095.8934924480077
2026-04-24 17:19:29;4.188018798828125;4.210052490234375;4.303772449493408;233.3144073486328;233.8980712890625;234.3279266357422;404.6325378417969;405.4922180175781;405.0627746582031;977.2249145507812;982.9173583984375;1007.3995361328125;-976.380615234375;-979.7799682617188;-1007.2666015625;25.036951065063477;99.63684844970703;78.41275787353516;1.0;0.9946151375770569;0.9982537627220154;50.028507232666016;2975.5458984375;-2968.6005859375;217.547119140625;0.9972071647644043;-4.3429999351501465;-4.364999771118164;-4.375999927520752;-13.083999633789062;253.8000030517578;251.6999969482422;250.8000030517578;437.70001220703125;435.1000061035156;436.8999938964844;-3285.89990234375;-1095.5;-1095.800048828125;-1094.0999755859375;-52.20000076293945;-71.5999984741211;12.699999809265137;6.599999904632568;3288.39990234375;1098.300048828125;1095.9000244140625;1094.0999755859375;1.0;-0.9980000257492065;1.0;1.0;50.0;MPPT;50.03960037231445;5.433353424072266;5.425901889801025;5.437275409698486;253.04891967773438;250.9910125732422;250.1125030517578;436.523193359375;433.4673767089844;436.2483215332031;4096.564453125;-10.400592803955078;4096.57763671875;99.99967956542969;242805.265625;4218.90087890625;2016-07-16 12:30:00;4246.647222532935;607.7729502309921;6.987226432040026;857.138982315287;285;-3304.57529576699;-4161.714278082277
2026-04-24 17:19:55;4.350996017456055;4.373936176300049;4.4691691398620605;233.3973846435547;233.65016174316406;234.2395477294922;404.4597473144531;405.2491760253906;404.93389892578125;1016.615478515625;1023.2014770507812;1047.8990478515625;-1015.7679443359375;-1017.299072265625;-1044.915771484375;28.574831008911133;107.98431396484375;83.82940673828125;0.999975860118866;0.9934199452400208;0.9976426362991333;50.03301239013672;3087.76904296875;-3080.069580078125;221.03973388671875;0.997991144657135;-4.497000217437744;-4.52400016784668;-4.5329999923706055;-13.553999900817871;254.1999969482422;251.8000030517578;251.0;438.20001220703125;435.3999938964844;437.5;-3410.5;-1137.5999755859375;-1136.199951171875;-1135.0999755859375;-50.400001525878906;-71.0;13.5;7.0;3410.800048828125;1139.199951171875;1136.300048828125;1135.199951171875;1.0;-0.9980000257492065;1.0;1.0;50.0;MPPT;50.035953521728516;5.516478538513184;5.508859157562256;5.52048921585083;253.42637634277344;251.18983459472656;250.4405059814453;436.92169189453125;434.0018310546875;436.8821716308594;4164.234375;5.038202285766602;4164.2373046875;-99.99993133544922;242805.265625;4289.17333984375;2016-07-16 12:45:00;4313.811289506679;608.2283129676509;7.092421049028199;800.0027123792992;266;-3427.5323513372455;-4227.535063716545
2026-04-24 17:20:24;5.211817264556885;5.229772090911865;5.338615417480469;233.31764221191406;233.76730346679688;234.51454162597656;404.5996398925781;405.6053466796875;405.0633850097656;1218.1763916015625;1224.2056884765625;1251.4808349609375;-1217.341796875;-1217.8016357421875;-1249.59814453125;42.70380401611328;118.86219787597656;91.02188873291016;1.0;0.995842695236206;0.9988099932670593;50.0;3694.3037109375;-3689.23974609375;252.89761352539062;0.9981647729873657;-5.3480000495910645;-5.376999855041504;-5.38700008392334;-16.11199951171875;254.89999389648438;252.60000610351562;251.8000030517578;439.5;436.79998779296875;438.79998779296875;-4068.800048828125;-1357.0;-1355.800048828125;-1353.9000244140625;-68.19999694824219;-77.0;8.699999809265137;0.0;4069.10009765625;1359.199951171875;1355.9000244140625;1353.9000244140625;1.0;-0.9980000257492065;1.0;1.0;50.0;MPPT;50.00676345825195;5.588066101074219;5.580349445343018;5.591207027435303;254.07791137695312;251.8366241455078;251.15948486328125;438.03533935546875;435.1440734863281;438.1203308105469;4229.27294921875;7.0663652420043945;4227.8662109375;-99.99982452392578;242805.265625;4353.802734375;2016-07-16 13:00:00;4380.960330962083;608.6835738334513;7.197434790906328;209.52451990886405;69;-4083.816604433978;-4293.341124342842
2026-04-24 17:20:53;4.895113945007324;4.919053554534912;5.023542404174805;233.04771423339844;233.57696533203125;234.16583251953125;404.1944885253906;405.18048095703125;404.7026062011719;1141.6619873046875;1149.2015380859375;1175.484619140625;-1141.52880859375;-1141.617919921875;-1173.6474609375;38.5514030456543;112.36582946777344;85.68907165527344;1.0;0.995474636554718;0.9988537430763245;49.964786529541016;3467.70458984375;-3459.6845703125;234.08419799804688;0.9981827735900879;-5.045000076293945;-5.074999809265137;-5.066999912261963;-15.163999557495117;254.1999969482422;251.8000030517578;251.0;438.20001220703125;435.3999938964844;437.5;-3823.5;-1275.800048828125;-1274.5999755859375;-1273.0999755859375;-70.19999694824219;-77.4000015258789;7.199999809265137;0.0;3817.800048828125;1275.300048828125;1271.9000244140625;1270.5;1.0;-0.9980000257492065;1.0;1.0;49.900001525878906;MPPT;49.970279693603516;5.485381603240967;5.478066921234131;5.489253997802734;253.73207092285156;251.30206298828125;250.74085998535156;437.2673645019531;434.23638916015625;437.54595947265625;4144.705078125;1.565549373626709;4144.705078125;-100.0;242805.265625;4268.2109375;2016-07-16 13:15:00;4294.202988074747;608.0953714975526;7.061726152428098;371.4264402734078;123;-3836.8924880398436;-4208.3189283132515
2026-04-24 17:21:19;4.097604274749756;4.128963947296143;4.2205424308776855;232.8930206298828;233.6090850830078;234.07955932617188;404.0841979980469;405.1897277832031;404.52972412109375;956.6741333007812;965.8896484375;989.0523681640625;-957.2989501953125;-958.6571655273438;-983.7793579101562;33.29777145385742;108.04187774658203;83.31668090820312;1.0;0.9948597550392151;0.9990907311439514;49.95580291748047;2912.3935546875;-2904.46240234375;210.27960205078125;0.9975287318229675;-4.249000072479248;-4.271999835968018;-4.2820000648498535;-12.803000450134277;253.8000030517578;251.60000610351562;250.8000030517578;437.6000061035156;435.0;436.8999938964844;-3218.89990234375;-1073.199951171875;-1072.800048828125;-1072.0999755859375;-59.400001525878906;-73.4000015258789;10.399999618530273;3.5999999046325684;3220.199951171875;1075.0999755859375;1072.800048828125;1072.0999755859375;1.0;-0.9980000257492065;1.0;1.0;49.900001525878906;MPPT;49.96652603149414;5.384011268615723;5.376682758331299;5.3879876136779785;252.83016967773438;250.78945922851562;250.09548950195312;435.95697021484375;433.36334228515625;436.15936279296875;4057.013671875;-3.2987148761749268;4057.01513671875;99.99996185302734;242805.265625;4178.20849609375;2016-07-16 13:30:00;4207.460670705749;607.5072710325121;6.925778293245444;885.7138982315288;295;-3237.597559060105;-4123.311457291634
2026-04-24 17:21:47;3.169132709503174;3.1932108402252197;3.269378423690796;232.96768188476562;233.66107177734375;234.31024169921875;404.1025085449219;405.2350769042969;404.5942687988281;739.3015747070312;747.4146728515625;767.40380859375;-738.3807373046875;-741.3240356445312;-764.432861328125;10.05215072631836;83.260498046875;64.12366485595703;0.9982147812843323;0.9918797016143799;0.9969878792762756;49.95954513549805;2249.301025390625;-2241.30517578125;171.34059143066406;0.9964025616645813;-3.319999933242798;-3.3359999656677246;-3.3429999351501465;-9.99899959564209;252.8000030517578;250.6999969482422;250.0;436.0;433.6000061035156;435.3999938964844;-2506.0;-834.2000122070312;-832.9000244140625;-832.7000122070312;-65.9000015258789;-74.0999984741211;8.100000381469727;0.0;2500.300048828125;834.5999755859375;832.9000244140625;832.7000122070312;1.0;-0.996999979019165;1.0;1.0;49.900001525878906;MPPT;49.97250747680664;5.291935443878174;5.284745216369629;5.2958502769470215;251.97833251953125;250.04849243164062;249.38621520996094;434.5919189453125;432.0527648925781;434.849365234375;3975.393310546875;-28.22023582458496;3975.493408203125;99.99748229980469;242805.265625;4095.5673828125;2016-07-16 13:45:00;4120.703327818412;606.9190686966133;6.789543351583617;1514.2874579581212;504;-2524.0018033039223;-4038.2892612620435
2026-04-24 17:22:16;4.706639766693115;4.734745979309082;4.835302352905273;233.28665161132812;233.93246459960938;234.5244140625;404.65545654296875;405.75408935546875;405.1758117675781;1101.1068115234375;1108.305908203125;1135.3233642578125;-1100.5848388671875;-1102.568603515625;-1133.3453369140625;34.628849029541016;108.7042007446289;83.82803344726562;1.0;0.9953923225402832;0.9989927411079407;49.9730224609375;3343.86962890625;-3337.8310546875;228.24630737304688;0.9979316592216492;-4.86299991607666;-4.89300012588501;-4.900000095367432;-14.656000137329102;254.10000610351562;251.89999389648438;251.3000030517578;438.20001220703125;435.70001220703125;437.6000061035156;-3688.199951171875;-1229.5;-1229.9000244140625;-1228.5999755859375;-68.9000015258789;-76.30000305175781;7.599999904632568;0.0;3687.699951171875;1231.199951171875;1228.5999755859375;1227.800048828125;1.0;-0.9980000257492065;1.0;1.0;49.900001525878906;MPPT;49.98000717163086;5.156153202056885;5.148834705352783;5.1605072021484375;253.4505157470703;251.31146240234375;250.70516967773438;436.9359130859375;434.2904968261719;437.2868347167969;3894.5078125;8.41490650177002;3894.516845703125;99.99995422363281;242805.265625;4009.4130859375;2016-07-16 14:00:00;4033.945984931075;606.3308663607145;6.653044086545358;247.61988716502117;82;-3705.6471780674324;-3953.2670652324537
2026-04-24 17:22:39;4.532219886779785;4.553138732910156;4.651267051696777;233.06646728515625;233.79786682128906;234.32040405273438;404.3023376464844;405.3610534667969;404.79388427734375;1056.6673583984375;1064.0960693359375;1089.8089599609375;-1057.625732421875;-1059.423583984375;-1089.0836181640625;36.41565704345703;111.77831268310547;87.07427215576172;1.0;0.994666576385498;0.9979823231697083;49.95580291748047;3211.53515625;-3203.111328125;245.26400756835938;0.9972043037414551;-4.677999973297119;-4.704999923706055;-4.714000225067139;-14.097000122070312;253.8000030517578;251.6999969482422;250.89999389648438;437.70001220703125;435.20001220703125;437.0;-3541.199951171875;-1180.699951171875;-1181.800048828125;-1180.5;-48.79999923706055;-69.5999984741211;14.199999809265137;6.5;3546.300048828125;1183.699951171875;1181.9000244140625;1180.5999755859375;1.0;-0.9980000257492065;1.0;1.0;49.900001525878906;MPPT;49.96523666381836;4.885185241699219;4.877561569213867;4.889194488525391;253.14923095703125;250.99710083007812;250.37623596191406;436.4488525390625;433.66357421875;436.7660827636719;3684.90283203125;-21.505783081054688;3684.965576171875;99.99829864501953;242805.265625;3797.193359375;2016-07-16 14:15:00;3820.8691093707484;604.886235718979;6.316673919401047;180.94960399262234;60;-3563.502123190711;-3744.4517271833333
2026-04-24 17:23:11;4.239464282989502;4.25644063949585;4.349997520446777;232.7095489501953;233.56126403808594;234.0108642578125;403.696533203125;404.7774963378906;404.14349365234375;987.4315185546875;996.312744140625;1020.3120727539062;-987.909912109375;-989.70361328125;-1017.373291015625;32.63841247558594;107.70256042480469;82.77397155761719;1.0;0.9938998222351074;0.9977246522903442;49.94757080078125;3002.528076171875;-2997.04296875;208.6707763671875;0.9974387288093567;-4.386000156402588;-4.410999774932861;-4.418000221252441;-13.21500015258789;253.6999969482422;251.5;250.60000610351562;437.5;434.79998779296875;436.70001220703125;-3317.300048828125;-1106.199951171875;-1106.199951171875;-1104.800048828125;-67.69999694824219;-76.19999694824219;8.399999618530273;0.0;3320.0;1108.800048828125;1106.199951171875;1104.800048828125;1.0;-0.9980000257492065;1.0;1.0;49.900001525878906;MPPT;49.95203399658203;4.61521577835083;4.607799053192139;4.619133472442627;252.6711883544922;250.61959838867188;249.8384246826172;435.7696533203125;432.86834716796875;435.8304748535156;3474.871826171875;5.628957271575928;3474.87646484375;-99.99987030029297;242805.265625;3584.672119140625;2016-07-16 14:30:00;3607.7922338104213;603.4416050772436;5.978693221440384;199.9972876207009;66;-3335.6391015135123;-3535.636389134213
2026-04-24 17:23:40;3.957897901535034;3.9752252101898193;4.0632123947143555;232.94480895996094;233.61370849609375;234.17901611328125;403.9039306640625;404.9129943847656;404.4117126464844;920.5480346679688;928.1456909179688;950.4765625;-920.1367797851562;-922.2828979492188;-948.7402954101562;25.556550979614258;101.43328857421875;79.0032730102539;1.0;0.9937059879302979;0.99742591381073;49.92812728881836;2800.7958984375;-2790.188720703125;226.80404663085938;0.9969634413719177;-4.1020002365112305;-4.123000144958496;-4.131999969482422;-12.357000350952148;253.3000030517578;251.10000610351562;250.3000030517578;436.79998779296875;434.29998779296875;436.1000061035156;-3096.39990234375;-1032.0999755859375;-1032.5;-1031.5999755859375;-31.100000381469727;-64.0;19.600000381469727;13.199999809265137;3098.60009765625;1034.0999755859375;1032.699951171875;1032.199951171875;1.0;-0.9980000257492065;1.0;1.0;49.900001525878906;MPPT;49.94230651855469;4.347377777099609;4.33988094329834;4.351269721984863;252.63690185546875;250.51951599121094;249.78245544433594;435.66436767578125;432.76702880859375;435.7038879394531;3272.14990234375;-28.557353973388672;3272.274658203125;99.99618530273438;242805.265625;3374.92822265625;2016-07-16 14:45:00;3394.715358250095;601.9969744355082;5.639090398142475;209.52451990886405;69;-3117.296531176229;-3326.821051085093
2026-04-24 17:24:11;3.6144537925720215;3.6395974159240723;3.719963788986206;233.0658416748047;233.86044311523438;234.38832092285156;404.3172912597656;405.5296936035156;404.916015625;842.407958984375;850.1751708984375;871.2301635742188;-842.5967407226562;-844.9307861328125;-869.9117431640625;19.007095336914062;90.5335693359375;69.26363372802734;1.0;0.9945700764656067;0.9986786246299744;49.92513656616211;2566.449462890625;-2559.9189453125;173.32742309570312;0.9969850778579712;-3.7730000019073486;-3.7860000133514404;-3.7960000038146973;-11.357000350952148;253.3000030517578;251.10000610351562;250.39999389648438;436.79998779296875;434.29998779296875;436.20001220703125;-2844.39990234375;-947.5999755859375;-948.5999755859375;-948.0999755859375;-71.9000015258789;-77.0999984741211;5.199999809265137;0.0;2846.89990234375;950.7000122070312;948.2999877929688;947.7999877929688;1.0;-0.996999979019165;1.0;1.0;49.900001525878906;MPPT;49.936222076416016;4.082743167877197;4.075141429901123;4.086478233337402;252.31520080566406;250.29623413085938;249.6697998046875;435.0697326660156;432.5155029296875;435.4104919433594;3070.206787109375;9.509610176086426;3070.221435546875;-99.99951934814453;242805.265625;3165.6591796875;2016-07-16 15:00:00;3181.6384826897684;600.5523437937726;5.297853743423789;257.14033850493655;85;-2860.865374531036;-3118.005713035973
2026-04-24 17:24:40;3.1763267517089844;3.201932191848755;3.2772891521453857;232.54237365722656;233.46136474609375;234.0304412841797;403.3722229003906;404.62628173828125;404.1490783691406;738.1602783203125;746.6248168945312;766.19287109375;-737.7551879882812;-741.0126342773438;-763.7579345703125;19.12354278564453;92.1347427368164;72.76395416259766;0.9991507530212402;0.9913361072540283;0.995305061340332;49.93635177612305;2252.2431640625;-2239.7236328125;193.05816650390625;0.9945735335350037;-3.3310000896453857;-3.3429999351501465;-3.3510000705718994;-10.024999618530273;252.5;250.39999389648438;249.60000610351562;435.5;433.0;434.79998779296875;-2501.5;-833.2000122070312;-834.2000122070312;-834.0;-28.0;-62.29999923706055;19.600000381469727;14.600000381469727;2504.199951171875;835.4000244140625;834.5;834.2000122070312;1.0;-0.996999979019165;1.0;1.0;49.900001525878906;MPPT;49.95325469970703;3.7149369716644287;3.707815408706665;3.719161033630371;251.7294464111328;249.72506713867188;249.03977966308594;434.0919189453125;431.4619140625;434.3466491699219;2787.180908203125;-27.460857391357422;2787.316162109375;99.99514770507812;242805.265625;2876.55029296875;2016-07-16 15:15:00;2894.7111844950005;598.6070178834292;4.835745485795002;314.2833893891722;104;-2522.5335714159282;-2836.8169608051003
2026-04-24 17:25:09;2.7694175243377686;2.798492670059204;2.86649227142334;232.76092529296875;233.5816192626953;234.07962036132812;403.97308349609375;405.02203369140625;404.34918212890625;646.1480712890625;654.2711791992188;671.6633911132812;-644.5933227539062;-648.1026000976562;-668.8300170898438;0.5439947843551636;79.80962371826172;62.93290328979492;0.997016191482544;0.9912676811218262;0.9956024289131165;49.94831848144531;1971.190185546875;-1957.2763671875;158.99078369140625;0.9934947490692139;-2.927000045776367;-2.934000015258789;-2.941999912261963;-8.803000450134277;252.5;250.39999389648438;249.60000610351562;435.5;433.0;434.79998779296875;-2197.800048828125;-731.4000244140625;-731.5999755859375;-732.2000122070312;-38.29999923706055;-65.5999984741211;15.899999618530273;11.199999809265137;2197.300048828125;733.0999755859375;731.7999877929688;732.2999877929688;1.0;-0.9959999918937683;1.0;1.0;49.900001525878906;MPPT;49.965415954589844;3.34655499458313;3.3393566608428955;3.3508858680725098;251.53810119628906;249.5135955810547;248.86627197265625;433.8335876464844;431.0882568359375;433.9811096191406;2508.68798828125;-27.607418060302734;2508.83984375;99.99394989013672;242805.265625;2591.9912109375;2016-07-16 15:30:00;2607.783886300233;596.6616919730857;4.3706239589081335;333.33107301725073;111;-2222.2971355569775;-2555.628208574228
2026-04-24 17:25:44;2.4484782218933105;2.4720990657806396;2.5348801612854004;232.54193115234375;233.3928680419922;233.98507690429688;403.5090637207031;404.7156677246094;404.1639404296875;569.956787109375;576.9926147460938;593.4695434570312;-565.8157958984375;-569.6953735351562;-588.993896484375;10.581720352172852;83.13341522216797;68.22138977050781;0.9937136173248291;0.9859937429428101;0.9936169981956482;49.97602081298828;1741.4935302734375;-1726.104248046875;142.30331420898438;0.9924915432929993;-2.6070001125335693;-2.6110000610351562;-2.619999885559082;-7.8379998207092285;252.3000030517578;250.10000610351562;249.5;435.0;432.6000061035156;434.5;-1948.5;-648.4000244140625;-649.5999755859375;-650.4000244140625;-36.20000076293945;-65.0;16.200000762939453;12.5;1952.0999755859375;651.5999755859375;649.7999877929688;650.5;1.0;-0.9940000176429749;1.0;1.0;49.900001525878906;MPPT;49.981224060058594;2.974543809890747;2.967479944229126;2.978712320327759;251.37777709960938;249.31112670898438;248.6617889404297;433.440673828125;430.758056640625;433.7201843261719;2230.965576171875;1.850829005241394;2230.96630859375;-99.99996948242188;242805.265625;2307.43896484375;2016-07-16 15:45:00;2320.8565881054656;594.7163660627423;3.9024595934200614;304.76293804925683;101;-1969.6765182940994;-2274.439456343356
2026-04-24 17:26:14;1.840803623199463;1.8632590770721436;1.9134116172790527;232.72755432128906;233.42616271972656;233.9844970703125;403.3346862792969;404.53680419921875;404.0503234863281;428.1212463378906;434.9989929199219;447.0149841308594;-422.1759948730469;-426.3138732910156;-442.1714782714844;0.0;70.00688171386719;55.26470947265625;0.9883136749267578;0.9829423427581787;0.9914498329162598;49.97602081298828;1310.2591552734375;-1293.6781005859375;124.3108901977539;0.9869085550308228;-2.000999927520752;-1.9980000257492065;-1.9989999532699585;-6.002999782562256;251.6999969482422;249.5;248.8000030517578;434.0;431.5;433.3999938964844;-1479.199951171875;-491.6000061035156;-493.1000061035156;-494.5;-34.099998474121094;-66.0999984741211;14.5;13.0;1486.800048828125;496.79998779296875;494.20001220703125;495.70001220703125;1.0;-0.9919999837875366;0.9990000128746033;1.0;49.900001525878906;MPPT;49.987308502197266;2.607907295227051;2.6012253761291504;2.6121840476989746;250.60581970214844;248.61630249023438;247.87643432617188;432.18896484375;429.48773193359375;432.3421630859375;1950.495361328125;-5.7721076011657715;1950.50390625;99.99956512451172;242805.265625;2020.407958984375;2016-07-16 16:00:00;2033.9292899106986;592.7710401523988;3.431222431830989;485.71254204187915;161;-1507.5381620706053;-1993.2507041124845
2026-04-24 17:26:47;1.8296929597854614;1.843212604522705;1.8962491750717163;232.6405029296875;233.34930419921875;233.92776489257812;403.5786437988281;404.6661682128906;404.16864013671875;425.0621337890625;430.59857177734375;442.1518859863281;-419.10345458984375;-423.5029296875;-439.9063415527344;-12.664247512817383;59.96025848388672;50.059326171875;0.9862022995948792;0.9825363159179688;0.9912976622581482;49.96029281616211;1298.831787109375;-1282.2198486328125;117.45960998535156;0.9867094159126282;-1.9869999885559082;-1.9800000190734863;-1.9859999418258667;-5.953000068664551;251.8000030517578;249.60000610351562;248.8000030517578;434.20001220703125;431.6000061035156;433.5;-1467.5;-487.3999938964844;-489.5;-490.70001220703125;-45.79999923706055;-68.19999694824219;12.399999618530273;9.800000190734863;1472.699951171875;492.20001220703125;489.6000061035156;490.79998779296875;1.0;-0.9900000095367432;1.0;1.0;49.900001525878906;MPPT;49.969058990478516;2.395146131515503;2.3880832195281982;2.3990256786346436;250.7156524658203;248.64576721191406;247.87962341308594;432.4056091308594;429.43621826171875;432.4228515625;1788.85400390625;-0.7427663803100586;1788.8541259765625;99.99999237060547;242805.265625;1856.3870849609375;2016-07-16 16:15:00;1867.7620826036218;591.6444503303162;3.156899522273634;333.33107301725073;111;-1497.0757679342987;-1830.4068409515494
2026-04-24 17:27:17;1.6739693880081177;1.6967804431915283;1.7437713146209717;232.75369262695312;233.2992401123047;233.88983154296875;403.42230224609375;404.4664306640625;404.0903015136719;389.7520751953125;395.7732849121094;406.5270690917969;-383.04034423828125;-386.9040222167969;-402.6017761230469;-4.507263660430908;62.22837448120117;50.482051849365234;0.9844073057174683;0.9822410345077515;0.9907487034797668;49.9730224609375;1194.720947265625;-1175.6295166015625;105.19317626953125;0.98405522108078;-1.8339999914169312;-1.8289999961853027;-1.8339999914169312;-5.497000217437744;251.6999969482422;249.39999389648438;248.60000610351562;436.1000061035156;429.0;433.20001220703125;-1352.5999755859375;-449.1000061035156;-451.1000061035156;-452.29998779296875;-44.400001525878906;-68.0999984741211;13.0;10.600000381469727;1358.0999755859375;454.20001220703125;451.29998779296875;452.5;-0.9990000128746033;-0.9890000224113464;1.0;1.0;49.900001525878906;MPPT;49.98948669433594;2.175788164138794;2.167959690093994;2.1796979904174805;250.67355346679688;248.44407653808594;247.759765625;432.2045593261719;429.1578063964844;432.2713317871094;1623.97900390625;-16.742473602294922;1624.0653076171875;99.99468231201172;242805.265625;1689.05322265625;2016-07-16 16:30:00;1701.5948752965453;590.5178605082338;2.8815299063639745;285.7152544211783;95;-1381.8477233694362;-1667.5629777906145
2026-04-24 17:27:49;1.642405390739441;1.6533398628234863;1.7026581764221191;232.71383666992188;233.11932373046875;233.88479614257812;403.2353515625;404.0268249511719;403.71148681640625;383.08575439453125;386.65228271484375;397.02117919921875;-374.59381103515625;-378.1882629394531;-392.5789794921875;-7.880677223205566;62.083457946777344;52.13969802856445;0.9817410111427307;0.979340672492981;0.9879000782966614;49.97227478027344;1165.201171875;-1147.0616455078125;122.71745300292969;0.9822535514831543;-1.7990000247955322;-1.7910000085830688;-1.7960000038146973;-5.386000156402588;251.60000610351562;248.89999389648438;248.60000610351562;435.6000061035156;428.6000061035156;433.0;-1323.0999755859375;-439.5;-441.0;-442.5;-34.099998474121094;-64.80000305175781;16.399999618530273;14.100000381469727;1328.4000244140625;444.20001220703125;441.29998779296875;443.0;1.0;-0.9900000095367432;0.9990000128746033;0.9990000128746033;49.900001525878906;MPPT;49.98337173461914;1.9636987447738647;1.9570871591567993;1.9676764011383057;250.58987426757812;248.3352813720703;247.67843627929688;432.0250244140625;428.9630432128906;432.1729431152344;1465.1492919921875;-24.804645538330078;1465.3592529296875;99.98567199707031;242805.265625;1527.750244140625;2016-07-16 16:45:00;1535.4276679894688;589.3912706861512;2.6051075819327476;152.38146902462842;50;-1352.337645605051;-1504.7191146296793
2026-04-24 17:28:17;1.3946651220321655;1.3961154222488403;1.4358232021331787;232.5460968017578;233.2154083251953;233.85528564453125;403.38616943359375;404.52557373046875;403.92059326171875;324.5418395996094;327.3273620605469;337.618408203125;-314.30487060546875;-319.29150390625;-332.69171142578125;-13.802181243896484;59.29697036743164;51.09273910522461;0.9709962606430054;0.970607578754425;0.9821969270706177;49.96703338623047;990.3943481445312;-967.781982421875;78.96006774902344;0.9764335751533508;-1.5540000200271606;-1.534000039100647;-1.5429999828338623;-4.63100004196167;251.5;249.3000030517578;248.5;433.70001220703125;431.1000061035156;433.0;-1127.699951171875;-373.8999938964844;-376.8999938964844;-378.5;-49.70000076293945;-69.4000015258789;10.5;9.100000381469727;1136.9000244140625;381.20001220703125;377.1000061035156;378.6000061035156;-0.9990000128746033;-0.9819999933242798;1.0;1.0;50.0;MPPT;49.97610092163086;1.7441776990890503;1.7370641231536865;1.7476636171340942;250.4965362548828;248.3751220703125;247.6707305908203;431.9809265136719;429.01055908203125;432.0657958984375;1301.065185546875;13.579545974731445;1301.135986328125;-99.99456024169922;242805.265625;1359.95361328125;2016-07-16 17:00:00;1369.2709785452291;588.2647521736694;2.3276440981474757;180.94960399262234;60;-1160.9359549817023;-1341.8855589743246
2026-04-24 17:28:45;1.1587979793548584;1.1613966226577759;1.1955407857894897;232.4074249267578;233.13436889648438;233.83956909179688;403.1684265136719;404.2981872558594;403.85821533203125;269.4771728515625;270.125244140625;279.4823913574219;-257.50970458984375;-259.96142578125;-272.1422119140625;-21.045568466186523;50.961368560791016;44.00252151489258;0.9537603259086609;0.9603608846664429;0.9735713005065918;49.96628189086914;819.25341796875;-788.7208251953125;82.37899017333984;0.9648428559303284;-1.3140000104904175;-1.2860000133514404;-1.2869999408721924;-3.88700008392334;251.39999389648438;249.3000030517578;248.60000610351562;433.6000061035156;431.1000061035156;433.0;-937.9000244140625;-310.3999938964844;-313.6000061035156;-315.3999938964844;-36.599998474121094;-64.9000015258789;14.699999809265137;13.600000381469727;947.5999755859375;317.8999938964844;313.8999938964844;315.70001220703125;-0.9990000128746033;-0.9779999852180481;0.9990000128746033;0.9980000257492065;49.900001525878906;MPPT;49.98244094848633;1.6670724153518677;1.6605098247528076;1.6783616542816162;250.18453979492188;248.1350860595703;247.45355224609375;431.39080810546875;428.6929016113281;431.6400451660156;1247.37548828125;-22.236112594604492;1247.5736083984375;99.98412322998047;242805.265625;1305.2242431640625;2016-07-16 17:15:00;1311.3040313465704;587.8717445893841;2.2305954375515844;314.2833893891722;104;-970.7945613304666;-1285.077950719639
2026-04-24 17:29:14;1.0790866613388062;1.0786654949188232;1.1109331846237183;230.9853057861328;231.73133850097656;232.3173370361328;400.54229736328125;401.7904357910156;401.1282043457031;251.5194091796875;251.1749725341797;259.25518798828125;-236.46942138671875;-240.2537384033203;-250.73655700683594;-17.89032554626465;52.94469451904297;46.1435432434082;0.9430364966392517;0.9547549486160278;0.9715388417243958;49.9835090637207;757.997802734375;-727.203857421875;72.05402374267578;0.9609025716781616;-1.2309999465942383;-1.2029999494552612;-1.2050000429153442;-3.6389999389648438;249.6999969482422;247.5;246.8000030517578;430.5;428.0;429.8999938964844;-872.4000244140625;-288.5;-290.29998779296875;-291.8999938964844;-41.900001525878906;-66.0;12.600000381469727;11.399999618530273;878.0;295.20001220703125;290.6000061035156;292.1000061035156;-0.9990000128746033;-0.9750000238418579;0.9990000128746033;0.9990000128746033;50.0;MPPT;49.99703598022461;1.6051055192947388;1.5975265502929688;1.609397053718567;248.5594024658203;246.5013885498047;245.84483337402344;428.5528564453125;425.906005859375;428.8339538574219;1188.34619140625;-16.74584197998047;1188.4642333984375;99.99006652832031;242805.265625;1244.5750732421875;2016-07-16 17:30:00;1253.3370841479111;587.4787370050987;2.1334169310318947;323.81062167733535;107;-904.4597207876175;-1228.2703424649528
2026-04-24 17:29:45;1.11845862865448;1.1166949272155762;1.1485933065414429;230.96478271484375;231.87037658691406;232.36505126953125;400.7868347167969;401.8218078613281;403.0180358886719;257.7303771972656;257.96044921875;266.9041748046875;-244.74932861328125;-248.25254821777344;-259.71868896484375;-25.629915237426758;45.53369903564453;38.32948684692383;0.9475252032279968;0.9630768299102783;0.977553129196167;49.97227478027344;783.9931640625;-753.9786376953125;73.1298599243164;0.9600560069084167;-1.2569999694824219;-1.2259999513626099;-1.2289999723434448;-3.7119998931884766;252.60000610351562;250.39999389648438;249.6999969482422;435.6000061035156;433.0;435.0;-901.4000244140625;-298.1000061035156;-299.29998779296875;-301.1000061035156;-44.599998474121094;-68.0999984741211;12.100000381469727;11.300000190734863;905.5999755859375;304.6000061035156;299.5;301.29998779296875;-0.9990000128746033;-0.9760000109672546;0.9990000128746033;0.9990000128746033;50.0;MPPT;49.98365783691406;1.5140697956085205;1.5065364837646484;1.518112063407898;251.4991912841797;249.3887176513672;248.78939819335938;433.67987060546875;430.95294189453125;433.8544616699219;1134.11865234375;-15.142394065856934;1134.2197265625;99.9910888671875;242805.265625;1189.1461181640625;2016-07-16 17:45:00;1195.371639501086;587.0857396078991;2.036110841832825;238.09265487685795;79;-933.3715518342065;-1171.4642067110644
2026-04-24 17:30:18;0.9813567996025085;0.9817715287208557;1.010846734046936;233.73812866210938;234.55316162109375;235.1620635986328;405.68975830078125;406.9134521484375;406.24627685546875;230.5578155517578;228.7141876220703;237.4368896484375;-214.29823303222656;-217.89422607421875;-229.48031616210938;-17.18892478942871;54.60093688964844;48.82497787475586;0.9349946975708008;0.9428499937057495;0.9610151648521423;50.00225067138672;697.6224975585938;-657.5245971679688;96.2756118774414;0.9450986385345459;-1.121999979019165;-1.097000002861023;-1.0989999771118164;-3.318000078201294;252.39999389648438;250.3000030517578;249.60000610351562;435.29998779296875;432.8999938964844;434.70001220703125;-802.2000122070312;-264.8999938964844;-266.79998779296875;-268.79998779296875;-11.699999809265137;-57.0;22.899999618530273;22.299999237060547;807.7999877929688;270.20001220703125;267.79998779296875;269.70001220703125;1.0;-0.9779999852180481;0.9959999918937683;0.9959999918937683;50.0;MPPT;50.02839660644531;1.4372307062149048;1.430457353591919;1.4412753582000732;251.36892700195312;249.35833740234375;248.69888305664062;433.5517578125;430.80035400390625;433.697998046875;1075.78466796875;-35.037322998046875;1076.3551025390625;99.94700622558594;242805.265625;1130.100830078125;2016-07-16 18:00:00;1137.4046923024268;586.6927320236136;1.9386718638550438;276.1880221330151;92;-838.4685763233632;-1114.6565984563783
2026-04-24 17:30:51;0.6927146911621094;0.6484453082084656;0.6678950190544128;233.75474548339844;234.46929931640625;235.1477813720703;405.5118408203125;406.7505798339844;406.0882263183594;159.0012969970703;153.23196411132812;157.86709594726562;-132.64654541015625;-136.22378540039062;-145.2102508544922;-33.22249221801758;36.3605842590332;31.558483123779297;0.8284397721290588;0.908940851688385;0.9369262456893921;50.02400207519531;465.8672790527344;-415.0059814453125;30.160127639770508;0.8870319724082947;-0.828000009059906;-0.7429999709129333;-0.7459999918937683;-2.316999912261963;252.10000610351562;250.0;249.3000030517578;434.79998779296875;432.3999938964844;434.20001220703125;-534.0999755859375;-175.3000030517578;-176.6999969482422;-179.1999969482422;-61.400001525878906;-73.9000015258789;5.199999809265137;7.099999904632568;545.2000122070312;189.0;176.8000030517578;179.3000030517578;-0.9940000176429749;-0.9229999780654907;0.9990000128746033;0.9990000128746033;50.0;MPPT;50.02865982055664;1.0716627836227417;1.064302921295166;1.0754731893539429;251.03201293945312;248.9698028564453;248.36257934570312;432.8219909667969;430.2292785644531;433.16162109375;800.986083984375;11.618181228637695;801.0703125;-99.98948669433594;242805.265625;847.9060668945312;2016-07-16 18:15:00;853.0527679509033;584.764866778385;1.458796204106076;266.66757079309974;88;-569.3241417987856;-835.9917125918853
2026-04-24 17:31:18;0.4016542434692383;0.27610722184181213;0.2602166533470154;233.45730590820312;234.19094848632812;234.95785522460938;405.1263122558594;406.4117431640625;405.6861877441406;96.11637115478516;64.83961486816406;60.841575622558594;-24.741968154907227;-24.175128936767578;-30.1444034576416;-39.65451431274414;26.204051971435547;27.752126693725586;0.253214955329895;0.3365425765514374;0.4391498565673828;50.03451156616211;225.58978271484375;-73.6959228515625;12.690332412719727;0.35042163729667664;-0.4869999885559082;-0.3400000035762787;-0.32199999690055847;-1.1490000486373901;251.60000610351562;249.5;248.8000030517578;433.8999938964844;431.5;433.29998779296875;-154.10000610351562;-48.400001525878906;-52.5;-55.5;-41.5;-66.69999694824219;11.800000190734863;13.399999618530273;194.1999969482422;83.0999984741211;53.79999923706055;57.099998474121094;-0.9700000286102295;-0.6159999966621399;0.9779999852180481;0.9779999852180481;50.0;MPPT;50.04446792602539;0.6896340250968933;0.6826011538505554;0.6934566497802734;250.10691833496094;248.43109130859375;247.71656799316406;431.5263977050781;429.2123718261719;431.8171691894531;513.7260131835938;2.339665174484253;513.7313842773438;-99.99895477294922;242805.265625;559.480224609375;2016-07-16 18:30:00;568.7023461512134;582.8370117202422;0.9757485106731462;352.3787566453293;117;-204.94954258285986;-557.3282992281892
2026-04-24 17:31:41;0.5240997076034546;0.37540948390960693;0.36176636815071106;233.40296936035156;234.12655639648438;234.8546142578125;404.86181640625;406.1887512207031;405.5457763671875;124.30224609375;87.65389251708984;86.07786560058594;73.70155334472656;66.34806060791016;66.61612701416016;-48.397708892822266;14.03930950164795;19.839553833007812;0.5957477688789368;0.7529587745666504;0.7856728434562683;50.05028533935547;296.3993225097656;206.10775756835938;-26.345922470092773;0.6969542503356934;0.4880000054836273;0.3490000069141388;0.3160000145435333;1.152999997138977;251.39999389648438;249.10000610351562;248.5;433.29998779296875;431.0;432.8999938964844;163.89999389648438;57.79999923706055;54.599998474121094;51.400001525878906;-29.0;-61.599998474121094;16.899999618530273;15.600000381469727;195.39999389648438;86.69999694824219;56.20000076293945;53.400001525878906;0.9739999771118164;0.6639999747276306;-0.9750000238418579;-0.9620000123977661;50.0;MPPT;50.05541229248047;0.3272234797477722;0.32048627734184265;0.33165231347084045;250.2106475830078;248.0818634033203;247.53219604492188;431.3860778808594;428.7097473144531;431.71588134765625;243.05487060546875;-4.276556015014648;243.09249877929688;99.9845199584961;242805.265625;283.64935302734375;2016-07-16 18:45:00;284.3504217996898;580.9091464750136;0.48949207208242923;400.0013561896496;133;121.33794282595358;-278.663413363696
2026-04-24 17:32:06;0.44185563921928406;0.2578231394290924;0.24069011211395264;233.500244140625;234.18936157226562;234.8811492919922;404.806640625;406.12957763671875;405.4703674316406;103.6490249633789;65.56405639648438;61.800601959228516;28.083707809448242;25.410961151123047;23.33673858642578;-40.645896911621094;20.987802505493164;26.17071533203125;0.2922930121421814;0.39519834518432617;0.39352038502693176;50.04878234863281;224.15545654296875;73.32642364501953;-1.3837623596191406;0.3434787094593048;0.4309999942779541;0.0729999989271164;0.07800000160932541;0.5820000171661377;251.3000030517578;249.10000610351562;248.5;433.29998779296875;430.8999938964844;432.79998779296875;11.899999618530273;6.900000095367432;4.599999904632568;1.2000000476837158;-22.0;-61.0;18.600000381469727;20.299999237060547;101.0;61.400001525878906;19.200000762939453;20.299999237060547;0.6600000262260437;0.1509999930858612;-0.31700000166893005;-0.08299999684095383;50.0;MPPT;50.06270980834961;0.23324568569660187;0.2272881716489792;0.23862837255001068;250.16661071777344;248.04226684570312;247.41172790527344;431.32733154296875;428.53790283203125;431.5785827636719;173.53823852539062;-2.9607901573181152;173.56349182128906;99.9854507446289;242805.265625;211.54910278320312;2016-07-17 05:15:00;224.88543042266784;580.5059823661544;0.38739554329144066;180.94960399262234;60;-39.43811782159213;-220.38772181421447
2026-04-24 17:32:29;0.45712968707084656;0.32211384177207947;0.3126661777496338;233.31085205078125;234.0978546142578;234.809326171875;404.9061584472656;406.0375671386719;405.4820556640625;104.69512939453125;75.4694595336914;73.87885284423828;-47.186622619628906;-46.87369918823242;-52.67491149902344;-36.03340148925781;29.63043212890625;29.600900650024414;0.46915778517723083;0.6098078489303589;0.7087118029594421;50.038265228271484;257.7720947265625;-148.3874969482422;23.20288848876953;0.5756538510322571;-0.531000018119812;-0.40700000524520874;-0.39500001072883606;-1.3329999446868896;251.89999389648438;249.60000610351562;249.10000610351562;434.29998779296875;431.79998779296875;433.79998779296875;-240.89999389648438;-78.0;-80.80000305175781;-83.5999984741211;-43.70000076293945;-68.19999694824219;10.699999809265137;13.600000381469727;269.8999938964844;103.5999984741211;81.5999984741211;84.69999694824219;-0.9869999885559082;-0.765999972820282;0.9890000224113464;0.9860000014305115;50.0;MPPT;50.046897888183594;0.5326057076454163;0.5258545875549316;0.5370413661003113;250.767822265625;248.5456085205078;248.0337371826172;432.2523498535156;429.5254211425781;432.6722717285156;397.39385986328125;-0.9701977968215942;397.3950500488281;99.99970245361328;242805.265625;442.5606689453125;2016-07-17 05:30:00;449.7708608453357;582.030673315438;0.7727614393298089;152.38146902462842;50;-288.39397460380053;-440.77544362842895
2026-04-24 17:32:52;0.6313179731369019;0.589512050151825;0.6012504696846008;233.78289794921875;234.32923889160156;235.09425354003906;405.4383850097656;406.5296325683594;406.107421875;148.70826721191406;138.3204803466797;141.7313995361328;-117.13904571533203;-119.11945343017578;-127.27971649169922;-24.68312644958496;43.624534606933594;42.581748962402344;0.7913955450057983;0.848512589931488;0.8899867534637451;50.0510368347168;424.68841552734375;-357.39385986328125;68.64109802246094;0.8422719836235046;-0.7490000128746033;-0.6909999847412109;-0.6880000233650208;-2.128000020980835;252.3000030517578;249.8000030517578;249.39999389648438;434.79998779296875;432.29998779296875;434.3999938964844;-476.5;-156.0;-159.1999969482422;-161.89999389648438;-16.200000762939453;-58.70000076293945;20.899999618530273;21.5;491.20001220703125;167.1999969482422;160.5;163.39999389648438;-0.9990000128746033;-0.9350000023841858;0.9919999837875366;0.9909999966621399;50.0;MPPT;50.064517974853516;0.8309627771377563;0.8244238495826721;0.835486888885498;251.10438537597656;248.36126708984375;248.43580627441406;432.51385498046875;429.6736145019531;433.22515869140625;620.4085083007812;-25.07279396057129;620.9149780273438;99.9184341430664;242805.265625;669.4230346679688;2016-07-17 05:45:00;674.6547887161696;583.5553540776358;1.1561110424263437;142.85423673646523;47;-518.307456205381;-661.1616929418462
2026-04-24 17:33:16;0.8284541964530945;0.8038057088851929;0.8277667164802551;234.19552612304688;234.6454315185547;235.3181610107422;405.9573669433594;406.9231872558594;406.6356506347656;193.0216522216797;187.5943145751953;193.6938934326172;-171.58953857421875;-174.97482299804688;-186.28903198242188;-29.007320404052734;43.88442611694336;39.7888069152832;0.8958126306533813;0.9288002252578735;0.9522262215614319;50.03751754760742;576.51220703125;-534.7486572265625;59.94037628173828;0.9254915714263916;-0.972000002861023;-0.9210000038146973;-0.9240000247955322;-2.816999912261963;252.60000610351562;250.10000610351562;249.60000610351562;435.29998779296875;432.70001220703125;434.8999938964844;-666.2999877929688;-219.6999969482422;-221.89999389648438;-224.1999969482422;-42.0;-67.4000015258789;12.300000190734863;13.0;676.4000244140625;229.39999389648438;222.1999969482422;224.60000610351562;-0.9980000257492065;-0.9559999704360962;0.9980000257492065;0.9980000257492065;50.0;MPPT;50.049781799316406;1.1298234462738037;1.122749924659729;1.1337121725082397;251.5717010498047;248.99551391601562;248.68881225585938;433.48626708984375;430.4339294433594;433.837890625;845.6419677734375;-4.137602806091309;845.652099609375;99.9988021850586;242805.265625;891.3048706054688;2016-07-17 06:00:00;899.5402191388375;585.0800450269194;1.5374652182804318;180.94960399262234;60;-700.5998107634384;-881.5494147560607
2026-04-24 17:33:44;1.6526319980621338;1.6638455390930176;1.7086089849472046;233.97463989257812;234.39080810546875;235.13497924804688;405.5420837402344;406.6671142578125;406.2781677246094;386.12432861328125;390.3587341308594;401.83331298828125;-378.44769287109375;-382.42138671875;-398.1510314941406;0.0;66.58069610595703;56.69096755981445;0.981496274471283;0.9791712760925293;0.9876213669776917;50.02400207519531;1178.0567626953125;-1155.0533447265625;115.70262145996094;0.9799123406410217;-1.812000036239624;-1.8009999990463257;-1.8079999685287476;-5.421000003814697;252.6999969482422;250.3000030517578;249.6999969482422;435.70001220703125;433.1000061035156;435.20001220703125;-1337.0;-443.8999938964844;-445.70001220703125;-447.3999938964844;-32.29999923706055;-63.79999923706055;16.5;15.0;1342.0999755859375;448.3999938964844;445.3999938964844;447.1000061035156;1.0;-0.9890000224113464;1.0;1.0;50.0;MPPT;50.03717041015625;2.0446903705596924;2.0375969409942627;2.0489678382873535;251.79759216308594;249.520263671875;248.87106323242188;433.9821472167969;431.1658020019531;434.224609375;1533.173095703125;-3.570218086242676;1533.17724609375;99.9997329711914;242805.265625;1598.1060791015625;2016-07-17 06:15:00;1606.8740076897263;589.875666617429;2.7240893270003013;209.52451990886405;69;-1365.2120076270678;-1574.7365275359318
2026-04-24 17:34:13;2.5779638290405273;2.5984909534454346;2.661574125289917;233.77171325683594;234.31446838378906;234.90687561035156;405.32281494140625;406.22564697265625;405.751953125;602.6585083007812;609.0027465820312;625.6329345703125;-599.4639892578125;-603.0252685546875;-622.8031616210938;0.0;78.79696655273438;64.08927154541016;0.9955658912658691;0.9889757037162781;0.9948531985282898;50.02550506591797;1834.5;-1821.3956298828125;149.41201782226562;0.9934484958648682;-2.7300000190734863;-2.734999895095825;-2.747999906539917;-8.213000297546387;253.3000030517578;250.89999389648438;250.39999389648438;436.6000061035156;434.1000061035156;436.20001220703125;-2047.800048828125;-681.5999755859375;-683.5;-684.5999755859375;-43.400001525878906;-67.69999694824219;13.600000381469727;10.600000381469727;2054.39990234375;686.0;683.5999755859375;684.7000122070312;1.0;-0.9950000047683716;1.0;1.0;50.0;MPPT;50.03230667114258;2.955413579940796;2.9483482837677;2.959230899810791;252.48995971679688;250.23231506347656;249.69960021972656;435.1493835449219;432.5275573730469;435.563720703125;2222.781982421875;-6.430395603179932;2222.791259765625;99.99958038330078;242805.265625;2299.566650390625;2016-07-17 06:30:00;2314.215308999784;594.671339143368;3.8915870947024995;190.4768362807855;63;-2077.454166539003;-2267.9310028197883
2026-04-24 17:34:37;3.4706995487213135;3.498739719390869;3.5789029598236084;233.8688507080078;234.4975128173828;235.24945068359375;405.5411071777344;406.66998291015625;405.9950866699219;810.45654296875;819.0030517578125;840.14794921875;-808.7007446289062;-811.302734375;-836.5191040039062;26.87821388244629;100.01223754882812;80.92414093017578;0.9989877343177795;0.9922833442687988;0.9961988925933838;50.030757904052734;2472.25;-2461.69970703125;192.864990234375;0.9959200620651245;-3.621000051498413;-3.634000062942505;-3.6470000743865967;-10.902000427246094;254.3000030517578;251.8000030517578;251.3000030517578;438.29998779296875;435.79998779296875;437.8999938964844;-2740.300048828125;-913.2000122070312;-913.0999755859375;-913.9000244140625;-37.099998474121094;-65.80000305175781;16.299999237060547;12.300000190734863;2742.89990234375;915.7000122070312;913.0;914.0;1.0;-0.996999979019165;1.0;1.0;50.0;MPPT;50.03960037231445;3.8511483669281006;3.8438360691070557;3.855081558227539;253.39134216308594;251.0895233154297;250.62637329101562;436.63427734375;434.0994567871094;437.16302490234375;2910.164794921875;5.195847511291504;2910.16943359375;-99.99983978271484;242805.265625;2999.29345703125;2016-07-17 06:45:00;3021.556610309843;599.4670116693068;5.040405145724134;199.9972876207009;66;-2761.1281904829457;-2961.1254781036464
2026-04-24 17:35:01;4.302414417266846;4.327902317047119;4.421360969543457;233.93411254882812;234.6572265625;235.4654083251953;405.9638671875;407.33795166015625;406.67578125;1006.4207153320312;1015.4765625;1040.610595703125;-1006.7322998046875;-1008.8292846679688;-1038.1181640625;39.33400344848633;113.02043914794922;89.93864440917969;1.0;0.9939435124397278;0.9975747466087341;50.01499938964844;3062.3466796875;-3054.12646484375;229.7617950439453;0.9973157048225403;-4.449999809265137;-4.4730000495910645;-4.480999946594238;-13.404000282287598;255.10000610351562;252.8000030517578;252.10000610351562;439.79998779296875;437.20001220703125;439.20001220703125;-3378.300048828125;-1126.4000244140625;-1127.5999755859375;-1127.300048828125;-47.79999923706055;-70.4000015258789;13.899999618530273;8.600000381469727;3385.60009765625;1130.5;1127.699951171875;1127.300048828125;1.0;-0.9980000257492065;1.0;1.0;50.0;MPPT;50.02541732788086;4.748379230499268;4.740561008453369;4.752214431762695;254.35169982910156;252.11582946777344;251.51979064941406;438.39154052734375;435.8030090332031;438.6831970214844;3598.1591796875;-8.536471366882324;3598.169189453125;99.99972534179688;242805.265625;3705.830810546875;2016-07-17 07:00:00;3728.8979116199016;604.2626841952457;6.170988229375824;257.14033850493655;85;-3397.179614882567;-3654.3199533875036
2026-04-24 17:35:27;4.163297176361084;4.192652702331543;4.280978202819824;234.1547393798828;234.7963104248047;235.2941131591797;406.0166320800781;407.0419616699219;406.4346008300781;976.21533203125;984.231201171875;1008.4544677734375;-975.5486450195312;-978.4853515625;-1005.6223754882812;27.43323516845703;101.66020202636719;80.46244049072266;1.0;0.9949069619178772;0.9981696009635925;49.99700164794922;2965.57763671875;-2958.35009765625;224.83700561523438;0.9971768856048584;-4.318999767303467;-4.3429999351501465;-4.353000164031982;-13.015000343322754;254.6999969482422;252.39999389648438;251.6999969482422;439.1000061035156;436.6000061035156;438.70001220703125;-3281.300048828125;-1093.800048828125;-1094.0;-1093.4000244140625;-46.900001525878906;-70.0999984741211;14.0;9.199999809265137;3283.60009765625;1092.9000244140625;1091.0999755859375;1090.4000244140625;1.0;-0.9980000257492065;1.0;1.0;49.900001525878906;MPPT;50.012847900390625;4.61049222946167;4.602923393249512;4.614667892456055;253.88853454589844;251.6321563720703;251.10040283203125;437.6034851074219;435.035400390625;437.8743591308594;3487.392333984375;-27.970617294311523;3487.504638671875;99.99678039550781;242805.265625;3592.05029296875;2016-07-17 07:15:00;3617.303386918784;603.5060893305556;5.993814231321691;247.61988716502117;82;-3297.3374320153866;-3544.957319180408
2026-04-24 17:35:56;4.154142379760742;4.176197528839111;4.2676897048950195;233.95021057128906;234.6533660888672;235.4584197998047;405.8213806152344;407.17437744140625;406.4378967285156;970.8523559570312;979.258544921875;1003.8530883789062;-971.8759155273438;-975.0173950195312;-1003.06591796875;30.088130950927734;107.42386627197266;86.05754089355469;1.0;0.9930813312530518;0.9976626038551331;50.0202522277832;2955.450927734375;-2948.3837890625;228.48365783691406;0.9976111054420471;-4.300000190734863;-4.323999881744385;-4.331999778747559;-12.956999778747559;254.6999969482422;252.39999389648438;251.8000030517578;439.1000061035156;436.6000061035156;438.6000061035156;-3264.39990234375;-1088.699951171875;-1088.800048828125;-1088.5;-38.29999923706055;-67.0;16.899999618530273;11.699999809265137;3268.300048828125;1090.699951171875;1088.9000244140625;1088.5999755859375;1.0;-0.9980000257492065;1.0;1.0;50.0;MPPT;50.01889419555664;4.468134880065918;4.460219860076904;4.471761703491211;253.94149780273438;251.81227111816406;251.31515502929688;437.7851257324219;435.3691711425781;438.1354064941406;3381.55810546875;-10.890268325805664;3381.57568359375;99.99948120117188;242805.265625;3484.139892578125;2016-07-17 07:30:00;3505.723887736005;602.7495963367239;5.8162193870264245;152.38146902462842;50;-3283.2279409566563;-3435.609409981285
2026-04-24 17:36:22;3.987889051437378;4.020540714263916;4.108132362365723;234.0255584716797;234.6833953857422;235.34359741210938;405.8650207519531;407.0102844238281;406.36798095703125;934.9498901367188;942.728759765625;965.5671997070312;-935.00634765625;-937.5155029296875;-964.4618530273438;23.50434112548828;98.03812408447266;76.44319915771484;1.0;0.9943706393241882;0.998046875;49.9835090637207;2845.17138671875;-2838.186279296875;214.74317932128906;0.9970157146453857;-4.144999980926514;-4.164000034332275;-4.175000190734863;-12.484000205993652;254.8000030517578;252.1999969482422;251.89999389648438;439.0;436.5;438.79998779296875;-3142.0;-1047.5;-1048.199951171875;-1048.699951171875;-54.29999923706055;-72.5;11.699999809265137;6.400000095367432;3148.800048828125;1051.5999755859375;1048.300048828125;1048.800048828125;1.0;-0.9980000257492065;1.0;1.0;49.900001525878906;MPPT;49.993385314941406;4.329501628875732;4.321991443634033;4.333664417266846;253.9633331298828;251.58770751953125;251.09288024902344;437.69598388671875;434.9420166015625;437.91668701171875;3274.99951171875;-7.9299750328063965;3275.00927734375;99.99970245361328;242805.265625;3373.967041015625;2016-07-17 07:45:00;3394.129363034888;601.9930014720339;5.6381541890608915;161.9019203645438;53;-3164.3448554096462;-3326.24677577419
2026-04-24 17:36:45;3.857431173324585;3.88321590423584;3.9659159183502197;233.99774169921875;234.4355010986328;235.09481811523438;405.6556091308594;406.6253356933594;406.2269287109375;901.4386596679688;909.5808715820312;933.6116943359375;-903.2116088867188;-904.7548828125;-930.7814331054688;29.191144943237305;102.16905212402344;80.41732025146484;1.0;0.9932124614715576;0.997404932975769;49.98276138305664;2745.52197265625;-2736.92626953125;218.7485809326172;0.9965276718139648;-4.007999897003174;-4.0269999504089355;-4.0370001792907715;-12.071999549865723;254.39999389648438;252.0;251.3000030517578;438.5;435.79998779296875;437.8999938964844;-3036.60009765625;-1012.7999877929688;-1011.4000244140625;-1012.2999877929688;-44.70000076293945;-70.0;17.399999618530273;12.300000190734863;3042.0;1015.5;1013.2000122070312;1013.2000122070312;1.0;-0.9980000257492065;1.0;1.0;49.900001525878906;MPPT;49.993385314941406;4.195399761199951;4.188307762145996;4.198931694030762;253.2173614501953;251.18887329101562;250.57261657714844;436.6636962890625;434.067626953125;436.9385070800781;3166.36279296875;-10.675032615661621;3166.380859375;99.99942779541016;242805.265625;3263.60888671875;2016-07-17 08:00:00;3282.549863852109;601.2365084782022;5.459664903185296;161.9019203645438;53;-3054.9969462105228;-3216.8988665750667
2026-04-24 17:37:05;3.9941623210906982;4.02102518081665;4.109066486358643;233.9537353515625;234.51075744628906;235.2958221435547;405.7022399902344;406.8646240234375;406.3851623535156;936.2965698242188;944.6356201171875;969.7501831054688;-937.4727783203125;-939.7516479492188;-967.3206176757812;32.05778884887695;106.05137634277344;83.0384292602539;1.0;0.9933152198791504;0.99736088514328;49.99025344848633;2854.881103515625;-2845.685302734375;216.33795166015625;0.9967527389526367;-4.158999919891357;-4.185999870300293;-4.192999839782715;-12.538000106811523;254.5;252.10000610351562;251.5;438.70001220703125;436.1000061035156;438.20001220703125;-3149.39990234375;-1050.0;-1052.300048828125;-1052.0999755859375;-47.900001525878906;-69.5999984741211;13.5;8.199999809265137;3159.5;1055.0;1052.4000244140625;1052.0999755859375;1.0;-0.9980000257492065;1.0;1.0;49.900001525878906;MPPT;49.99775314331055;4.368340492248535;4.360470294952393;4.369271755218506;253.50254821777344;251.22462463378906;250.70208740234375;436.926025390625;434.2491760253906;437.27423095703125;3296.740234375;-8.8817138671875;3296.752197265625;99.9996337890625;242805.265625;3394.914794921875;2016-07-17 08:15:00;3421.5659595212537;602.1790176593133;5.681974727085271;180.94960399262234;60;-3172.185036338206;-3353.1346403308285
2026-04-24 17:37:28;4.26519250869751;4.294799327850342;4.387539863586426;233.96568298339844;234.71925354003906;235.36097717285156;405.963623046875;407.1578369140625;406.58660888671875;999.0750122070312;1006.2163696289062;1031.470458984375;-999.0750122070312;-1001.645263671875;-1030.4898681640625;33.992244720458984;108.80806732177734;85.94140625;1.0;0.9937898516654968;0.9987365007400513;49.99325180053711;3039.29638671875;-3031.782958984375;229.28158569335938;0.9973604679107666;-4.420000076293945;-4.443999767303467;-4.449999809265137;-13.314000129699707;254.6999969482422;252.3000030517578;251.6999969482422;439.0;436.3999938964844;438.3999938964844;-3354.60009765625;-1118.5;-1118.0;-1118.0;-47.5;-69.5999984741211;13.800000190734863;8.100000381469727;3356.89990234375;1120.699951171875;1120.800048828125;1120.800048828125;1.0;-0.9980000257492065;1.0;1.0;49.900001525878906;MPPT;50.00311279296875;4.541640281677246;4.534567356109619;4.545565128326416;253.60618591308594;251.42189025878906;250.88128662109375;437.1470642089844;434.5755310058594;437.5545654296875;3432.135986328125;-8.590429306030273;3432.146728515625;99.99968719482422;242805.265625;3537.142333984375;2016-07-17 08:30:00;3560.56702967206;603.1214249695661;5.90356581985415;114.28610176847131;38;-3375.0695873101477;-3489.355689078619
2026-04-24 17:37:53;4.406367301940918;4.42935848236084;4.523128032684326;233.65061950683594;234.3119659423828;235.0330810546875;405.2826232910156;406.443115234375;405.88592529296875;1030.5135498046875;1037.7156982421875;1062.4632568359375;-1030.5135498046875;-1032.1611328125;-1062.6695556640625;31.409090042114258;106.21673583984375;84.19953918457031;1.0;0.9942255020141602;0.9977800250053406;49.96553421020508;3132.97998046875;-3125.0458984375;247.45481872558594;0.997138261795044;-4.559999942779541;-4.586999893188477;-4.5920000076293945;-13.73900032043457;254.39999389648438;251.89999389648438;251.39999389648438;438.3999938964844;435.79998779296875;438.0;-3456.60009765625;-1152.800048828125;-1152.9000244140625;-1152.699951171875;-39.900001525878906;-67.4000015258789;17.200000762939453;10.100000381469727;3461.699951171875;1155.699951171875;1153.0999755859375;1152.800048828125;1.0;-0.9980000257492065;1.0;1.0;49.900001525878906;MPPT;49.981224060058594;4.722662925720215;4.714925765991211;4.726680278778076;253.669677734375;251.3102264404297;250.85494995117188;437.105712890625;434.44696044921875;437.5983581542969;3568.57080078125;-18.120649337768555;3568.61669921875;99.99871063232422;242805.265625;3675.359375;2016-07-17 08:45:00;3699.5831253412043;604.0639341506771;6.124489339928683;152.38146902462842;50;-3473.2099938097517;-3625.5914628343803
2026-04-24 17:38:19;4.320405960083008;4.344433784484863;4.436846733093262;234.05801391601562;234.68994140625;235.38211059570312;405.8924255371094;407.00909423828125;406.4756774902344;1013.7842407226562;1020.1859130859375;1044.892822265625;-1013.7842407226562;-1014.1892700195312;-1042.8009033203125;27.539857864379883;103.17988586425781;79.48764038085938;1.0;0.9946086406707764;0.9981561303138733;49.963287353515625;3080.18408203125;-3070.431640625;220.20040893554688;0.9973180294036865;-4.47599983215332;-4.499000072479248;-4.505000114440918;-13.479999542236328;254.8000030517578;252.3000030517578;251.8000030517578;439.1000061035156;436.5;438.70001220703125;-3398.199951171875;-1133.4000244140625;-1132.5999755859375;-1132.0999755859375;-58.70000076293945;-73.69999694824219;10.699999809265137;4.199999809265137;3400.699951171875;1135.800048828125;1132.5999755859375;1132.0999755859375;1.0;-0.9980000257492065;1.0;1.0;49.900001525878906;MPPT;49.978790283203125;4.899141311645508;4.891306400299072;4.903005599975586;252.6355743408203;252.01443481445312;251.04295349121094;436.4943542480469;435.06036376953125;437.3419189453125;3701.21923828125;-10.29017162322998;3701.233642578125;99.9996109008789;242805.265625;3813.398193359375;2016-07-17 09:00:00;3838.5841954920106;605.00634146093;6.34470076168598;342.8583053054139;114;-3418.9542062767564;-3761.8125115821704
2026-04-24 17:38:50;5.80297327041626;5.8210248947143555;5.9379706382751465;233.9198760986328;234.59449768066406;235.3782958984375;405.63641357421875;406.7784118652344;406.1910705566406;1360.797119140625;1365.4539794921875;1397.9468994140625;-1361.14892578125;-1360.4825439453125;-1397.444091796875;60.51287078857422;135.86241149902344;110.5050048828125;1.0;0.995290219783783;0.9992433786392212;49.9730224609375;4125.837890625;-4119.201171875;300.8770751953125;0.998257577419281;-5.952000141143799;-5.98799991607666;-5.992000102996826;-17.93199920654297;255.5;253.10000610351562;252.5;440.3999938964844;437.79998779296875;439.8999938964844;-4537.5;-1514.5999755859375;-1512.699951171875;-1511.5;-48.400001525878906;-69.5999984741211;15.199999809265137;5.900000095367432;4541.2998046875;1516.9000244140625;1512.800048828125;1511.5;1.0;-0.9990000128746033;1.0;1.0;49.900001525878906;MPPT;49.98243713378906;6.254064083099365;6.246275424957275;6.257967472076416;255.01605224609375;252.7900390625;252.29417419433594;439.5445556640625;436.9878234863281;440.0069885253906;4752.56298828125;-13.42086410522461;4752.58203125;99.99959564208984;242805.265625;4889.65576171875;2016-07-17 09:15:00;4921.7587870066;612.3501097658499;8.037491475078824;266.66757079309974;88;-4556.656040473368;-4823.323611266468
2026-04-24 17:39:16;7.138663291931152;7.152370452880859;7.288585662841797;234.01806640625;234.7809600830078;235.44366455078125;406.0196838378906;407.2102966308594;406.6080322265625;1675.079833984375;1678.0830078125;1716.6861572265625;-1673.058837890625;-1671.279052734375;-1714.4600830078125;78.83660125732422;154.3612518310547;123.66645812988281;1.0;0.9964139461517334;0.9995654821395874;49.964786529541016;5068.7119140625;-5057.17626953125;366.1209411621094;0.998111367225647;-7.258999824523926;-7.302000045776367;-7.308000087738037;-21.868999481201172;256.3999938964844;254.10000610351562;253.5;442.1000061035156;439.5;441.5;-5570.2998046875;-1859.699951171875;-1853.0999755859375;-1850.5;-43.5;-68.5;17.5;7.400000095367432;5561.5;1857.800048828125;1853.199951171875;1850.5;1.0;-0.9990000128746033;1.0;1.0;49.900001525878906;MPPT;49.97393035888672;7.608859062194824;7.6004414558410645;7.612496376037598;255.8826141357422;253.62158203125;253.17604064941406;441.0158996582031;438.4737854003906;441.5187072753906;5801.86962890625;-21.195064544677734;5801.908203125;99.99933624267578;242805.265625;5968.8662109375;2016-07-17 09:30:00;6004.9333785211875;619.6938780707696;9.690160885913123;295.23570576109364;98;-5589.599005189671;-5884.834710950764
2026-04-24 17:39:46;8.687358856201172;8.686566352844238;8.842741012573242;234.31666564941406;234.93447875976562;235.5821990966797;406.39300537109375;407.51861572265625;407.02227783203125;2039.3519287109375;2041.1842041015625;2082.674560546875;-2039.116943359375;-2034.5419921875;-2083.134765625;97.00748443603516;178.99163818359375;144.85113525390625;1.0;0.9966875314712524;1.0;49.96253967285156;6164.85205078125;-6158.1513671875;427.14410400390625;0.9988852739334106;-8.795999526977539;-8.845999717712402;-8.852999687194824;-26.4950008392334;257.8999938964844;255.5;254.8000030517578;444.6000061035156;441.8999938964844;444.0;-6773.0;-2262.89990234375;-2257.800048828125;-2253.699951171875;-53.29999923706055;-73.4000015258789;16.600000381469727;3.4000000953674316;6777.10009765625;2265.39990234375;2257.800048828125;2253.699951171875;1.0;-0.9990000128746033;1.0;1.0;49.900001525878906;MPPT;49.976688385009766;8.922481536865234;8.913834571838379;8.926102638244629;257.5570983886719;255.2796630859375;254.72007751464844;443.9944152832031;441.2097473144531;444.2501220703125;6847.10302734375;-25.277868270874023;6847.14990234375;99.99931335449219;242805.265625;7046.2900390625;2016-07-17 09:45:00;7088.107970035777;627.0376463756895;11.304118677730775;152.38146902462842;50;-6793.964341610433;-6946.345810635061
2026-04-24 17:40:19;10.012492179870605;10.015565872192383;10.200300216674805;234.31028747558594;234.9221954345703;235.52516174316406;406.4334716796875;407.4734191894531;407.00396728515625;2353.726806640625;2354.255859375;2402.808837890625;-2354.75927734375;-2349.9892578125;-2402.56640625;120.02615356445312;198.17153930664062;158.312744140625;1.0;0.9976141452789307;1.0;49.941585540771484;7111.283203125;-7105.4384765625;470.64105224609375;0.9990163445472717;-10.11299991607666;-10.17199993133545;-10.178000450134277;-30.46299934387207;258.6000061035156;256.1000061035156;255.39999389648438;445.70001220703125;442.8999938964844;445.1000061035156;-7812.89990234375;-2612.0;-2603.0;-2597.89990234375;-74.9000015258789;-81.5;10.600000381469727;-3.9000000953674316;7814.39990234375;2613.39990234375;2603.0;2597.89990234375;1.0;1.0;1.0;1.0;49.900001525878906;MPPT;49.94861602783203;10.268314361572266;10.259684562683105;10.271272659301758;258.2037658691406;255.73194885253906;255.26278686523438;444.9469909667969;442.0694885253906;445.28472900390625;7896.80908203125;-3.150895595550537;7896.8095703125;99.99999237060547;242805.265625;8122.421875;2016-07-17 10:00:00;8171.282561550365;634.3814146806094;12.880709258584353;161.9019203645438;53;-7845.954989954814;-8007.856910319358
2026-04-24 17:40:48;9.938946723937988;9.943940162658691;10.112075805664062;234.12689208984375;234.6493682861328;235.32501220703125;406.26104736328125;407.2567138671875;406.8658752441406;2332.36376953125;2333.42822265625;2378.838623046875;-2332.195556640625;-2325.871337890625;-2378.303955078125;124.92011260986328;204.5255126953125;167.7769012451172;1.0;0.9966758489608765;0.9992794394493103;49.970027923583984;7045.423828125;-7036.7373046875;511.6627197265625;0.9986889362335205;-10.026000022888184;-10.081999778747559;-10.08899974822998;-30.19700050354004;258.6000061035156;256.0;255.5;445.6000061035156;442.8999938964844;445.20001220703125;-7743.5;-2588.60009765625;-2579.199951171875;-2575.699951171875;-27.899999618530273;-64.69999694824219;25.5;11.199999809265137;7744.5;2589.39990234375;2579.300048828125;2575.699951171875;1.0;1.0;1.0;1.0;49.900001525878906;MPPT;49.980010986328125;10.146251678466797;10.138096809387207;10.149210929870605;258.0730895996094;255.670654296875;255.18370056152344;444.76995849609375;441.94110107421875;445.1194763183594;7800.12646484375;-47.53120040893555;7800.271484375;99.99813842773438;242805.265625;8027.708984375;2016-07-17 10:15:00;8077.252867787125;633.7439068492872;12.745294716826372;142.85423673646523;47;-7772.853573694917;-7915.707810431382
2026-04-24 17:41:17;9.739534378051758;9.757881164550781;9.92456340789795;234.2512969970703;234.69842529296875;235.2086639404297;405.85943603515625;406.9490661621094;406.4554443359375;2288.925537109375;2290.79248046875;2335.024658203125;-2287.953369140625;-2282.1015625;-2333.53857421875;120.5912857055664;201.99400329589844;165.62826538085938;1.0;0.9972093105316162;0.9997140765190125;49.963287353515625;6912.85400390625;-6904.4208984375;470.05499267578125;0.998671293258667;-9.842000007629395;-9.892999649047852;-9.906000137329102;-29.652999877929688;258.3999938964844;255.89999389648438;255.1999969482422;445.29998779296875;442.6000061035156;444.70001220703125;-7595.39990234375;-2539.300048828125;-2530.10009765625;-2526.199951171875;-59.5;-75.4000015258789;15.899999618530273;0.0;7599.2001953125;2541.300048828125;2531.5;2526.199951171875;1.0;1.0;1.0;1.0;49.900001525878906;MPPT;49.97270965576172;10.037314414978027;10.028820991516113;10.040146827697754;257.9342041015625;255.598876953125;255.10939025878906;444.590087890625;441.857666015625;444.8897705078125;7713.5;-4.5078125;7713.50146484375;99.99998474121094;242805.265625;7937.52783203125;2016-07-17 10:30:00;7983.238199542223;633.1065008888232;12.609629167185128;199.9972876207009;66;-7623.5761479306775;-7823.573435551379
2026-04-24 17:41:43;9.61699104309082;9.623783111572266;9.786748886108398;234.39015197753906;235.031494140625;235.72250366210938;406.371337890625;407.5021057128906;406.9014892578125;2260.378173828125;2260.96435546875;2306.4091796875;-2259.826171875;-2252.15576171875;-2306.03466796875;112.94572448730469;194.3332977294922;157.56800842285156;1.0;0.9973170757293701;1.0;49.95655059814453;6829.3935546875;-6821.826171875;448.615966796875;0.998756468296051;-9.722999572753906;-9.77400016784668;-9.781999588012695;-29.27899932861328;258.6000061035156;256.1000061035156;255.3000030517578;445.70001220703125;442.79998779296875;445.0;-7507.89990234375;-2510.199951171875;-2501.300048828125;-2495.800048828125;-79.0999984741211;-82.69999694824219;9.399999618530273;-5.900000095367432;7508.0;2510.699951171875;2501.39990234375;2495.800048828125;1.0;-0.9990000128746033;1.0;1.0;49.900001525878906;MPPT;49.961761474609375;9.914246559143066;9.91189956665039;9.92370319366455;258.0293273925781;255.67047119140625;255.0553436279297;444.79522705078125;441.8119201660156;444.9259033203125;7625.0849609375;6.825321674346924;7625.087890625;-99.99996185302734;242805.265625;7845.21240234375;2016-07-17 10:45:00;7889.223531297321;632.4690949283594;12.473690168514786;199.9972876207009;66;-7531.441773050673;-7731.439060671374
2026-04-24 17:42:09;9.51598072052002;9.521470069885254;9.684142112731934;234.44100952148438;234.9026336669922;235.5153350830078;406.35101318359375;407.3284912109375;406.7588806152344;2234.84326171875;2237.32861328125;2281.413818359375;-2236.088134765625;-2230.537841796875;-2281.09765625;117.85800170898438;197.90792846679688;161.37037658691406;1.0;0.9964599013328552;0.9997982382774353;49.9617919921875;6751.4443359375;-6747.8544921875;460.28057861328125;0.9989451169967651;-9.626999855041504;-9.675999641418457;-9.682999610900879;-28.986000061035156;258.29998779296875;255.8000030517578;255.10000610351562;445.20001220703125;442.3999938964844;444.6000061035156;-7423.60009765625;-2481.199951171875;-2474.0;-2469.199951171875;-60.400001525878906;-75.5999984741211;15.100000381469727;0.0;7426.5;2483.199951171875;2474.0;2469.199951171875;1.0;1.0;1.0;1.0;49.900001525878906;MPPT;49.971431732177734;9.792417526245117;9.7838716506958;9.795682907104492;257.93572998046875;255.5546417236328;254.9906768798828;444.5995788574219;441.67218017578125;444.7866516113281;7523.806640625;-22.077693939208984;7523.8388671875;99.99957275390625;242805.265625;7745.91357421875;2016-07-17 11:00:00;7795.193837534078;631.8315870970371;12.337455101523576;190.4768362807855;63;-7448.813124502611;-7639.289960783396
2026-04-24 17:42:36;8.949121475219727;8.957000732421875;9.114314079284668;233.88816833496094;234.77169799804688;235.1593017578125;405.7987976074219;407.01611328125;406.2366638183594;2097.84716796875;2103.00048828125;2145.290771484375;-2098.2568359375;-2094.176513671875;-2142.010009765625;106.03929901123047;184.3680419921875;148.4616241455078;1.0;0.9964342713356018;0.9995693564414978;49.957298278808594;6347.25390625;-6341.14892578125;421.23406982421875;0.9987900257110596;-9.055999755859375;-9.10099983215332;-9.111000061035156;-27.275999069213867;257.6000061035156;255.5;254.6999969482422;444.29998779296875;441.79998779296875;443.6000061035156;-6973.39990234375;-2329.60009765625;-2324.39990234375;-2319.300048828125;-74.5999984741211;-80.0999984741211;9.5;-4.099999904632568;6975.0;2330.89990234375;2324.60009765625;2319.5;1.0;-0.9990000128746033;1.0;1.0;49.900001525878906;MPPT;49.96733474731445;9.350015640258789;9.341225624084473;9.3533296585083;257.1922912597656;255.14035034179688;254.50732421875;443.54632568359375;440.91278076171875;443.75372314453125;7168.42529296875;-2.727530002593994;7168.42578125;99.99999237060547;242805.265625;7379.63232421875;2016-07-17 11:15:00;7421.659451635361;629.299077559378;11.793533021562524;276.1880221330151;92;-6997.038240469638;-7273.226262602653
2026-04-24 17:43:03;7.739735126495361;7.745703220367432;7.889930248260498;233.7423095703125;234.69552612304688;235.19313049316406;405.6435546875;406.79052734375;405.99627685546875;1813.1746826171875;1818.6534423828125;1857.4058837890625;-1812.1109619140625;-1809.1629638671875;-1852.2879638671875;87.28099060058594;165.48867797851562;132.59759521484375;1.0;0.9965182542800903;0.9988783001899719;49.97452163696289;5491.74853515625;-5480.3447265625;393.269287109375;0.9984205961227417;-7.86899995803833;-7.9079999923706055;-7.921000003814697;-23.697999954223633;256.3999938964844;254.1999969482422;253.39999389648438;442.1000061035156;439.5;441.5;-6029.39990234375;-2013.5;-2009.300048828125;-2005.4000244140625;-39.79999923706055;-68.0999984741211;20.5;7.699999809265137;6029.2998046875;2014.4000244140625;2009.4000244140625;2005.4000244140625;1.0;-0.9990000128746033;1.0;1.0;49.900001525878906;MPPT;49.983333587646484;8.912941932678223;8.904072761535645;8.916596412658691;255.937255859375;253.85824584960938;253.25509643554688;441.3243713378906;438.70196533203125;441.62152099609375;6799.5400390625;-18.005878448486328;6799.56396484375;99.99964904785156;242805.265625;7002.96240234375;2016-07-17 11:30:00;7048.140091254982;626.7666698925772;11.245237549825323;857.138982315287;285;-6050.038307114595;-6907.177289429882
2026-04-24 17:43:25;7.8014678955078125;7.815206050872803;7.956974506378174;233.8985137939453;234.5882568359375;235.3677978515625;405.8601989746094;407.1068420410156;406.51678466796875;1829.864501953125;1832.730712890625;1872.0780029296875;-1829.864501953125;-1826.877197265625;-1871.0450439453125;88.6894302368164;167.02142333984375;133.3446502685547;1.0;0.9962498545646667;0.9998368620872498;49.98276138305664;5536.87548828125;-5528.39990234375;382.362548828125;0.998263955116272;-7.915999889373779;-7.960999965667725;-7.968999862670898;-23.84600067138672;257.0;254.8000030517578;254.10000610351562;443.20001220703125;440.70001220703125;442.6000061035156;-6081.39990234375;-2030.9000244140625;-2026.0999755859375;-2022.699951171875;-58.599998474121094;-73.4000015258789;14.800000190734863;0.0;6080.7001953125;2031.800048828125;2026.0999755859375;2022.699951171875;1.0;-0.9990000128746033;1.0;1.0;49.900001525878906;MPPT;49.99009323120117;8.437651634216309;8.429055213928223;8.44174575805664;256.41876220703125;254.20582580566406;253.6678009033203;442.0484313964844;439.3211975097656;442.4319763183594;6451.69970703125;2.3133697509765625;6451.7001953125;-99.99999237060547;242805.265625;6638.921875;2016-07-17 11:45:00;6674.605705356263;624.2341603549181;10.692471077778427;438.0967234458067;146;-6103.016867803331;-6541.113591249137
2026-04-24 17:43:55;7.701539039611816;7.716971397399902;7.857436180114746;234.13075256347656;234.61376953125;235.46908569335938;406.2134704589844;407.3496398925781;406.7921447753906;1806.2354736328125;1811.4661865234375;1850.395263671875;-1806.5853271484375;-1803.735595703125;-1848.4659423828125;84.58515930175781;159.59796142578125;124.98495483398438;1.0;0.9962345361709595;0.9994924068450928;49.97227478027344;5465.13916015625;-5458.705078125;359.61834716796875;0.9985216856002808;-7.830999851226807;-7.879000186920166;-7.882999897003174;-23.593000411987305;256.79998779296875;254.3000030517578;253.6999969482422;442.6000061035156;439.8999938964844;442.1000061035156;-6006.2998046875;-2006.9000244140625;-2000.5;-1998.800048828125;-76.9000015258789;-80.80000305175781;9.100000381469727;-5.300000190734863;6001.2998046875;2006.0999755859375;1999.0;1996.0999755859375;1.0;-0.9990000128746033;1.0;1.0;49.900001525878906;MPPT;49.975868225097656;7.973659038543701;7.965047359466553;7.977083206176758;256.35498046875;254.05203247070312;253.58590698242188;441.9083557128906;439.065673828125;442.3067932128906;6090.4248046875;4.636816024780273;6090.4267578125;-99.99996948242188;242805.265625;6264.26904296875;2016-07-17 12:00:00;6301.0713194575455;621.701650817259;10.135201203301394;152.38146902462842;50;-6022.668424043766;-6175.049893068394
2026-04-24 17:44:22;7.864108085632324;7.87382698059082;8.022489547729492;234.0746612548828;234.78416442871094;235.4683074951172;406.07086181640625;407.24859619140625;406.6717834472656;1845.3905029296875;1848.5621337890625;1887.981689453125;-1844.2064208984375;-1840.8057861328125;-1886.8607177734375;94.19508361816406;174.4783935546875;138.9125213623047;1.0;0.9962291717529297;0.9999020099639893;49.96703338623047;5581.875;-5573.2216796875;380.2088317871094;0.9985985159873962;-7.973999977111816;-8.020000457763672;-8.027999877929688;-24.02199935913086;257.29998779296875;254.8000030517578;254.3000030517578;443.3999938964844;440.79998779296875;443.0;-6135.2998046875;-2049.5;-2041.5;-2039.4000244140625;-64.30000305175781;-77.69999694824219;13.300000190734863;0.0;6130.2001953125;2049.10009765625;2041.5;2039.4000244140625;1.0;-0.9990000128746033;1.0;1.0;49.900001525878906;MPPT;49.967529296875;8.082879066467285;8.074628829956055;8.086358070373535;256.6850891113281;254.2926025390625;253.8206329345703;442.41204833984375;439.4261169433594;442.8385314941406;6180.349609375;-5.591756343841553;6180.35205078125;99.99996185302734;242805.265625;6360.642578125;2016-07-17 12:15:00;6394.665273188965;622.3362043936901;10.275258337925168;114.28610176847131;38;-6152.485865956715;-6266.771967725186
2026-04-24 17:44:46;7.385714054107666;7.396718978881836;7.534908771514893;234.04225158691406;234.68504333496094;235.37924194335938;405.9169616699219;407.10107421875;406.60638427734375;1731.2677001953125;1735.3511962890625;1773.04833984375;-1729.43359375;-1726.3114013671875;-1769.599853515625;80.47827911376953;162.85250854492188;128.87599182128906;1.0;0.9954051375389099;0.9987756013870239;49.98126220703125;5242.6845703125;-5232.20556640625;381.2739562988281;0.9983004331588745;-7.517000198364258;-7.558000087738037;-7.565000057220459;-22.639999389648438;256.6000061035156;254.0;253.6999969482422;442.1000061035156;439.6000061035156;441.8999938964844;-5760.2001953125;-1924.5;-1917.9000244140625;-1917.800048828125;-36.79999923706055;-67.4000015258789;23.299999237060547;7.099999904632568;5761.60009765625;1925.699951171875;1918.0;1917.0;1.0;-0.9990000128746033;1.0;1.0;50.0;MPPT;49.99217224121094;8.211461067199707;8.203476905822754;8.214920043945312;256.3864440917969;253.9251708984375;253.5343475341797;441.85675048828125;438.8150939941406;442.35693359375;6270.8515625;-35.4195671081543;6270.95166015625;99.99840545654297;242805.265625;6453.9912109375;2016-07-17 12:30:00;6488.259226920387;622.9707579701213;10.415030150149638;580.9509601822718;193;-5777.543082199707;-6358.494042381979
2026-04-24 17:45:14;5.952513694763184;5.964953422546387;6.08627986907959;234.33689880371094;234.7852325439453;235.4633331298828;406.25152587890625;407.2307434082031;406.79998779296875;1400.483154296875;1404.109130859375;1437.3836669921875;-1401.6513671875;-1398.066650390625;-1436.7325439453125;57.22993850708008;134.76812744140625;106.30758666992188;1.0;0.9956489205360413;0.9995670318603516;49.98276138305664;4244.4482421875;-4235.572265625;300.78509521484375;0.9985365271568298;-6.10099983215332;-6.136000156402588;-6.14300012588501;-18.3799991607666;256.1000061035156;253.60000610351562;253.10000610351562;441.3999938964844;438.79998779296875;440.8999938964844;-4666.60009765625;-1558.5999755859375;-1553.699951171875;-1553.300048828125;-55.29999923706055;-73.0999984741211;14.199999809265137;3.5;4666.7998046875;1559.5999755859375;1553.800048828125;1553.300048828125;1.0;-0.9990000128746033;1.0;1.0;49.900001525878906;MPPT;49.99350357055664;8.362649917602539;8.354327201843262;8.365447998046875;255.4053497314453;253.0272674560547;252.67123413085938;440.2249450683594;437.36297607421875;440.6897888183594;6363.17626953125;-38.68498992919922;6363.2939453125;99.99815368652344;242805.265625;6547.9248046875;2016-07-17 12:45:00;6581.853180651808;623.6053115465525;10.554517510969708;1761.900564174894;587;-4688.315552863878;-6450.216117038772
2026-04-24 17:45:41;6.5619988441467285;6.582394123077393;6.710376739501953;234.0248565673828;234.5955810546875;235.2948455810547;405.71746826171875;406.7972717285156;406.265625;1538.2506103515625;1542.81494140625;1577.52197265625;-1538.5523681640625;-1536.9005126953125;-1575.90380859375;66.41246032714844;143.47756958007812;112.37283325195312;1.0;0.9962111115455627;0.9996891617774963;50.01499938964844;4659.84423828125;-4651.97509765625;300.93756103515625;0.9988337159156799;-6.714000225067139;-6.751999855041504;-6.756999969482422;-20.222999572753906;255.6999969482422;253.0;252.6999969482422;442.70001220703125;435.70001220703125;440.20001220703125;-5121.10009765625;-1710.300048828125;-1705.699951171875;-1705.5999755859375;-82.0;-83.0;6.900000095367432;-6.0;5125.10009765625;1713.699951171875;1705.699951171875;1705.699951171875;1.0;-0.9990000128746033;1.0;1.0;50.0;MPPT;50.01731872558594;8.486656188964844;8.478389739990234;8.490091323852539;255.1630401611328;252.81317138671875;252.3668670654297;439.8366394042969;436.9192810058594;440.2047424316406;6451.39404296875;2.599240303039551;6451.39453125;-99.99999237060547;242805.265625;6639.9677734375;2016-07-17 13:00:00;6675.447134383227;624.2398651229836;10.69372128783873;1400.0013561896496;466;-5141.936835505913;-6541.938191695563
2026-04-24 17:46:10;7.25054407119751;7.266528129577637;7.403122901916504;233.5517578125;233.9937286376953;234.7545623779297;404.9552917480469;405.9552307128906;405.665283203125;1696.59521484375;1700.33056640625;1737.2171630859375;-1696.5191650390625;-1692.4842529296875;-1733.29052734375;80.5304946899414;159.60084533691406;124.78360748291016;1.0;0.9961669445037842;0.9999229311943054;50.036766052246094;5133.68115234375;-5125.82470703125;358.8193664550781;0.998611330986023;-7.373000144958496;-7.421000003814697;-7.427000045776367;-22.22100067138672;256.0;253.60000610351562;252.89999389648438;441.29998779296875;438.6000061035156;440.70001220703125;-5640.89990234375;-1884.699951171875;-1879.0999755859375;-1876.4000244140625;-55.900001525878906;-72.30000305175781;16.399999618530273;0.0;5641.2998046875;1885.5999755859375;1879.199951171875;1876.4000244140625;1.0;-0.9990000128746033;1.0;1.0;50.0;MPPT;50.03717041015625;7.901943683624268;7.893464088439941;7.905303955078125;255.5090789794922;252.80625915527344;252.82992553710938;440.2208557128906;437.23211669921875;440.897705078125;6013.1669921875;1.0449762344360352;6013.1669921875;-100.0;242805.265625;6188.81005859375;2016-07-17 13:15:00;6221.556276409436;621.162550235067;10.015987399844063;438.0967234458067;146;-5659.02842743544;-6097.125150881247
2026-04-24 17:46:42;6.808647632598877;6.826967716217041;6.941834926605225;233.57913208007812;234.11715698242188;234.8927764892578;405.1678771972656;406.3144226074219;405.76385498046875;1592.732421875;1598.4093017578125;1632.783203125;-1593.58447265625;-1590.9661865234375;-1632.322998046875;67.70146179199219;145.47787475585938;114.89554595947266;1.0;0.9956007599830627;0.9994632601737976;50.021751403808594;4825.783203125;-4816.5888671875;352.359375;0.9985467195510864;-6.934999942779541;-6.9770002365112305;-6.978000164031982;-20.889999389648438;256.0;253.5;252.89999389648438;441.20001220703125;438.5;440.70001220703125;-5300.7001953125;-1770.4000244140625;-1766.5;-1763.9000244140625;-38.70000076293945;-67.5999984741211;21.100000381469727;7.699999809265137;5302.60009765625;1771.9000244140625;1766.5999755859375;1764.0;1.0;-0.9990000128746033;1.0;1.0;50.0;MPPT;50.037174224853516;7.3268842697143555;7.318659782409668;7.330509662628174;255.36988830566406;252.98663330078125;252.47918701171875;440.17572021484375;437.1329650878906;440.50433349609375;5573.171875;-28.522035598754883;5573.24462890625;99.99869537353516;242805.265625;5733.935546875;2016-07-17 13:30:00;5767.665418435642;618.0852353471504;9.331504926171236;333.33107301725073;111;-5318.981037049679;-5652.31211006693
2026-04-24 17:47:11;6.21892786026001;6.240939617156982;6.358766078948975;233.7288818359375;234.28646850585938;235.0462188720703;405.4375;406.3070068359375;406.0103454589844;1458.7938232421875;1463.7449951171875;1496.1468505859375;-1458.2794189453125;-1456.1251220703125;-1493.3050537109375;58.33705520629883;134.24070739746094;106.54597473144531;1.0;0.9955500364303589;0.9992609620094299;50.036014556884766;4416.6962890625;-4408.9423828125;318.25982666015625;0.9980992078781128;-6.357999801635742;-6.400000095367432;-6.4070000648498535;-19.165000915527344;255.60000610351562;253.3000030517578;252.60000610351562;440.70001220703125;438.1000061035156;440.1000061035156;-4856.7998046875;-1621.5;-1618.800048828125;-1616.4000244140625;-44.599998474121094;-69.19999694824219;17.799999237060547;6.699999809265137;4858.39990234375;1622.5999755859375;1618.300048828125;1616.0999755859375;1.0;-0.9990000128746033;1.0;1.0;50.0;MPPT;50.03873825073242;6.756119728088379;6.748299598693848;6.759753227233887;254.90866088867188;252.6082763671875;252.05429077148438;439.4241943359375;436.4455261230469;439.7561950683594;5130.48681640625;-14.576982498168945;5130.5078125;99.99958801269531;242805.265625;5280.6875;2016-07-17 13:45:00;5313.774560461851;615.0079204592338;8.640172563133808;333.33107301725073;111;-4874.167996235364;-5207.499069252614
2026-04-24 17:47:37;5.709179878234863;5.728789329528809;5.841768264770508;233.3435821533203;233.89077758789062;234.6020965576172;404.73980712890625;405.5919189453125;405.1573486328125;1334.0712890625;1340.1746826171875;1370.6060791015625;-1333.9625244140625;-1334.13916015625;-1369.698486328125;55.441856384277344;131.34217834472656;100.2890853881836;1.0;0.9955504536628723;0.9992313385009766;50.01350021362305;4040.58154296875;-4033.54150390625;287.4181213378906;0.997679591178894;-5.8460001945495605;-5.879000186920166;-5.886000156402588;-17.611000061035156;254.8000030517578;252.5;251.8000030517578;439.29998779296875;436.70001220703125;438.70001220703125;-4444.10009765625;-1483.4000244140625;-1481.5999755859375;-1480.300048828125;-53.599998474121094;-71.69999694824219;14.199999809265137;3.799999952316284;4447.7998046875;1485.699951171875;1481.699951171875;1480.300048828125;1.0;-0.9990000128746033;1.0;1.0;50.0;MPPT;50.026180267333984;6.200348854064941;6.192420482635498;6.2043538093566895;254.1046142578125;251.8336944580078;251.32435607910156;438.0340270996094;435.1590270996094;438.4310302734375;4694.2255859375;-11.541150093078613;4694.23974609375;99.99969482421875;242805.265625;4833.1181640625;2016-07-17 14:00:00;4859.883702488059;611.9306055713172;7.94188696927607;295.23570576109364;98;-4467.450322677204;-4762.686028438297
2026-04-24 17:48:03;5.038217544555664;5.058915615081787;5.163984775543213;233.75559997558594;234.59378051757812;235.02310180664062;405.7016296386719;406.6766357421875;406.11358642578125;1178.0382080078125;1186.4166259765625;1213.72314453125;-1179.29833984375;-1179.675537109375;-1211.1746826171875;41.9318733215332;120.57484436035156;92.79533386230469;1.0;0.9934453964233398;0.997421145439148;50.01649856567383;3580.52685546875;-3568.844482421875;263.3902587890625;0.9969152808189392;-5.176000118255615;-5.209000110626221;-5.2179999351501465;-15.602999687194824;254.8000030517578;252.5;251.8000030517578;439.29998779296875;436.70001220703125;438.70001220703125;-3938.89990234375;-1314.0;-1313.0999755859375;-1311.699951171875;-43.70000076293945;-69.0;17.5;7.800000190734863;3940.800048828125;1315.800048828125;1313.5;1313.0;1.0;-0.9990000128746033;1.0;1.0;50.0;MPPT;50.020145416259766;5.682149410247803;5.674174785614014;5.685537338256836;253.9567413330078;251.72010803222656;251.14784240722656;437.8751525878906;434.8898620605469;438.1012268066406;4299.1279296875;-11.11895751953125;4299.14208984375;99.99967193603516;242805.265625;4425.6201171875;2016-07-17 14:15:00;4455.682233660166;609.1901776118415;7.314107149802404;409.52180752956497;136;-3957.0467814573976;-4366.568588986963
2026-04-24 17:48:29;3.154726266860962;3.1839325428009033;3.2566325664520264;233.4504852294922;234.06454467773438;234.62948608398438;404.825927734375;405.7518615722656;405.33428955078125;736.5490112304688;744.2247924804688;763.6539306640625;-734.9385375976562;-737.9498291015625;-759.6896362304688;10.903948783874512;87.5796890258789;66.43980407714844;0.9963533282279968;0.9907460808753967;0.995093584060669;50.00674819946289;2247.141357421875;-2234.508056640625;160.26800537109375;0.9943296313285828;-3.312999963760376;-3.3320000171661377;-3.3320000171661377;-9.97700023651123;253.0;250.8000030517578;250.0;436.29998779296875;433.70001220703125;435.6000061035156;-2494.300048828125;-830.7999877929688;-832.0999755859375;-831.2000122070312;-65.0;-73.80000305175781;8.800000190734863;0.0;2497.10009765625;833.7000122070312;832.0999755859375;831.2000122070312;1.0;-0.9959999918937683;1.0;1.0;50.0;MPPT;50.011627197265625;5.205206394195557;5.197115898132324;5.208571434020996;252.0983123779297;249.82569885253906;249.2400360107422;434.6223449707031;431.5944519042969;434.8477478027344;3908.76904296875;9.02045726776123;3908.779541015625;-99.9997329711914;242805.265625;4027.19384765625;2016-07-17 14:30:00;4051.4957903506124;606.449851523224;6.680677355554535;1457.1444070738853;485;-2513.3214674697147;-3970.4658745436
2026-04-24 17:48:57;3.0369772911071777;3.0643117427825928;3.1301050186157227;233.31167602539062;233.7149658203125;234.4854736328125;404.4570007324219;405.5268859863281;405.214111328125;708.74755859375;716.4068603515625;733.7838745117188;-705.6510009765625;-708.9074096679688;-730.682373046875;12.990070343017578;83.73712158203125;64.89694213867188;0.9971204400062561;0.9905095100402832;0.9951841831207275;50.00749969482422;2158.83056640625;-2146.08642578125;156.38510131835938;0.994585394859314;-3.194999933242798;-3.203000068664551;-3.2109999656677246;-9.609000205993652;252.60000610351562;250.10000610351562;249.6999969482422;437.5;430.6000061035156;435.0;-2399.0;-799.5;-798.0;-798.7000122070312;-59.29999923706055;-72.9000015258789;9.5;4.0;2398.39990234375;801.5999755859375;798.0999755859375;798.7000122070312;1.0;-0.9959999918937683;1.0;1.0;50.0;MPPT;50.01527786254883;4.686033725738525;4.678256988525391;4.6895976066589355;252.01776123046875;249.67164611816406;249.19174194335938;434.4325866699219;431.37554931640625;434.76361083984375;3517.61474609375;-8.096420288085938;3517.6240234375;99.9997329711914;242805.265625;3627.19482421875;2016-07-17 14:45:00;3647.2943215227197;603.7094235637483;6.041473230602282;1152.3814690246286;384;-2421.966966067637;-3574.3484350922654
2026-04-24 17:49:28;3.740931510925293;3.7617077827453613;3.8472611904144287;233.0378875732422;233.45947265625;234.18856811523438;403.7783508300781;404.79180908203125;404.4825744628906;870.8543090820312;879.3827514648438;900.7476806640625;-870.30615234375;-872.7468872070312;-899.6829223632812;28.52236557006836;104.06634521484375;82.99305725097656;1.0;0.9925805330276489;0.997063398361206;50.01424789428711;2648.56201171875;-2638.638916015625;223.65216064453125;0.996112048625946;-3.882999897003174;-3.9030001163482666;-3.9140000343322754;-11.699999809265137;253.5;251.10000610351562;250.39999389648438;436.8999938964844;432.0;436.3999938964844;-2932.10009765625;-977.5999755859375;-977.0;-977.2999877929688;-23.899999618530273;-62.20000076293945;22.600000381469727;15.600000381469727;2934.5;979.5999755859375;977.2999877929688;979.7000122070312;1.0;-0.9980000257492065;1.0;1.0;50.0;MPPT;50.0278434753418;4.147566795349121;4.139987468719482;4.151556491851807;252.69873046875;250.3657989501953;249.73989868164062;435.61151123046875;432.4566650390625;435.833984375;3121.25;-28.36092185974121;3121.37890625;99.9958724975586;242805.265625;3222.21826171875;2016-07-17 15:00:00;3243.092852694827;600.9689956042724;5.396439544163019;219.0449712487794;73;-2959.186024392151;-3178.2309956409304
2026-04-24 17:50:01;3.1030826568603516;3.127340078353882;3.2031049728393555;233.15716552734375;233.78733825683594;234.59347534179688;404.6670837402344;405.7870788574219;405.2314453125;723.3973388671875;731.8270263671875;750.341796875;-722.9105834960938;-725.514892578125;-748.6297607421875;14.142545700073242;88.91983795166016;70.08560180664062;0.9994310140609741;0.9911661148071289;0.9967108964920044;50.00449752807617;2203.86669921875;-2194.756591796875;193.50299072265625;0.9943939447402954;-3.257999897003174;-3.2739999294281006;-3.2839999198913574;-9.815999984741211;253.10000610351562;250.6999969482422;250.1999969482422;436.29998779296875;433.70001220703125;435.79998779296875;-2452.5;-816.9000244140625;-817.0999755859375;-818.2999877929688;-19.399999618530273;-60.79999923706055;23.600000381469727;17.700000762939453;2455.300048828125;819.2000122070312;817.5;818.5;1.0;-0.996999979019165;1.0;1.0;50.0;MPPT;50.02622604370117;3.5447824001312256;3.537525177001953;3.548642635345459;252.2294158935547;249.99359130859375;249.3578643798828;434.8599853515625;431.9001770019531;435.20318603515625;2660.1943359375;-27.31934356689453;2660.334716796875;99.99472045898438;242805.265625;2749.853271484375;2016-07-17 15:15:00;2770.540300944437;597.7651571103312;4.634830698961383;238.09265487685795;79;-2477.0368400486905;-2715.1294949255484
2026-04-24 17:50:31;2.536703109741211;2.557600498199463;2.624940872192383;233.1419677734375;233.63624572753906;234.28213500976562;404.1343994140625;405.1637268066406;404.8994140625;591.5221557617188;599.1073608398438;616.0393676757812;-588.9967651367188;-591.4186401367188;-611.7314453125;9.228096961975098;84.75975799560547;68.91365814208984;0.9974888563156128;0.9875292181968689;0.9945859909057617;50.00674819946289;1806.2596435546875;-1792.30419921875;165.71298217773438;0.9929609894752502;-2.694000005722046;-2.700000047683716;-2.7109999656677246;-8.104999542236328;252.8000030517578;250.1999969482422;249.8000030517578;435.6000061035156;433.0;435.20001220703125;-2015.9000244140625;-671.0;-672.5;-674.0999755859375;-24.799999237060547;-61.79999923706055;21.0;16.0;2022.0;674.9000244140625;672.7999877929688;674.2000122070312;1.0;-0.9950000047683716;1.0;1.0;50.0;MPPT;50.01770782470703;2.937833786010742;2.9308133125305176;2.9419076442718506;252.01913452148438;249.39414978027344;249.1421356201172;434.2251892089844;431.037841796875;434.7445373535156;2204.17578125;-5.879722595214844;2204.18359375;99.99964904785156;242805.265625;2280.75146484375;2016-07-17 15:30:00;2297.987749194048;594.56131861639;3.8650138803878455;209.52451990886405;69;-2042.503474301303;-2252.027994210167
2026-04-24 17:51:02;1.8900288343429565;1.9131852388381958;1.9630587100982666;232.85317993164062;233.35226440429688;234.23974609375;403.7456970214844;405.01129150390625;404.5076599121094;439.331787109375;446.9823303222656;460.0826110839844;-435.4599914550781;-439.0672302246094;-456.3684387207031;0.0;67.5432357788086;55.19072723388672;0.989392101764679;0.9814109802246094;0.9900117516517639;50.01350021362305;1347.8287353515625;-1330.0758056640625;125.61309814453125;0.9877062439918518;-2.0480000972747803;-2.049999952316284;-2.0510001182556152;-6.14900016784668;252.1999969482422;249.6999969482422;249.1999969482422;434.6000061035156;432.0;434.20001220703125;-1524.5;-506.3999938964844;-506.8999938964844;-508.6000061035156;-35.29999923706055;-64.80000305175781;16.899999618530273;12.600000381469727;1525.4000244140625;509.3999938964844;507.20001220703125;508.79998779296875;1.0;-0.9919999837875366;1.0;1.0;50.0;MPPT;50.02257537841797;2.3313963413238525;2.3242220878601074;2.335000991821289;251.1489715576172;248.7205047607422;248.2782745361328;432.7894287109375;429.7880859375;433.2587585449219;1743.269775390625;-4.506821632385254;1743.275634765625;99.99966430664062;242805.265625;1811.6356201171875;2016-07-17 15:45:00;1825.4351974436586;591.3574801224488;3.086855681720094;238.09265487685795;79;-1550.8338386179273;-1788.9264934947853
2026-04-24 17:51:34;1.108481764793396;1.1247508525848389;1.1571886539459229;233.04627990722656;233.4142608642578;234.24038696289062;404.0123291015625;404.987060546875;404.7110290527344;258.7052001953125;262.55877685546875;272.2271423339844;-248.05308532714844;-252.08819580078125;-264.73394775390625;-19.086875915527344;51.993896484375;45.07472610473633;0.9569892883300781;0.9564078450202942;0.9734123349189758;50.01499938964844;793.7530517578125;-764.4632568359375;78.85314178466797;0.964932918548584;-1.2669999599456787;-1.24399995803833;-1.2510000467300415;-3.76200008392334;251.6999969482422;249.10000610351562;248.6999969482422;433.70001220703125;431.1000061035156;433.29998779296875;-912.7000122070312;-301.70001220703125;-303.5;-306.0;-39.70000076293945;-66.30000305175781;13.5;13.0;918.4000244140625;308.29998779296875;303.79998779296875;306.29998779296875;-0.9990000128746033;-0.9769999980926514;0.9990000128746033;0.9990000128746033;50.0;MPPT;50.02622604370117;1.7183674573898315;1.7113187313079834;1.7220971584320068;250.59510803222656;248.06663513183594;247.6867218017578;431.75372314453125;428.73077392578125;432.2349853515625;1281.595703125;-8.591039657592773;1281.62451171875;99.99774932861328;242805.265625;1340.6944580078125;2016-07-17 16:00:00;1352.8931635561062;588.1537129381084;2.3002373933809914;380.953672561571;126;-944.881627723413;-1325.835300284984
2026-04-24 17:52:06;1.1449365615844727;1.1549272537231445;1.1886262893676758;232.90863037109375;233.4540557861328;234.1865692138672;403.972900390625;405.0713806152344;404.7322692871094;268.81414794921875;271.5281066894531;280.0273132324219;-257.46820068359375;-261.0750427246094;-273.65167236328125;-18.595108032226562;52.6114616394043;45.407623291015625;0.9572440981864929;0.9633630514144897;0.9779858589172363;50.01124954223633;819.588134765625;-794.819091796875;65.02490234375;0.9676599502563477;-1.3179999589920044;-1.284999966621399;-1.2940000295639038;-3.8970000743865967;252.0;249.60000610351562;248.89999389648438;434.29998779296875;431.70001220703125;433.70001220703125;-944.0999755859375;-312.29998779296875;-314.8999938964844;-316.8999938964844;-58.099998474121094;-72.19999694824219;7.300000190734863;6.599999904632568;952.5;320.5;314.8999938964844;316.8999938964844;-0.9980000257492065;-0.9739999771118164;1.0;1.0;50.0;MPPT;50.015281677246094;1.5482505559921265;1.540954351425171;1.5525333881378174;250.84066772460938;248.49571228027344;247.92477416992188;432.23345947265625;429.36114501953125;432.7066345214844;1156.2110595703125;-0.757463276386261;1156.2113037109375;99.9999771118164;242805.265625;1211.53515625;2016-07-17 16:15:00;1220.5754439623292;587.2566177856331;2.0784362525615285;219.0449712487794;73;-977.1189638343033;-1196.1639350830826
2026-04-24 17:52:37;0.973525881767273;0.9676437377929688;0.9980467557907104;232.8317108154297;233.4743194580078;234.1635284423828;403.8314208984375;405.06341552734375;404.4893493652344;225.77134704589844;226.83975219726562;234.1571044921875;-211.14694213867188;-215.70339965820312;-226.61741638183594;-27.23383903503418;41.412723541259766;35.48654556274414;0.9376077055931091;0.9572163224220276;0.9702515602111816;49.985008239746094;685.10107421875;-654.403564453125;68.31208038330078;0.9532346725463867;-1.1260000467300415;-1.0950000286102295;-1.1009999513626099;-3.322000026702881;251.5;249.0;248.5;433.3999938964844;430.79998779296875;433.0;-795.4000244140625;-262.6000061035156;-265.1000061035156;-267.6000061035156;-41.20000076293945;-66.0999984741211;12.800000190734863;11.899999618530273;802.5;270.20001220703125;264.8999938964844;267.29998779296875;-0.9990000128746033;-0.9700000286102295;0.9990000128746033;0.9990000128746033;49.900001525878906;MPPT;49.99703598022461;1.3807164430618286;1.373768925666809;1.3842120170593262;250.39804077148438;247.6913604736328;247.57310485839844;431.2362060546875;428.16387939453125;432.1324462890625;1028.6204833984375;-2.6594765186309814;1028.6239013671875;99.99966430664062;242805.265625;1081.34375;2016-07-17 16:30:00;1088.2592269203865;586.3595328202438;1.8559589569323276;238.09265487685795;79;-828.4013875051207;-1066.4940423819787
2026-04-24 17:53:06;0.7723265290260315;0.7619369029998779;0.7875657081604004;232.6607208251953;233.28915405273438;233.8609619140625;403.6135559082031;404.7561340332031;404.1421203613281;178.59715270996094;177.5006561279297;183.68524169921875;-159.4190673828125;-163.0063934326172;-173.23800659179688;-22.142414093017578;47.545345306396484;44.8691291809082;0.8957546353340149;0.9113301634788513;0.9397537112236023;49.988006591796875;540.0535888671875;-496.1114807128906;74.13299560546875;0.9181933999061584;-0.9100000262260437;-0.871999979019165;-0.8809999823570251;-2.6630001068115234;251.3000030517578;249.0;248.3000030517578;433.20001220703125;430.6000061035156;432.6000061035156;-624.0;-205.1999969482422;-208.1999969482422;-210.89999389648438;-20.200000762939453;-59.20000076293945;19.399999618530273;19.5;634.7000122070312;213.60000610351562;209.10000610351562;211.8000030517578;-0.9990000128746033;-0.9599999785423279;0.9959999918937683;0.9959999918937683;49.900001525878906;MPPT;50.00068664550781;1.2085886001586914;1.2019083499908447;1.2122608423233032;250.20602416992188;247.90797424316406;247.2425994873047;431.2284240722656;428.1798095703125;431.59716796875;899.7662353515625;-20.30474090576172;899.9953002929688;99.97454833984375;242805.265625;948.6715698242188;2016-07-17 16:45:00;955.9415073266097;585.4624376677685;1.6327973339069728;276.1880221330151;92;-660.6346550470623;-936.8226771800774
2026-04-24 17:53:35;0.5988254547119141;0.5678444504737854;0.5853458046913147;232.93605041503906;233.48941040039062;234.07444763183594;403.92974853515625;404.83544921875;404.33856201171875;139.30914306640625;132.2893524169922;136.19888305664062;-110.97801208496094;-113.45979309082031;-123.08772277832031;-25.2779483795166;42.821632385253906;41.78351593017578;0.805966854095459;0.8522207140922546;0.8894203901290894;50.0;411.08740234375;-349.0301208496094;53.43769454956055;0.8554591536521912;-0.7319999933242798;-0.6759999990463257;-0.6800000071525574;-2.0880000591278076;251.39999389648438;249.0;248.3000030517578;433.29998779296875;430.6000061035156;432.70001220703125;-463.8999938964844;-151.6999969482422;-156.10000610351562;-159.0;-26.200000762939453;-60.20000076293945;17.799999237060547;16.100000381469727;481.3999938964844;164.39999389648438;157.10000610351562;159.8000030517578;-0.9980000257492065;-0.9240000247955322;0.9950000047683716;0.996999979019165;50.0;MPPT;49.99943161010742;1.034099817276001;1.0276424884796143;1.0377998352050781;250.5460662841797;248.19827270507812;247.56536865234375;431.759521484375;428.7671203613281;432.1263427734375;771.0283203125;-2.341010570526123;771.0318603515625;99.99954223632812;242805.265625;816.873046875;2016-07-17 17:00:00;823.6237877328331;584.5653425152933;1.4089507670586638;304.76293804925683;101;-502.3883739289196;-807.1513119781764
2026-04-24 17:54:06;0.5200319886207581;0.485721617937088;0.5036108493804932;232.92970275878906;233.32127380371094;234.01686096191406;403.7815246582031;404.6028747558594;404.2606201171875;122.10228729248047;114.26564025878906;115.61726379394531;-89.67962646484375;-91.91229248046875;-100.97989654541016;-30.212512969970703;37.151737213134766;34.516971588134766;0.7455230951309204;0.8191182613372803;0.8674003481864929;49.99924850463867;354.4976501464844;-283.44580078125;27.67523193359375;0.8126592040061951;-0.656000018119812;-0.5770000219345093;-0.574999988079071;-1.8079999685287476;251.5;249.10000610351562;248.3000030517578;433.5;430.70001220703125;432.79998779296875;-393.70001220703125;-128.0;-130.1999969482422;-132.8000030517578;-58.20000076293945;-72.19999694824219;6.5;7.5;409.1000061035156;145.6999969482422;130.3000030517578;133.0;-0.9890000224113464;-0.8679999709129333;0.9990000128746033;0.9980000257492065;50.0;MPPT;50.00189971923828;0.7570424675941467;0.7494774460792542;0.7611207962036133;250.42318725585938;248.0039825439453;247.27708435058594;431.45806884765625;428.3468017578125;431.79986572265625;563.41015625;16.601099014282227;563.6546630859375;-99.95661926269531;242805.265625;609.8941040039062;2016-07-17 17:15:00;617.7185920755417;583.1693348342307;1.0592439539900222;171.42915265270696;57;-433.9350675813238;-605.3642202340308
2026-04-24 17:54:34;0.40728721022605896;0.2814334034919739;0.2809881269931793;232.8655548095703;233.48468017578125;233.97239685058594;403.8492431640625;404.7579650878906;404.33282470703125;91.43006896972656;66.53672790527344;65.54743194580078;-31.764053344726562;-31.757797241210938;-37.52205276489258;-37.77227783203125;27.13477325439453;28.403419494628906;0.34274810552597046;0.47491416335105896;0.5449413061141968;49.97976303100586;228.62649536132812;-99.22329711914062;37.703285217285156;0.42229992151260376;-0.4690000116825104;-0.35499998927116394;-0.3499999940395355;-1.1740000247955322;251.1999969482422;248.6999969482422;247.89999389648438;432.8999938964844;430.0;431.8999938964844;-187.89999389648438;-59.20000076293945;-62.70000076293945;-65.9000015258789;-20.700000762939453;-59.70000076293945;17.799999237060547;21.100000381469727;218.60000610351562;84.19999694824219;65.19999694824219;69.19999694824219;-0.9980000257492065;-0.722000002861023;0.9470000267028809;0.9430000185966492;50.0;MPPT;50.003116607666016;0.4927861988544464;0.487562358379364;0.4983300268650055;249.865966796875;247.5589141845703;246.74685668945312;430.5982666015625;427.5312805175781;430.8213806152344;365.379150390625;-29.92486572265625;366.6025390625;99.66629028320312;242805.265625;409.80157470703125;2016-07-17 17:30:00;411.81189386641654;581.7733169660821;0.7078562764170663;171.42915265270696;57;-232.14650333638124;-403.5756559890882
2026-04-24 17:55:00;0.47232577204704285;0.3183349072933197;0.3035355508327484;232.75709533691406;233.26654052734375;233.6821746826172;403.4919128417969;404.3619079589844;403.8672180175781;112.4931869506836;72.89474487304688;69.5052719116211;54.83626937866211;47.19499588012695;46.97701644897461;-56.83123779296875;0.0;6.728293418884277;0.4821411967277527;0.6472787261009216;0.684365451335907;49.98426055908203;257.96630859375;151.5552978515625;-22.840730667114258;0.5756018757820129;0.46299999952316284;0.29499998688697815;0.26499998569488525;1.0230000019073486;250.60000610351562;248.1999969482422;247.3000030517578;431.8999938964844;429.1000061035156;431.1000061035156;105.69999694824219;38.900001525878906;35.20000076293945;31.5;-45.20000076293945;-68.4000015258789;8.699999809265137;14.399999618530273;149.8000030517578;78.69999694824219;36.29999923706055;35.099998474121094;0.9309999942779541;0.5009999871253967;-0.9520000219345093;-0.9120000004768372;50.0;MPPT;49.987308502197266;0.2292470932006836;0.2220747023820877;0.23386026918888092;249.50318908691406;247.20089721679688;246.32814025878906;430.00238037109375;426.86029052734375;430.11444091796875;169.14205932617188;2.8465614318847656;169.166015625;-99.98583984375;242805.265625;208.93421936035156;2016-07-17 17:45:00;205.90669820912518;580.3773092850194;0.3547807519608004;266.66757079309974;88;64.87900654815707;-201.78856424494268
2026-04-24 17:55:29;0.39569681882858276;0.2460923194885254;0.23707689344882965;232.685546875;233.07090759277344;233.9470672607422;403.63507080078125;404.6607666015625;404.2040100097656;89.09638214111328;58.11797332763672;57.299560546875;-6.529818058013916;-7.885112762451172;-14.850218772888184;-40.85725784301758;21.464202880859375;22.09001922607422;0.08913294970989227;0.14245256781578064;0.26245594024658203;49.9730224609375;207.60247802734375;-28.615312576293945;8.891759872436523;0.1370798945426941;-0.4440000057220459;-0.29600000381469727;-0.28200000524520874;-1.0219999551773071;251.0;248.6999969482422;247.8000030517578;432.70001220703125;429.8999938964844;431.8999938964844;-111.9000015258789;-33.79999923706055;-37.400001525878906;-40.599998474121094;-37.29999923706055;-64.5999984741211;13.0;13.699999809265137;157.60000610351562;73.9000015258789;40.099998474121094;43.5;-0.9440000057220459;-0.47200000286102295;0.9559999704360962;0.949999988079071;49.900001525878906;MPPT;49.97514343261719;0.3800903856754303;0.37263911962509155;0.38399702310562134;249.7864990234375;247.61965942382812;246.76834106445312;430.61688232421875;427.6256408691406;430.7123718261719;281.6864013671875;4.64031982421875;281.724609375;-99.98643493652344;242805.265625;323.6597900390625;2016-07-18 13:15:00;321.4904980291529;581.1609508625914;0.5531866818511787;161.9019203645438;53;-153.15876770402605;-315.06068806856985
2026-04-24 17:56:01;0.505486011505127;0.44096237421035767;0.45092201232910156;232.70631408691406;233.12095642089844;233.91690063476562;403.4818115234375;404.3214416503906;403.8360900878906;116.27586364746094;102.34571075439453;105.21758270263672;-77.5503921508789;-78.94673156738281;-87.34580993652344;-31.607284545898438;35.168060302734375;34.20021057128906;0.6768929958343506;0.7662208676338196;0.8124765157699585;49.9730224609375;324.9713134765625;-246.03057861328125;49.41361999511719;0.7603214383125305;-0.6069999933242798;-0.5370000004768372;-0.5350000262260437;-1.6790000200271606;251.10000610351562;248.6999969482422;248.0;432.79998779296875;430.1000061035156;432.20001220703125;-354.1000061035156;-114.9000015258789;-117.80000305175781;-120.9000015258789;-22.399999618530273;-60.400001525878906;17.600000381469727;20.200000762939453;371.29998779296875;129.60000610351562;119.0999984741211;122.5;-0.9980000257492065;-0.8920000195503235;0.9869999885559082;0.984000027179718;49.900001525878906;MPPT;49.99180603027344;0.7976382970809937;0.7916046977043152;0.8023099899291992;250.04713439941406;247.8358917236328;247.0985565185547;430.917236328125;428.1471252441406;431.2884216308594;593.1560668945312;-27.298690795898438;593.783935546875;99.89425659179688;242805.265625;639.8229370117188;2016-07-18 13:30:00;642.9794935064718;583.3406001212263;1.1022368293461002;238.09265487685795;79;-392.02724875948445;-630.1199036363424
2026-04-24 17:56:28;0.7957639098167419;0.7800053358078003;0.8088338375091553;233.07101440429688;233.62191772460938;234.2266845703125;404.0285339355469;405.0539245605469;404.54107666015625;183.56727600097656;183.2540283203125;190.2843780517578;-165.8612060546875;-169.6436767578125;-179.82447814941406;-21.303525924682617;45.37489318847656;40.64576721191406;0.9015907645225525;0.92612624168396;0.9469782710075378;49.96553421020508;558.6342163085938;-517.8897094726562;50.61792755126953;0.9267778992652893;-0.9409999847412109;-0.8980000019073486;-0.9070000052452087;-2.746000051498413;251.5;249.1999969482422;248.39999389648438;433.6000061035156;430.8999938964844;432.8999938964844;-647.2999877929688;-212.8000030517578;-215.39999389648438;-217.8000030517578;-40.900001525878906;-66.4000015258789;12.5;12.899999618530273;656.5999755859375;222.5;215.8000030517578;218.10000610351562;-0.996999979019165;-0.9490000009536743;0.9990000128746033;0.9990000128746033;49.900001525878906;MPPT;49.97336196899414;1.2197353839874268;1.2127832174301147;1.2234811782836914;250.45083618164062;248.19024658203125;247.5386199951172;431.6292724609375;428.8751525878906;431.8579406738281;910.914794921875;15.081693649291992;911.0396728515625;-99.98628997802734;242805.265625;957.9531860351562;2016-07-18 13:45:00;964.4699915356248;585.520259566947;1.6472017420011231;266.66757079309974;88;-678.5130209118124;-945.1805917049122
2026-04-24 17:57:03;1.1556860208511353;1.1691856384277344;1.2059910297393799;233.198974609375;233.6481475830078;234.24520874023438;404.2001037597656;404.8498840332031;404.60784912109375;270.25238037109375;272.2178039550781;283.05242919921875;-259.6404113769531;-263.8627014160156;-276.7745361328125;-23.981380462646484;47.7984619140625;40.623207092285156;0.960165798664093;0.965585470199585;0.9778499603271484;49.96703338623047;824.8352661132812;-799.7012939453125;78.64173889160156;0.9692665338516235;-1.315999984741211;-1.2979999780654907;-1.3020000457763672;-3.9159998893737793;251.8000030517578;249.3000030517578;248.8000030517578;433.8999938964844;431.29998779296875;433.5;-949.9000244140625;-314.0;-317.20001220703125;-319.20001220703125;-41.900001525878906;-66.9000015258789;12.699999809265137;12.300000190734863;958.2000122070312;321.20001220703125;317.5;319.3999938964844;-0.9990000128746033;-0.9769999980926514;1.0;1.0;49.900001525878906;MPPT;49.96541213989258;1.6348336935043335;1.627500295639038;1.6387437582015991;250.63832092285156;248.350341796875;247.736572265625;431.86883544921875;429.1326599121094;432.3711242675781;1219.87255859375;2.703416109085083;1219.8756103515625;-99.99974822998047;242805.265625;1277.601318359375;2016-07-18 14:00:00;1285.9589870129437;587.6999088255818;2.188121807918456;276.1880221330151;92;-984.0517851396697;-1260.2398072726849
